ward,year,item,location,cost,category
1,2024,Alley Apron Menu,1383 N WOLCOTT AVE,157172.86,Alleys
1,2024,Alley Apron Menu,2619 N WASHTENAW AVE,69430.67,Alleys
1,2024,Alley Resurfacing Menu,1402 N WESTERN AVE; N WESTERN AVE &  W HIRSCH ST&W LE MOYNE ST &  N ARTESIAN AVE,37991.0,Alleys
1,2024,Arterial Street Bump Outs Menu,N WESTERN AVE &  W BLOOMINGDALE AVE,23508.74,Pedestrian Infrastructure
1,2024,Curb & Gutter Menu,1415 N WOOD ST,43169.06,Street Resurfacing
1,2024,Curb & Gutter Menu,2002 N STAVE ST; 2540 W ARMITAGE AVE; W ARMITAGE AVE &  N STAVE ST,51408.61,Street Resurfacing
1,2024,Goethe Elementary School - New Playspace and Field,2236 N ROCKWELL ST,100000.0,Schools
1,2024,Installation of LED and pedestrian countdown traffic signals at N. California Ave. & W. Armitage Ave.,N CALIFORNIA AVE &  W ARMITAGE AVE,19957.74,Pedestrian Infrastructure
1,2024,LED Traffic Signal Upgrades & Pedestrian Countdown Signal,W ARMITAGE AVE &  N KEDZIE AVE,16987.88,Pedestrian Infrastructure
1,2024,Miscellaneous Other Projects,1425 N DAMEN AVE,175000.0,Misc.
1,2024,Park 399 Upgrades - 1420 N Artesian,1420 N ARTESIAN AVE,100000.0,Parks
1,2024,Sidewalk Menu,1347 N GREENVIEW AVE,11062.3,Sidewalk Repair
1,2024,Sidewalk Menu,1601-1699 W SUPERIOR ST,70098.09,Sidewalk Repair
1,2024,Speed Indicator Signs,2634 W LOGAN BLVD; 2909 W LOGAN BLVD,24000.0,Traffic Signals
1,2024,Street Bump Outs Menu,N CALIFORNIA AVE &  W CORTLAND ST,20463.11,Pedestrian Infrastructure
1,2024,Street Light Upgrade Menu,1502 N DAMEN AVE; 1530 N DAMEN AVE; 1542 N DAMEN AVE,1500.0,Lighting
1,2024,Street Resurfacing Menu,ON N BELL AVE FROM W LE MOYNE ST  (1500 N) TO W NORTH AVE  (1600 N); 1501-1599 N BELL AVE,41337.7,Street Resurfacing
1,2024,Street Resurfacing Menu,ON N WOOD ST FROM 1325 N TO W DIVISION ST  (1200 N),150689.86,Street Resurfacing
1,2024,Street Resurfacing Menu,ON W ERIE ST FROM N PAULINA ST  (1700 W) TO N WOOD ST  (1800 W),75102.45,Street Resurfacing
1,2024,Street Resurfacing Menu,ON W LE MOYNE ST FROM N CAMPBELL AVE  (2500 W) TO N MAPLEWOOD AVE  (2540 W),13319.57,Street Resurfacing
1,2024,Street Speed Hump Menu,ON N ARTESIAN AVE FROM W LE MOYNE ST  (1500 N) TO W NORTH AVE  (1600 N),4880.0,Street Resurfacing
1,2024,Street Speed Hump Menu,ON N FRANCISCO AVE FROM W SCHUBERT AVE  (2700 N) TO W DIVERSEY AVE  (2800 N),4880.0,Street Resurfacing
1,2024,Street Speed Hump Menu,ON N HERMITAGE AVE FROM W CHICAGO AVE  (800 N) TO W AUGUSTA BLVD  (1000 N),7320.0,Street Resurfacing
1,2024,Street Speed Hump Menu,ON N OAKLEY AVE FROM W LE MOYNE ST  (1500 N) TO W NORTH AVE  (1600 N),4880.0,Street Resurfacing
1,2024,Street Speed Hump Menu,ON N STAVE ST FROM W ARMITAGE AVE  (2000 N) TO N CALIFORNIA AVE  (2160 N),12200.0,Street Resurfacing
1,2024,Street Speed Hump Menu,ON N TALMAN AVE FROM W FULLERTON AVE  (2400 N) TO W LOGAN BLVD  (2600 N),9760.0,Street Resurfacing
1,2024,Street Speed Hump Menu,ON W BEACH AVE FROM N ASHLAND AVE  (1600 W) TO N WOOD ST  (1800 W),9760.0,Street Resurfacing
1,2024,Street Speed Hump Menu,ON W CORTEZ ST FROM N DAMEN AVE  (2000 W) TO N LEAVITT ST  (2200 W),9760.0,Street Resurfacing
1,2024,Street Speed Hump Menu,ON W CORTLAND ST FROM N ROCKWELL ST  (2600 W) TO N CALIFORNIA AVE  (2800 W),9760.0,Street Resurfacing
1,2024,Street Speed Hump Menu,ON W DICKENS AVE FROM N CALIFORNIA AVE  (2800 W) TO N HUMBOLDT BLVD E (3000 W),7320.0,Street Resurfacing
1,2024,Street Speed Hump Menu,ON W ERIE ST FROM N PAULINA ST  (1700 W) TO N WOOD ST  (1800 W),4880.0,Street Resurfacing
1,2024,Street Speed Hump Menu,ON W LE MOYNE ST FROM N WESTERN AVE  (2400 W) TO N MAPLEWOOD AVE  (2540 W),7320.0,Street Resurfacing
1,2024,Street Speed Hump Menu,ON W LYNDALE ST FROM N WESTERN AVE  (2400 W) TO N CAMPBELL AVE  (2500 W),2440.0,Street Resurfacing
1,2024,Street Speed Hump Menu,ON W MEDILL AVE FROM N MILWAUKEE AVE  (2840 W) TO N SACRAMENTO AVE  (3000 W),2440.0,Street Resurfacing
1,2024,Street Speed Hump Menu,ON W THOMAS ST FROM N DAMEN AVE  (2000 W) TO N LEAVITT ST  (2200 W),9760.0,Street Resurfacing
1,2024,Street Speed Hump Replacement,ON N BELL AVE FROM W LE MOYNE ST  (1500 N) TO W NORTH AVE  (1600 N); 1501-1599 N BELL AVE,0.0,Street Resurfacing
1,2024,Street Traffic Circle Menu,N ROCKWELL ST &  W CORTLAND ST,18365.38,Street Redesign
2,2024,Alley Resurfacing Menu,N CLARK ST &  W SCHILLER ST&W BURTON PL &  N DEARBORN ST,27810.45,Alleys
2,2024,Alley Resurfacing Menu,N HUDSON AVE &  W NORTH AVE&W BLACKHAWK ST &  N SEDGWICK ST,38625.63,Alleys
2,2024,Alley Resurfacing Menu,N MAGNOLIA AVE &  W WEBSTER AVE&W BELDEN AVE &  N RACINE AVE,40370.34,Alleys
2,2024,Alley Resurfacing Menu,N WELLS ST &  W GOETHE ST&W SCHILLER ST &  N LA SALLE DR,34499.24,Alleys
2,2024,Alley Speed Hump Menu,E ONTARIO ST &  N ST CLAIR ST&N FAIRBANKS CT &  E OHIO ST,2175.0,Alleys
2,2024,Alley Speed Hump Menu,N GREENVIEW AVE &  N CLYBOURN AVE&N JANSSEN AVE &  W BELDEN AVE,2175.0,Alleys
2,2024,Alley Speed Hump Menu,W FULLERTON AVE &  N JANSSEN AVE&N SOUTHPORT AVE &  W BELDEN AVE; 1425 W FULLERTON AVE,2900.0,Alleys
2,2024,Arterial Street Bump Outs Menu,N SOUTHPORT AVE &  W BELDEN AVE,400000.0,Pedestrian Infrastructure
2,2024,Concrete Alley Menu,N LARRABEE ST &  W NORTH AVE&W BLACKHAWK ST &  N MOHAWK ST,61080.84,Alleys
2,2024,Curb & Gutter Menu,161 W BURTON PL,4174.37,Street Resurfacing
2,2024,Curb & Gutter Menu,745 N FAIRBANKS CT; ON N FAIRBANKS CT FROM E SUPERIOR ST  (732 N) TO E CHICAGO AVE  (800 N),12676.67,Street Resurfacing
2,2024,Curb & Gutter Menu,ON E HURON ST FROM N MCCLURG CT  (400 E) TO N LAKE SHORE DR  (500 E),58975.44,Street Resurfacing
2,2024,"In-Road ""State Law Stop For Pedestrians"" Sign Menu",N HALSTED ST &  W BLACKHAWK ST,350.0,Pedestrian Infrastructure
2,2024,Miscellaneous CDOT Projects,N LA SALLE DR &  W BURTON PL,105000.0,Misc. CDOT
2,2024,Miscellaneous CDOT Projects,N LA SALLE DR &  W DELAWARE PL,120000.0,Misc. CDOT
2,2024,Miscellaneous CDOT Projects,ON W FULLERTON AVE FROM N JANSSEN AVE  (1430 W) TO N GREENVIEW AVE  (1500 W),4773.0,Misc. CDOT
2,2024,Sidewalk Menu,1250 N LA SALLE DR,23843.94,Sidewalk Repair
2,2024,Sidewalk Menu,1339 N DEARBORN ST,20115.81,Sidewalk Repair
2,2024,Sidewalk Menu,1554 N DEARBORN PKWY,12840.21,Sidewalk Repair
2,2024,Sidewalk Menu,2210 N SOUTHPORT AVE,21667.54,Sidewalk Repair
2,2024,Sidewalk Menu,W WEBSTER AVE &  N WAYNE AVE,31223.69,Sidewalk Repair
2,2024,Street Light Pole Painting Menu,ON N DEARBORN ST FROM W GOETHE ST  (1300 N) TO W SCHILLER ST  (1400 N),1800.0,Lighting
2,2024,Street Resurfacing Menu,ON E DELAWARE PL FROM N MICHIGAN AVE  (150 E) TO N LAKE SHORE DR  (300 E),156618.88,Street Resurfacing
2,2024,Street Resurfacing Menu,ON E LAKE SHORE DR FROM N LAKE SHORE DR RAMP  (330 N) TO N MICHIGAN AVE  (1000 N),55540.08,Street Resurfacing
2,2024,Street Resurfacing Menu,ON N MCCLURG CT FROM E OHIO ST  (600 N) TO E ERIE ST  (660 N),47031.91,Street Resurfacing
2,2024,Street Resurfacing Menu,ON N NORTH PARK AVE FROM W NORTH AVE  (1600 N) TO W EUGENIE ST  (1700 N),21704.35,Street Resurfacing
2,2024,Street Speed Hump Menu,ON N LAKEWOOD AVE FROM W BELDEN AVE  (2300 N) TO W FULLERTON AVE  (2400 N),2440.0,Street Resurfacing
2,2024,Street Speed Hump Menu,ON W CHESTNUT ST FROM N WELLS ST  (200 W) TO N FRANKLIN ST  (300 W),2440.0,Street Resurfacing
2,2024,Street Speed Hump Menu,ON W INSTITUTE PL FROM N WELLS ST  (200 W) TO N FRANKLIN ST  (300 W),2440.0,Street Resurfacing
3,2024,Alley Resurfacing Menu,E 44TH PL &  S VINCENNES AVE&E 45TH ST &  S ST LAWRENCE AVE,57146.97,Alleys
3,2024,Alley Resurfacing Menu,E 44TH ST &  S VINCENNES AVE; E 44TH ST &  S DR MARTIN LUTHER KING JR DR E; 436 E 44TH ST,50182.41,Alleys
3,2024,Alley Resurfacing Menu,S CALUMET AVE &  E 42ND ST&E 43RD ST &  S DR MARTIN LUTHER KING JR DR,46904.63,Alleys
3,2024,Alley Resurfacing Menu,S INDIANA AVE &  E 21ST ST&E CULLERTON ST &  S PRAIRIE AVE,17335.18,Alleys
3,2024,Alley Resurfacing Menu,S INDIANA AVE &  E 50TH ST&E 51ST ST &  S PRAIRIE AVE,31425.81,Alleys
3,2024,Alley Resurfacing Menu,S MICHIGAN AVE &  E 40TH ST&E PERSHING RD &  S INDIANA AVE,45297.8,Alleys
3,2024,Alley Resurfacing Menu,S STATE ST &  W 43RD ST&E 44TH ST &  S WABASH AVE,67066.03,Alleys
3,2024,Alley Resurfacing Menu,S VINCENNES AVE &  E 46TH PL&E 47TH ST &  S ST LAWRENCE AVE,44617.99,Alleys
3,2024,Alley Speed Hump Menu,E 16TH ST &  S MICHIGAN AVE&S INDIANA AVE &  E 18TH ST,2175.0,Alleys
3,2024,Alley Speed Hump Replacement,S CALUMET AVE &  E 42ND ST&E 43RD ST &  S DR MARTIN LUTHER KING JR DR,0.0,Alleys
3,2024,Arterial Street Bump Outs Menu,S INDIANA AVE &  E 14TH ST; ON S INDIANA AVE FROM E 14TH ST  (1400 S) TO E 15TH PL (1527 S),130000.0,Pedestrian Infrastructure
3,2024,Arterial Street Bump Outs Menu,S STATE ST &  E 14TH PL,28059.35,Pedestrian Infrastructure
3,2024,Curb & Gutter Menu,3800-3814 S DR MARTIN LUTHER KING JR DR,34004.2,Street Resurfacing
3,2024,Installation of Accessible Pedestrian Signals (APS) at S. Dr. Martin Luther King Jr. Dr. & E. 41st ST.,S DR MARTIN LUTHER KING JR DR &  E 41ST ST,76277.0,Pedestrian Infrastructure
3,2024,Miscellaneous CDOT Projects,5327 S PRAIRIE AVE,150.0,Misc. CDOT
3,2024,Pavement Markings Menu,S INDIANA AVE &  E 14TH ST; ON S INDIANA AVE FROM E 14TH ST  (1400 S) TO E 15TH PL (1527 S),4000.0,Street Redesign
3,2024,Sidewalk Menu,1310 S WABASH AVE,17451.31,Sidewalk Repair
3,2024,Sidewalk Menu,3330 S INDIANA AVE,8519.87,Sidewalk Repair
3,2024,Sidewalk Menu,4918 S INDIANA AVE; 4948 S INDIANA AVE; 4938 S INDIANA AVE,15984.4,Sidewalk Repair
3,2024,Sidewalk Menu,4938 S DR MARTIN LUTHER KING JR DR,3323.41,Sidewalk Repair
3,2024,Sidewalk Menu,ON S DR MARTIN LUTHER KING JR DR E FROM E 45TH ST  (4500 S) TO E 45TH PL  (4530 S),40557.73,Sidewalk Repair
3,2024,Speed Indicator Signs,ON S INDIANA AVE FROM E 14TH ST  (1400 S) TO E 15TH PL  (1527 S),28000.0,Traffic Signals
3,2024,Street Bump Outs Menu,W 16TH ST &  S DEARBORN ST,32000.0,Pedestrian Infrastructure
3,2024,Street Resurfacing Menu,3800-3814 S DR MARTIN LUTHER KING JR DR,11743.8,Street Resurfacing
3,2024,Street Resurfacing Menu,ON E 29TH ST FROM S STATE ST  (0 E) TO S MICHIGAN AVE  (100 E),82088.75,Street Resurfacing
3,2024,Street Resurfacing Menu,ON E 44TH PL FROM S VINCENNES AVE  (500 E) TO S ST LAWRENCE AVE  (600 E),52948.69,Street Resurfacing
3,2024,Street Resurfacing Menu,ON E 44TH ST FROM S STATE ST  (1 W) TO S INDIANA AVE  (200 E),67116.15,Street Resurfacing
3,2024,Street Resurfacing Menu,ON S CALUMET AVE FROM E 35TH ST  (3500 S) TO E 37TH ST  (3700 S),114792.51,Street Resurfacing
3,2024,Street Resurfacing Menu,ON S CHAMPLAIN AVE FROM E 45TH ST  (4500 S) TO E 46TH ST  (4600 S),30623.88,Street Resurfacing
3,2024,Street Resurfacing Menu,ON S VINCENNES AVE FROM E 47TH ST  (4699 S) TO E 49TH ST  (4899 S),152408.58,Street Resurfacing
3,2024,Street Resurfacing Menu,ON W 17TH ST FROM S STATE ST  (0 E) TO S CLARK ST  (120 W),84183.08,Street Resurfacing
3,2024,Street Resurfacing Menu,ON W 19TH ST FROM 12 W TO S CLARK ST  (120 W),88334.35,Street Resurfacing
3,2024,Street Speed Hump Replacement,ON S CALUMET AVE FROM E 35TH ST  (3500 S) TO E 37TH ST  (3700 S),0.0,Street Resurfacing
3,2024,Street Traffic Circle Menu,W 46TH ST &  S PRINCETON AVE,35000.0,Street Redesign
3,2024,Viaduct Improvement Menu,1178 S PLYMOUTH CT,281.11,Viaducts
4,2024,Alley Resurfacing Menu,S ELLIS AVE &  E 45TH ST&E 46TH ST &  S GREENWOOD AVE,23218.24,Alleys
4,2024,Alley Speed Hump Replacement,S ELLIS AVE &  E 45TH ST&E 46TH ST &  S GREENWOOD AVE,0.0,Alleys
4,2024,Arterial Street Bump Outs Menu,E 43RD ST &  S BERKELEY AVE,54641.69,Pedestrian Infrastructure
4,2024,Concrete Alley Menu,E 42ND PL &  S ST LAWRENCE AVE&S VINCENNES AVE &  E 43RD ST,548000.0,Alleys
4,2024,Concrete Alley Menu,S CHAMPLAIN AVE &  E 49TH ST&E 50TH PL &  S ST LAWRENCE AVE,7685.7,Alleys
4,2024,Concrete Alley Menu,S ELLIS AVE &  E 45TH ST&E 46TH ST &  S GREENWOOD AVE,266000.0,Alleys
4,2024,Curb & Gutter Menu,4830-4832 S DORCHESTER AVE,11331.57,Street Resurfacing
4,2024,Miscellaneous CDOT Projects,4210-4212 S CHAMPLAIN AVE,600.0,Misc. CDOT
4,2024,Miscellaneous CDOT Projects,4620 S LANGLEY AVE,150.0,Misc. CDOT
4,2024,Pavement Markings Menu,ON E 43RD ST FROM S DREXEL BLVD  (900 E) TO S GREENWOOD AVE  (1100 E),3750.0,Street Redesign
4,2024,Pavement Markings Menu,ON S COLUMBUS DR FROM E BALBO DR  (700 S) TO E ROOSEVELT DR  (1200 S),15000.0,Street Redesign
4,2024,Sidewalk Menu,4808 S EVANS AVE,5324.91,Sidewalk Repair
4,2024,Sidewalk Menu,E 8TH ST &  S STATE ST,28140.59,Sidewalk Repair
4,2024,Sidewalk Menu,ON E 48TH ST FROM S WOODLAWN AVE  (1200 E) TO S KIMBARK AVE  (1300 E),1988.56,Sidewalk Repair
4,2024,Street Bump Outs Menu,E 48TH ST &  S DORCHESTER AVE,26626.81,Pedestrian Infrastructure
4,2024,Street Bump Outs Menu,E HYDE PARK BLVD &  S UNIVERSITY AVE,5620.0,Pedestrian Infrastructure
4,2024,Street Cul-de-Sac Menu,4950 S GREENWOOD AVE; S GREENWOOD AVE &  E HYDE PARK BLVD,5481.9,Street Redesign
4,2024,Street Light Upgrade Menu,640 E OAKWOOD BLVD,500.0,Lighting
4,2024,Street Light Upgrade Menu,713 E 43RD ST,500.0,Lighting
4,2024,Street Resurfacing Menu,ON S CHAMPLAIN AVE FROM E 45TH ST  (4500 S) TO E 46TH ST  (4600 S),30623.88,Street Resurfacing
4,2024,Street Resurfacing Menu,ON S HOLDEN CT FROM E 8TH ST  (800 S) TO E 11TH ST  (1100 S),88379.74,Street Resurfacing
4,2024,Street Resurfacing Menu,ON S OAKENWALD AVE FROM E 43RD ST  (4300 S) TO E 44TH PL  (4430 S),102427.76,Street Resurfacing
4,2024,Street Resurfacing Menu,ON S PARK TER FROM 1199 S TO W 9TH ST  (900 S),82002.05,Street Resurfacing
4,2024,Street Resurfacing Menu,ON S PLYMOUTH CT FROM 1178 S TO W 9TH ST  (900 S),48672.61,Street Resurfacing
4,2024,Street Resurfacing Menu,ON S PLYMOUTH CT FROM 840 S TO W POLK ST  (800 S),26975.29,Street Resurfacing
4,2024,Street Speed Hump Menu,ON S INDIANA AVE FROM E 29TH ST  (2900 S) TO E 31ST ST  (3100 S),12200.0,Street Resurfacing
4,2024,Street Speed Hump Menu,ON S LAKE PARK AVE FROM E 44TH PL  (4440 S) TO E 47TH ST  (4699 S),5790.75,Street Resurfacing
4,2024,Street Speed Hump Menu,ON S RHODES AVE FROM E 31ST ST  (3100 S) TO E 33RD ST  (3300 S),12200.0,Street Resurfacing
4,2024,Street Speed Hump Replacement,ON S HOLDEN CT FROM E 8TH ST  (800 S) TO E 11TH ST  (1100 S),0.0,Street Resurfacing
4,2024,Street Speed Hump Replacement,ON S OAKENWALD AVE FROM E 43RD ST  (4300 S) TO E 44TH PL  (4430 S),0.0,Street Resurfacing
4,2024,Street Speed Hump Replacement,ON S PARK TER FROM 1199 S TO W 9TH ST  (900 S),0.0,Street Resurfacing
5,2024,Alley Resurfacing Menu,E 70TH ST &  S KIMBARK AVE&S WOODLAWN AVE &  E 71ST ST,18956.29,Alleys
5,2024,Alley Resurfacing Menu,S OGLESBY AVE &  E 72ND ST&E 73RD ST &  S CRANDON AVE,38052.8,Alleys
5,2024,Alley Resurfacing Menu,S WOODLAWN AVE &  E 55TH ST&E 56TH ST &  S KIMBARK AVE,40634.16,Alleys
5,2024,Installation of two concrete pads at Promontory Point for two additional bike racks.,5491 S JEAN BAPTISTE POINTE DUSABLE LAKE SHORE DR NB,15000.0,Bicycle Infrastructure
5,2024,Miscellaneous CDOT Projects,1558 E 68TH ST,660.0,Misc. CDOT
5,2024,Pavement Markings Menu,ON E HYDE PARK BLVD FROM S INGLESIDE AVE  (920 E) TO S WOODLAWN AVE  (1200 E),2500.0,Street Redesign
5,2024,Sidewalk Menu,ON E 73RD ST FROM 1148 E TO S UNIVERSITY AVE  (1130 E),21749.24,Sidewalk Repair
5,2024,Street Bump Outs Menu,E HYDE PARK BLVD &  S UNIVERSITY AVE,15152.86,Pedestrian Infrastructure
5,2024,Street Light Residential Staggered Piggy Back Menu,ON S MERRILL AVE FROM E 69TH ST  (6900 S) TO E 71ST ST  (7100 S),161478.0,Lighting
5,2024,Street Light Residential Staggered Piggy Back Menu,ON S UNIVERSITY AVE FROM E 73RD ST  (7300 S) TO E 74TH ST  (7400 S); ON E 74TH ST FROM S SOUTH CHICAGO AVE  (1100 E) TO S WOODLAWN AVE  (1199 E),170500.0,Lighting
5,2024,Street Resurfacing Menu,ON E 65TH ST FROM S BLACKSTONE AVE  (1500 E) TO S STONY ISLAND AVE  (1600 E),56391.64,Street Resurfacing
5,2024,Street Resurfacing Menu,ON E 66TH PL FROM S BLACKSTONE AVE  (1500 E) TO S STONY ISLAND AVE  (1600 E),63477.51,Street Resurfacing
5,2024,Street Resurfacing Menu,ON E 72ND PL FROM S EUCLID AVE  (1930 E) TO S MERRILL AVE  (2130 E),134783.03,Street Resurfacing
5,2024,Street Resurfacing Menu,ON S DANTE AVE FROM E 69TH ST  (6900 S) TO E 70TH ST  (7000 S),82218.05,Street Resurfacing
5,2024,Street Resurfacing Menu,ON S EAST END AVE FROM E 70TH ST  (7000 S) TO E 71ST ST  (7100 S),54281.74,Street Resurfacing
5,2024,Street Resurfacing Menu,ON S ELLIS AVE FROM E 53RD ST  (5300 S) TO E 54TH ST  (5400 S),47767.63,Street Resurfacing
5,2024,Street Resurfacing Menu,ON S EUCLID AVE FROM E 69TH ST  (6900 S) TO E 70TH ST  (7000 S),46775.45,Street Resurfacing
5,2024,Street Resurfacing Menu,ON S GREENWOOD AVE FROM E 53RD ST  (5300 S) TO E 55TH ST  (5500 S),165172.14,Street Resurfacing
5,2024,Street Resurfacing Menu,ON S GREENWOOD AVE FROM E 74TH ST  (7399 S) TO E 75TH ST  (7470 S),50561.01,Street Resurfacing
5,2024,Street Resurfacing Menu,ON S HARPER AVE FROM E 57TH ST  (5700 S) TO E 59TH ST  (5900 S),109291.87,Street Resurfacing
5,2024,Street Resurfacing Menu,ON S HARPER AVE FROM E 69TH ST  (6900 S) TO E 69TH PL  (6930 S),41063.85,Street Resurfacing
5,2024,Street Resurfacing Menu,ON S OGLESBY AVE FROM 7100 S TO E 72ND ST  (7200 S),42130.88,Street Resurfacing
5,2024,Street Resurfacing Menu,ON S OGLESBY AVE FROM E 68TH ST  (6800 S) TO E 69TH ST  (6900 S),54483.27,Street Resurfacing
5,2024,Street Resurfacing Menu,ON W 65TH PL FROM S BLACKSTONE AVE  (1500 E) TO S STONY ISLAND AVE  (1600 E),41778.57,Street Resurfacing
5,2024,Street Speed Hump Menu,5400 S RIDGEWOOD CT,7320.0,Street Resurfacing
5,2024,Street Speed Hump Menu,ON S BLACKSTONE AVE FROM E 58TH ST  (5800 S) TO E 59TH ST  (5900 S),4880.0,Street Resurfacing
5,2024,Street Speed Hump Menu,ON S HARPER AVE FROM E 56TH ST  (5600 S) TO E 57TH ST  (5700 S),7320.0,Street Resurfacing
5,2024,Street Speed Hump Replacement,ON E 66TH PL FROM S BLACKSTONE AVE  (1500 E) TO S STONY ISLAND AVE  (1600 E),0.0,Street Resurfacing
5,2024,Street Speed Hump Replacement,ON E 72ND PL FROM S EUCLID AVE  (1930 E) TO S MERRILL AVE  (2130 E),0.0,Street Resurfacing
5,2024,Street Speed Hump Replacement,ON S DANTE AVE FROM E 69TH ST  (6900 S) TO E 70TH ST  (7000 S),0.0,Street Resurfacing
5,2024,Street Speed Hump Replacement,ON S HARPER AVE FROM E 57TH ST  (5700 S) TO E 59TH ST  (5900 S),0.0,Street Resurfacing
5,2024,Street Speed Hump Replacement,ON S HARPER AVE FROM E 69TH ST  (6900 S) TO E 69TH PL  (6930 S),0.0,Street Resurfacing
6,2024,Curb & Gutter Menu,ON S DREXEL AVE FROM E 73RD ST  (7300 S) TO E 75TH ST  (7500 S),13150.84,Street Resurfacing
6,2024,Curb & Gutter Menu,ON S PRAIRIE AVE FROM E 82ND ST  (8200 S) TO E 84TH ST  (8400 S),4373.5,Street Resurfacing
6,2024,Miscellaneous CDOT Projects,311 E 75TH ST,660.0,Misc. CDOT
6,2024,Miscellaneous CDOT Projects,532 E 79TH ST,660.0,Misc. CDOT
6,2024,Miscellaneous CDOT Projects,8216 S VINCENNES AVE,660.0,Misc. CDOT
6,2024,Sidewalk Menu,6931 S SOUTH CHICAGO AVE,5137.72,Sidewalk Repair
6,2024,Sidewalk Menu,7835 S CALUMET AVE,9142.41,Sidewalk Repair
6,2024,Sidewalk Menu,8101 S STEWART AVE,22165.71,Sidewalk Repair
6,2024,Speed Indicator Signs,ON S COTTAGE GROVE AVE FROM E 77TH ST  (7700 S) TO E 78TH ST  (7800 S),15500.0,Traffic Signals
6,2024,Speed Indicator Signs,ON S HALSTED ST FROM W 81ST ST  (8100 S) TO W 82ND ST  (8200 S),15500.0,Traffic Signals
6,2024,Speed Indicator Signs,ON S WENTWORTH AVE FROM W 71ST ST  (7100 S) TO W 72ND ST  (7200 S),15500.0,Traffic Signals
6,2024,Street Bump Outs Menu,S ST LAWRENCE AVE &  E 75TH ST,15753.91,Pedestrian Infrastructure
6,2024,Street Cul-de-Sac Menu,8800 S STATE ST,300000.0,Street Redesign
6,2024,Street Light Upgrade Menu,7228 S WABASH AVE,500.0,Lighting
6,2024,Street Light Upgrade Menu,7938 S VERNON AVE,500.0,Lighting
6,2024,Street Light Upgrade Menu,9110 S INDIANA AVE,500.0,Lighting
6,2024,Street Light Upgrade Menu,9234 S MICHIGAN AVE; 9240 S MICHIGAN AVE,1000.0,Lighting
6,2024,Street Light Upgrade Menu,E 84TH ST &  S STATE ST&S WABASH AVE &  E 85TH ST,287.31,Lighting
6,2024,Street Resurfacing Menu,ON E 81ST ST FROM S PERRY AVE  (100 W) TO S HARVARD AVE  (330 W),153184.35,Street Resurfacing
6,2024,Street Resurfacing Menu,ON E 85TH ST FROM S MICHIGAN AVE  (100 E) TO S WABASH AVE  (50 E),58919.47,Street Resurfacing
6,2024,Street Resurfacing Menu,ON E 89TH ST FROM S CALUMET AVE  (340 E) TO S DR MARTIN LUTHER KING JR DR  (400 E),46104.02,Street Resurfacing
6,2024,Street Resurfacing Menu,ON E 91ST ST FROM S PRAIRIE AVE  (300 E) TO S DR MARTIN LUTHER KING JR DR  (400 E),94657.42,Street Resurfacing
6,2024,Street Resurfacing Menu,ON S DREXEL AVE FROM E 73RD ST  (7300 S) TO E 75TH ST  (7500 S),164787.66,Street Resurfacing
6,2024,Street Resurfacing Menu,ON S LANGLEY AVE FROM E 75TH ST  (7500 S) TO E 76TH ST  (7600 S),59511.71,Street Resurfacing
6,2024,Street Resurfacing Menu,ON S VERNON AVE FROM E 72ND ST  (7200 S) TO E 74TH ST  (7400 S),117026.83,Street Resurfacing
6,2024,Street Speed Hump Menu,ON E 69TH ST FROM S SOUTH CHICAGO AVE  (600 E) TO S COTTAGE GROVE AVE  (800 E),9760.0,Street Resurfacing
6,2024,Street Speed Hump Menu,ON E 72ND ST FROM S STATE ST  (0 E) TO S DR MARTIN LUTHER KING JR DR  (400 E),14640.0,Street Resurfacing
6,2024,Street Speed Hump Menu,ON E 73RD ST FROM S MICHIGAN AVE  (100 E) TO S COTTAGE GROVE AVE  (800 E),29280.0,Street Resurfacing
6,2024,Street Speed Hump Menu,ON E 78TH ST FROM S PRAIRIE AVE  (300 E) TO S CALUMET AVE  (340 E),2440.0,Street Resurfacing
6,2024,Street Speed Hump Menu,ON E 84TH ST FROM S CALUMET AVE  (340 E) TO S DR MARTIN LUTHER KING JR DR  (400 E),2440.0,Street Resurfacing
6,2024,Street Speed Hump Menu,ON E 84TH ST FROM S MICHIGAN AVE  (100 E) TO S PRAIRIE AVE  (300 E),4880.0,Street Resurfacing
6,2024,Street Speed Hump Menu,ON E 84TH ST FROM S VERNON AVE  (440 E) TO S ST LAWRENCE AVE  (599 E),4880.0,Street Resurfacing
6,2024,Street Speed Hump Menu,ON E 85TH ST FROM S INDIANA AVE  (200 E) TO S PRAIRIE AVE  (300 E),2440.0,Street Resurfacing
6,2024,Street Speed Hump Menu,ON E 85TH ST FROM S MICHIGAN AVE  (100 E) TO S WABASH AVE  (50 E),2440.0,Street Resurfacing
6,2024,Street Speed Hump Menu,ON E 86TH ST FROM S STATE ST  (0 E) TO S ST LAWRENCE AVE  (600 E),21960.0,Street Resurfacing
6,2024,Street Speed Hump Menu,ON E 90TH ST FROM S PRAIRIE AVE  (300 E) TO S CALUMET AVE  (340 E),2440.0,Street Resurfacing
6,2024,Street Speed Hump Menu,ON E 91ST ST FROM S PRAIRIE AVE  (300 E) TO S DR MARTIN LUTHER KING JR DR  (400 E),4880.0,Street Resurfacing
6,2024,Street Speed Hump Menu,ON S CALUMET AVE FROM E 75TH ST  (7500 S) TO E 76TH ST  (7600 S),4880.0,Street Resurfacing
6,2024,Street Speed Hump Menu,ON S CALUMET AVE FROM E 78TH ST  (7800 S) TO E 79TH ST  (7900 S),4880.0,Street Resurfacing
6,2024,Street Speed Hump Menu,ON S CALUMET AVE FROM E 85TH ST  (8500 S) TO E 86TH ST  (8600 S),4880.0,Street Resurfacing
6,2024,Street Speed Hump Menu,ON S CALUMET AVE FROM E 94TH ST  (9400 S) TO E 95TH ST  (9500 S),4880.0,Street Resurfacing
6,2024,Street Speed Hump Menu,ON S CHAMPLAIN AVE FROM E 78TH ST  (7800 S) TO E 79TH ST  (7900 S),4880.0,Street Resurfacing
6,2024,Street Speed Hump Menu,ON S CHAMPLAIN AVE FROM E 82ND ST  (8200 S) TO E 83RD ST  (8300 S),4880.0,Street Resurfacing
6,2024,Street Speed Hump Menu,ON S EBERHART AVE FROM E 75TH ST  (7500 S) TO E 76TH ST  (7600 S),4880.0,Street Resurfacing
6,2024,Street Speed Hump Menu,ON S EBERHART AVE FROM E 78TH ST  (7800 S) TO E 79TH ST  (7900 S),4880.0,Street Resurfacing
6,2024,Street Speed Hump Menu,ON S EBERHART AVE FROM E 79TH ST  (7900 S) TO E 80TH ST  (8000 S),4880.0,Street Resurfacing
6,2024,Street Speed Hump Menu,ON S EGGLESTON AVE FROM W 74TH ST  (7400 S) TO W 75TH ST  (7500 S),4880.0,Street Resurfacing
6,2024,Street Speed Hump Menu,ON S EVANS AVE FROM E 74TH ST  (7400 S) TO E 75TH ST  (7500 S),4880.0,Street Resurfacing
6,2024,Street Speed Hump Menu,ON S INDIANA AVE FROM E 71ST ST  (7100 S) TO E 72ND ST  (7200 S),4887.66,Street Resurfacing
6,2024,Street Speed Hump Menu,ON S INDIANA AVE FROM E 74TH ST  (7400 S) TO E 75TH ST  (7500 S),4880.0,Street Resurfacing
6,2024,Street Speed Hump Menu,ON S INDIANA AVE FROM E 89TH ST  (8900 S) TO E 95TH ST  (9500 S),26840.0,Street Resurfacing
6,2024,Street Speed Hump Menu,ON S LANGLEY AVE FROM E 75TH ST  (7500 S) TO E 76TH ST  (7600 S),4880.0,Street Resurfacing
6,2024,Street Speed Hump Menu,ON S LOWE AVE FROM W 78TH ST  (7800 S) TO W 79TH ST  (7900 S),4880.0,Street Resurfacing
6,2024,Street Speed Hump Menu,ON S MICHIGAN AVE FROM E 80TH ST  (8000 S) TO E 81ST ST  (8100 S),4880.0,Street Resurfacing
6,2024,Street Speed Hump Menu,ON S MICHIGAN AVE FROM E 84TH ST  (8400 S) TO E 87TH ST  (8700 S),14640.0,Street Resurfacing
6,2024,Street Speed Hump Menu,ON S NORMAL AVE FROM W MARQUETTE RD  (6700 S) TO W 69TH ST  (6900 S),9760.0,Street Resurfacing
6,2024,Street Speed Hump Menu,ON S PRAIRIE AVE FROM E 69TH ST  (6900 S) TO E 71ST ST  (7100 S),9760.0,Street Resurfacing
6,2024,Street Speed Hump Menu,ON S PRAIRIE AVE FROM E 71ST ST  (7100 S) TO E 72ND ST  (7200 S),4880.0,Street Resurfacing
6,2024,Street Speed Hump Menu,ON S PRAIRIE AVE FROM E 77TH ST  (7700 S) TO E 78TH ST  (7800 S),4880.0,Street Resurfacing
6,2024,Street Speed Hump Menu,ON S PRAIRIE AVE FROM E 89TH ST  (8900 S) TO E 90TH ST  (9000 S),4880.0,Street Resurfacing
6,2024,Street Speed Hump Menu,ON S RHODES AVE FROM E 77TH ST  (7700 S) TO E 78TH ST  (7800 S),4880.0,Street Resurfacing
6,2024,Street Speed Hump Menu,ON S RHODES AVE FROM E 78TH ST  (7800 S) TO E 79TH ST  (7900 S),4880.0,Street Resurfacing
6,2024,Street Speed Hump Menu,ON S RHODES AVE FROM E 83RD ST  (8300 S) TO E 84TH ST  (8400 S),4880.0,Street Resurfacing
6,2024,Street Speed Hump Menu,ON S STEWART AVE FROM W 63RD ST  (6300 S) TO W MARQUETTE RD  (6700 S),17080.0,Street Resurfacing
6,2024,Street Speed Hump Menu,ON S STEWART AVE FROM W 71ST ST  (7100 S) TO W 75TH ST  (7500 S),19520.0,Street Resurfacing
6,2024,Street Speed Hump Menu,ON S ST LAWRENCE AVE FROM E 68TH ST  (6800 S) TO E 69TH ST  (6900 S),4880.0,Street Resurfacing
6,2024,Street Speed Hump Menu,ON S ST LAWRENCE AVE FROM E 83RD ST  (8300 S) TO E 84TH ST  (8400 S),4880.0,Street Resurfacing
6,2024,Street Speed Hump Menu,ON S VERNON AVE FROM E 72ND ST  (7200 S) TO E 74TH ST  (7400 S),9760.0,Street Resurfacing
6,2024,Street Speed Hump Menu,ON S VERNON AVE FROM E 79TH ST  (7900 S) TO E 80TH ST  (8000 S),4880.0,Street Resurfacing
6,2024,Street Speed Hump Menu,ON S VERNON AVE FROM E 84TH ST  (8400 S) TO E 87TH ST  (8700 S),14640.0,Street Resurfacing
6,2024,Street Speed Hump Menu,ON S WABASH AVE FROM E 83RD ST  (8300 S) TO E 87TH ST  (8700 S),19520.0,Street Resurfacing
6,2024,Street Speed Hump Menu,ON S WABASH AVE FROM E MARQUETTE RD  (6700 S) TO E 68TH ST  (6800 S),4880.0,Street Resurfacing
6,2024,Street Speed Hump Menu,ON W 65TH ST FROM S LOWE AVE  (632 W) TO S HALSTED ST  (800 W),4880.0,Street Resurfacing
6,2024,Street Speed Hump Menu,ON W 65TH ST FROM S WENTWORTH AVE  (200 W) TO S STEWART AVE  (400 W),7320.0,Street Resurfacing
7,2024,ADA - Street Resurfacing Menu,ON E 81ST ST FROM S CRANDON AVE  (2300 E) TO S OGLESBY AVE  (2330 E),7406.94,Street Resurfacing
7,2024,ADA - Street Resurfacing Menu,ON E 96TH ST FROM S CONSTANCE AVE  (1840 E) TO S CHAPPEL AVE  (2100 E),15887.13,Street Resurfacing
7,2024,Alley Apron Menu,9058 S OGLESBY AVE,18568.2,Alleys
7,2024,Alley Apron Menu,ON E 77TH ST FROM S PHILLIPS AVE  (2430 E) TO S ESSEX AVE  (2500 E); 2443 E 77TH ST; 2444 E 77TH ST,22894.79,Alleys
7,2024,Alley Speed Hump Menu,E 72ND ST &  S CORNELL AVE&S EAST END AVE &  E 73RD ST,1450.0,Alleys
7,2024,Curb & Gutter Menu,ON S MERRILL AVE FROM E 91ST ST  (9100 S) TO E 94TH ST  (9400 S),95929.15,Street Resurfacing
7,2024,Sidewalk Menu,10042 S CALHOUN AVE,6356.29,Sidewalk Repair
7,2024,Sidewalk Menu,10055 S LUELLA AVE,15712.26,Sidewalk Repair
7,2024,Sidewalk Menu,10059 S OGLESBY AVE,14515.65,Sidewalk Repair
7,2024,Sidewalk Menu,2145 E 100TH ST,5454.66,Sidewalk Repair
7,2024,Sidewalk Menu,7219 S CONSTANCE AVE,3690.56,Sidewalk Repair
7,2024,Sidewalk Menu,7250 S CORNELL AVE,4354.81,Sidewalk Repair
7,2024,Sidewalk Menu,7328 S EUCLID AVE,6451.19,Sidewalk Repair
7,2024,Sidewalk Menu,7822-7824 S KINGSTON AVE,15241.19,Sidewalk Repair
7,2024,Sidewalk Menu,9100 S OGLESBY AVE,55506.46,Sidewalk Repair
7,2024,Sidewalk Menu,9116 S SAGINAW AVE,3302.59,Sidewalk Repair
7,2024,Sidewalk Menu,9347 S MANISTEE AVE,5142.99,Sidewalk Repair
7,2024,Street Light Upgrade Menu,7537 S PHILLIPS AVE; 7533 S PHILLIPS AVE,1000.0,Lighting
7,2024,Street Light Upgrade Menu,8218 S BRANDON AVE,500.0,Lighting
7,2024,Street Light Upgrade Menu,8340 S PAXTON AVE,500.0,Lighting
7,2024,Street Resurfacing Menu,ON E 73RD ST FROM 2600 E TO S EXCHANGE AVE  (2520 E),35231.4,Street Resurfacing
7,2024,Street Resurfacing Menu,ON E 78TH ST FROM 2948 E TO S EXCHANGE AVE  (2900 E),31659.21,Street Resurfacing
7,2024,Street Resurfacing Menu,ON E 81ST ST FROM S CRANDON AVE  (2300 E) TO S OGLESBY AVE  (2330 E),24162.7,Street Resurfacing
7,2024,Street Resurfacing Menu,ON E 96TH ST FROM S CONSTANCE AVE  (1840 E) TO S CHAPPEL AVE  (2100 E),108632.77,Street Resurfacing
7,2024,Street Resurfacing Menu,ON S BRANDON AVE FROM E 82ND ST  (8200 S) TO E 83RD ST  (8300 S),71284.87,Street Resurfacing
7,2024,Street Resurfacing Menu,ON S BURNHAM AVE FROM E 78TH ST  (7800 S) TO E 79TH ST  (7900 S),60386.88,Street Resurfacing
7,2024,Street Resurfacing Menu,ON S CALHOUN AVE FROM E 102ND ST  (10200 S) TO E 103RD ST  (10300 S),28185.12,Street Resurfacing
7,2024,Street Resurfacing Menu,ON S CORNELL AVE FROM E 71ST ST  (7100 S) TO E 72ND ST  (7200 S),63782.84,Street Resurfacing
7,2024,Street Resurfacing Menu,ON S CRANDON AVE FROM E 99TH ST  (9900 S) TO E 100TH ST  (10000 S),60232.12,Street Resurfacing
7,2024,Street Resurfacing Menu,ON S EUCLID AVE FROM E 74TH ST  (7400 S) TO E 75TH ST  (7500 S),47906.75,Street Resurfacing
7,2024,Street Resurfacing Menu,ON S LUELLA AVE FROM E 99TH ST  (9900 S) TO E 100TH ST  (10000 S),60026.61,Street Resurfacing
7,2024,Street Resurfacing Menu,ON S MANISTEE AVE FROM E 80TH ST  (8000 S) TO E 81ST ST  (8100 S),52031.36,Street Resurfacing
7,2024,Street Resurfacing Menu,ON S MANISTEE AVE FROM E 93RD ST  (9300 S) TO E 94TH ST  (9400 S),58387.88,Street Resurfacing
7,2024,Street Resurfacing Menu,ON S OGLESBY AVE FROM E 89TH ST  (8900 S) TO E 91ST ST  (9100 S),127577.12,Street Resurfacing
7,2024,Street Resurfacing Menu,ON S PAXTON AVE FROM E 99TH ST  (9900 S) TO E 100TH ST  (10000 S),49642.83,Street Resurfacing
7,2024,Street Resurfacing Menu,ON S SAGINAW AVE FROM E 91ST ST  (9100 S) TO E 93RD ST  (9300 S),118670.89,Street Resurfacing
7,2024,Street Speed Hump Menu,ON E 74TH ST FROM S YATES BLVD  (2400 E) TO S PHILLIPS AVE  (2450 E),2440.0,Street Resurfacing
7,2024,Street Speed Hump Menu,ON S BALTIMORE AVE FROM E 83RD ST  (8300 S) TO E 84TH ST  (8400 S),9760.0,Street Resurfacing
7,2024,Street Speed Hump Menu,ON S CRANDON AVE FROM E 96TH ST  (9600 S) TO E 97TH ST  (9700 S),9760.0,Street Resurfacing
7,2024,Street Speed Hump Menu,ON S KINGSTON AVE FROM E 90TH ST  (9000 S) TO E 91ST ST  (9100 S),4880.0,Street Resurfacing
7,2024,Street Speed Hump Menu,ON S MANISTEE AVE FROM E 92ND ST  (9200 S) TO E 93RD ST  (9300 S),4880.0,Street Resurfacing
7,2024,Street Speed Hump Menu,ON S MARQUETTE AVE FROM E 78TH ST  (7800 S) TO E 79TH ST  (7900 S),4880.0,Street Resurfacing
7,2024,Street Speed Hump Menu,ON S PHILLIPS AVE FROM E 74TH ST  (7400 S) TO E 75TH ST  (7500 S),4880.0,Street Resurfacing
7,2024,Street Speed Hump Menu,ON S VAN VLISSINGEN RD FROM E 97TH ST  (9700 S) TO E 98TH ST  (9800 S),4880.0,Street Resurfacing
7,2024,Street Speed Hump Replacement,ON E 96TH ST FROM S CONSTANCE AVE  (1840 E) TO S CHAPPEL AVE  (2100 E),0.0,Street Resurfacing
7,2024,Street Speed Hump Replacement,ON S BURNHAM AVE FROM E 78TH ST  (7800 S) TO E 79TH ST  (7900 S),0.0,Street Resurfacing
7,2024,Street Speed Hump Replacement,ON S CORNELL AVE FROM E 71ST ST  (7100 S) TO E 72ND ST  (7200 S),0.0,Street Resurfacing
7,2024,Street Speed Hump Replacement,ON S CRANDON AVE FROM E 99TH ST  (9900 S) TO E 100TH ST  (10000 S),0.0,Street Resurfacing
7,2024,Street Speed Hump Replacement,ON S LUELLA AVE FROM E 99TH ST  (9900 S) TO E 100TH ST  (10000 S),0.0,Street Resurfacing
7,2024,Street Speed Hump Replacement,ON S MANISTEE AVE FROM E 80TH ST  (8000 S) TO E 81ST ST  (8100 S),0.0,Street Resurfacing
7,2024,Street Speed Hump Replacement,ON S OGLESBY AVE FROM E 89TH ST  (8900 S) TO E 91ST ST  (9100 S),0.0,Street Resurfacing
8,2024,ADA - Street Resurfacing Menu,ON E 86TH ST FROM S DORCHESTER AVE  (1400 E) TO S DANTE AVE  (1430 E),2887.23,Street Resurfacing
8,2024,ADA - Street Resurfacing Menu,ON S KIMBARK AVE FROM E 74TH ST  (7400 S) TO E 75TH ST  (7500 S),11213.19,Street Resurfacing
8,2024,Alley Speed Hump Menu,E 79TH ST &  S CLYDE AVE&S MERRILL AVE &  E 80TH ST,2175.0,Alleys
8,2024,Bollard Menu,8459 S JEFFERY BLVD,5091.96,Pedestrian Infrastructure
8,2024,Concrete Alley Menu,1748 E 83RD ST; S RIDGELAND AVE &  E 83RD ST&E 83RD ST &  S CREGIER AVE,14676.88,Alleys
8,2024,Curb & Gutter Menu,8810 S CLYDE AVE,7447.1,Street Resurfacing
8,2024,Curb & Gutter Menu,9017 S EAST END AVE,10073.66,Street Resurfacing
8,2024,Miscellaneous CDOT Projects,1738-1740 E 79TH ST; 1742-1744 E 79TH ST; 1748 E 79TH ST; 1710-1712 E 79TH ST,300.0,Misc. CDOT
8,2024,Miscellaneous CDOT Projects,7643 S SOUTH CHICAGO AVE; 7671 S SOUTH CHICAGO AVE; 7647 S SOUTH CHICAGO AVE; 7653 S SOUTH CHICAGO AVE,300.0,Misc. CDOT
8,2024,Sidewalk Menu,1006 E 76TH ST; 1010 E 76TH ST; 1004 E 76TH ST,27906.11,Sidewalk Repair
8,2024,Sidewalk Menu,545 E 88TH ST,12311.37,Sidewalk Repair
8,2024,Sidewalk Menu,8226 S DORCHESTER AVE,5264.31,Sidewalk Repair
8,2024,Sidewalk Menu,8545 S KENWOOD AVE,15263.82,Sidewalk Repair
8,2024,Sidewalk Menu,8829-8833 S EUCLID AVE,14674.07,Sidewalk Repair
8,2024,Sidewalk Menu,8906 S EAST END AVE,10260.33,Sidewalk Repair
8,2024,Sidewalk Menu,9143 S EUCLID AVE,3355.47,Sidewalk Repair
8,2024,Sidewalk Menu,9157 S CONSTANCE AVE,31073.07,Sidewalk Repair
8,2024,Sidewalk Menu,9200 S AVALON AVE; S AVALON AVE &  E 92ND ST,17807.6,Sidewalk Repair
8,2024,Sidewalk Menu,9747 S DOBSON AVE,6427.47,Sidewalk Repair
8,2024,Street Bump Outs Menu,S JEFFERY BLVD &  E 81ST ST,10879.95,Pedestrian Infrastructure
8,2024,Street Light Upgrade Menu,1643 E 86TH PL,500.0,Lighting
8,2024,Street Light Upgrade Menu,7914 S EUCLID AVE,500.0,Lighting
8,2024,Street Light Upgrade Menu,8321 S DANTE AVE,500.0,Lighting
8,2024,Street Light Upgrade Menu,9342 S EAST END AVE,500.0,Lighting
8,2024,Street Resurfacing Menu,ON E 77TH ST FROM S STONY ISLAND AVE  (1600 E) TO S EAST END AVE  (1700 E),32412.06,Street Resurfacing
8,2024,Street Resurfacing Menu,ON E 84TH ST FROM S DORCHESTER AVE  (1400 E) TO S DANTE AVE  (1430 E),28006.8,Street Resurfacing
8,2024,Street Resurfacing Menu,ON E 85TH PL FROM 1224 E TO S AVALON AVE  (1300 E),41162.02,Street Resurfacing
8,2024,Street Resurfacing Menu,ON E 85TH ST FROM S BLACKSTONE AVE  (1500 E) TO S EAST END AVE  (1700 E),112300.27,Street Resurfacing
8,2024,Street Resurfacing Menu,ON E 86TH PL FROM S EAST END AVE  (1700 E) TO S CREGIER AVE  (1800 E),11743.8,Street Resurfacing
8,2024,Street Resurfacing Menu,ON E 86TH ST FROM S DORCHESTER AVE  (1400 E) TO S DANTE AVE  (1430 E),29954.34,Street Resurfacing
8,2024,Street Resurfacing Menu,ON E 87TH PL FROM S EBERHART AVE  (500 E) TO S ST LAWRENCE AVE  (600 E),49079.24,Street Resurfacing
8,2024,Street Resurfacing Menu,ON E 90TH PL FROM 1400 E TO S DANTE AVE  (1500 E),38431.59,Street Resurfacing
8,2024,Street Resurfacing Menu,ON S BENNETT AVE FROM E 90TH ST  (9000 S) TO E 91ST ST  (9100 S),53400.95,Street Resurfacing
8,2024,Street Resurfacing Menu,ON S CORNELL AVE FROM E 82ND ST  (8200 S) TO E 83RD ST  (8300 S),55078.42,Street Resurfacing
8,2024,Street Resurfacing Menu,ON S CRANDON AVE FROM 8714 S TO E 88TH ST  (8800 S),38284.65,Street Resurfacing
8,2024,Street Resurfacing Menu,ON S CREGIER AVE FROM E 76TH ST  (7600 S) TO E 77TH ST  (7700 S),50445.94,Street Resurfacing
8,2024,Street Resurfacing Menu,ON S DOBSON AVE FROM E 90TH ST  (9000 S) TO E 91ST ST  (9100 S),63540.14,Street Resurfacing
8,2024,Street Resurfacing Menu,ON S DREXEL AVE FROM E 84TH ST  (8400 S) TO E 85TH ST  (8500 S),53962.62,Street Resurfacing
8,2024,Street Resurfacing Menu,ON S GREENWOOD AVE FROM E 95TH ST  (9500 S) TO E 96TH ST  (9600 S),56957.43,Street Resurfacing
8,2024,Street Resurfacing Menu,ON S HARPER AVE FROM E 81ST ST  (8100 S) TO E 82ND ST  (8200 S),58226.21,Street Resurfacing
8,2024,Street Resurfacing Menu,ON S INGLESIDE AVE FROM E 81ST ST  (8100 S) TO E 82ND ST  (8200 S),62248.46,Street Resurfacing
8,2024,Street Resurfacing Menu,ON S KENWOOD AVE FROM E 83RD ST  (8300 S) TO E 85TH ST  (8530 S),97567.59,Street Resurfacing
8,2024,Street Resurfacing Menu,ON S KIMBARK AVE FROM E 74TH ST  (7400 S) TO E 75TH ST  (7500 S),66454.24,Street Resurfacing
8,2024,Street Resurfacing Menu,ON S RIDGELAND AVE FROM E 90TH ST  (9000 S) TO E 91ST ST  (9100 S),54902.27,Street Resurfacing
8,2024,Street Resurfacing Menu,ON S RIDGELAND AVE FROM E 93RD ST  (9300 S) TO E 94TH ST  (9400 S),54223.02,Street Resurfacing
8,2024,Street Resurfacing Menu,ON S UNIVERSITY AVE FROM E 96TH ST  (9600 S) TO E 97TH ST  (9700 S),46799.04,Street Resurfacing
8,2024,Street Resurfacing Menu,ON S WOODLAWN AVE FROM E 85TH ST  (8500 S) TO S AVALON AVE  (8599 S),81501.97,Street Resurfacing
8,2024,Street Speed Hump Menu,ON E 92ND ST FROM S STONY ISLAND AVE  (1600 E) TO S CREGIER AVE  (1800 E),9760.0,Street Resurfacing
8,2024,Street Speed Hump Menu,ON S RIDGELAND AVE FROM E 93RD ST  (9300 S) TO E 94TH ST  (9400 S),4700.0,Street Resurfacing
8,2024,Street Speed Hump Replacement,ON E 85TH ST FROM S BLACKSTONE AVE  (1500 E) TO S EAST END AVE  (1700 E),0.0,Street Resurfacing
8,2024,Street Speed Hump Replacement,ON S CREGIER AVE FROM E 76TH ST  (7600 S) TO E 77TH ST  (7700 S),0.0,Street Resurfacing
8,2024,Street Speed Hump Replacement,ON S DOBSON AVE FROM E 90TH ST  (9000 S) TO E 91ST ST  (9100 S),0.0,Street Resurfacing
8,2024,Street Speed Hump Replacement,ON S HARPER AVE FROM E 81ST ST  (8100 S) TO E 82ND ST  (8200 S),0.0,Street Resurfacing
8,2024,Street Speed Hump Replacement,ON S INGLESIDE AVE FROM E 81ST ST  (8100 S) TO E 82ND ST  (8200 S),0.0,Street Resurfacing
8,2024,Street Speed Hump Replacement,ON S KIMBARK AVE FROM E 74TH ST  (7400 S) TO E 75TH ST  (7500 S),0.0,Street Resurfacing
9,2024,ADA - Alley Resurfacing Menu,E 112TH PL &  S STATE ST&S MICHIGAN AVE &  E 113TH ST,5820.9,Alleys
9,2024,Alley Resurfacing Menu,E 112TH PL &  S STATE ST&S MICHIGAN AVE &  E 113TH ST,36148.94,Alleys
9,2024,Alley Speed Hump Replacement,E 112TH PL &  S STATE ST&S MICHIGAN AVE &  E 113TH ST,0.0,Alleys
9,2024,Bollard Menu,12107 S HARVARD AVE,2630.9,Pedestrian Infrastructure
9,2024,Bollard Menu,148 W 111TH PL,1615.66,Pedestrian Infrastructure
9,2024,Bollard Menu,S RHODES AVE &  E 102ND ST,2028.82,Pedestrian Infrastructure
9,2024,Miscellaneous CDOT Projects,11117 S EDBROOKE AVE; 46 E 107TH ST; 10010 S STATE ST; 10157 S LAFAYETTE AVE; 122 E103RD ST; 132 E 103RD ST; 22-26 E 119TH ST; 15-21 E 100TH ST; 10422-10428 S MARYLAND AVE; 10200-10202 S PARNELL AVE,1500.0,Misc. CDOT
9,2024,Sidewalk Menu,10522 S CALUMET AVE,5858.08,Sidewalk Repair
9,2024,Sidewalk Menu,10841 S PRAIRIE AVE,8309.18,Sidewalk Repair
9,2024,Sidewalk Menu,12100 S HARVARD AVE,3849.05,Sidewalk Repair
9,2024,Sidewalk Menu,12234 S LA SALLE ST,7478.82,Sidewalk Repair
9,2024,Sidewalk Menu,12500 S EMERALD AVE,36472.78,Sidewalk Repair
9,2024,Sidewalk Menu,12530 S WALLACE ST,5072.29,Sidewalk Repair
9,2024,Sidewalk Menu,12825 S WALLACE ST,26221.25,Sidewalk Repair
9,2024,Sidewalk Menu,12869 S GREEN ST,1301.91,Sidewalk Repair
9,2024,Sidewalk Menu,27 E 102ND PL,4286.51,Sidewalk Repair
9,2024,Sidewalk Menu,655-657 E 114TH ST,17775.25,Sidewalk Repair
9,2024,Sidewalk Menu,9308 S NORMAL AVE,5786.9,Sidewalk Repair
9,2024,Sidewalk Menu,9801 S CALUMET AVE,6801.17,Sidewalk Repair
9,2024,Sidewalk Menu,9824 S INDIANA AVE,3251.28,Sidewalk Repair
9,2024,Sidewalk Menu,ON W 125TH PL FROM S PARNELL AVE  (550 W) TO S WALLACE ST  (600 W),50000.0,Sidewalk Repair
9,2024,Street Light Upgrade Menu,127 E 107TH ST,500.0,Lighting
9,2024,Street Light Upgrade Menu,559 E 104TH ST,500.0,Lighting
9,2024,Street Resurfacing Menu,ON E 112TH ST FROM S ST LAWRENCE AVE  (600 E) TO S CHAMPLAIN AVE  (630 E),107559.13,Street Resurfacing
9,2024,Street Resurfacing Menu,ON S EDBROOKE AVE FROM E 105TH ST  (10500 S) TO E 107TH ST  (10700 S),113114.2,Street Resurfacing
9,2024,Street Resurfacing Menu,ON S EMERALD AVE FROM W VERMONT ST  (12730 S) TO W 128TH PL  (12830 S),61977.9,Street Resurfacing
9,2024,Street Resurfacing Menu,ON S FOREST AVE FROM E 105TH ST  (10500 S) TO E 106TH ST  (10600 S),56916.13,Street Resurfacing
9,2024,Street Resurfacing Menu,ON S FOREST AVE FROM E 108TH ST  (10800 S) TO E 109TH ST  (10900 S),44466.7,Street Resurfacing
9,2024,Street Resurfacing Menu,ON S LA SALLE ST FROM W 95TH ST  (9500 S) TO W 96TH ST  (9600 S),54138.92,Street Resurfacing
9,2024,Street Resurfacing Menu,ON S NORMAL AVE FROM W 96TH ST  (9600 S) TO W 97TH ST  (9700 S),71666.98,Street Resurfacing
9,2024,Street Resurfacing Menu,ON S PERRY AVE FROM W 95TH ST  (9500 S) TO W 96TH ST  (9600 S),53463.65,Street Resurfacing
9,2024,Street Resurfacing Menu,ON S PRAIRIE AVE FROM E 115TH ST  (11500 S) TO E KENSINGTON AVE  (11550 S),59469.82,Street Resurfacing
9,2024,Street Resurfacing Menu,ON S STEWART AVE FROM W 124TH ST  (12400 S) TO W 125TH ST  (12500 S),49617.56,Street Resurfacing
9,2024,Street Resurfacing Menu,ON S WENTWORTH AVE FROM W 95TH ST  (9500 S) TO W 96TH ST  (9600 S),62565.09,Street Resurfacing
9,2024,Street Resurfacing Menu,ON S YALE AVE FROM W 97TH ST  (9700 S) TO W 98TH ST  (9800 S),63011.81,Street Resurfacing
9,2024,Street Resurfacing Menu,ON W 103RD PL FROM S STATE ST  (0 E) TO S PERRY AVE  (100 W),64900.21,Street Resurfacing
9,2024,Street Resurfacing Menu,ON W 104TH ST FROM S STATE ST  (0 E) TO S WENTWORTH AVE  (200 W),126349.58,Street Resurfacing
9,2024,Street Resurfacing Menu,ON W 96TH PL FROM S EGGLESTON AVE  (400 W) TO S NORMAL AVE  (500 W),47859.15,Street Resurfacing
9,2024,Street Resurfacing Menu,ON W 98TH ST FROM 221 W TO S HARVARD AVE  (330 W); 221-330 W 98TH ST,139073.02,Street Resurfacing
9,2024,Street Resurfacing Menu,ON W 98TH ST FROM S EGGLESTON AVE  (400 W) TO S NORMAL AVE  (500 W),46033.67,Street Resurfacing
9,2024,Street Speed Hump Replacement,ON S YALE AVE FROM W 97TH ST  (9700 S) TO W 98TH ST  (9800 S),0.0,Street Resurfacing
9,2024,Street Speed Hump Replacement,ON W 103RD PL FROM S STATE ST  (0 E) TO S PERRY AVE  (100 W),0.0,Street Resurfacing
9,2024,Street Speed Hump Replacement,ON W 104TH ST FROM S STATE ST  (0 E) TO S WENTWORTH AVE  (200 W),0.0,Street Resurfacing
9,2024,Street Speed Hump Replacement,ON W 96TH PL FROM S EGGLESTON AVE  (400 W) TO S NORMAL AVE  (500 W),0.0,Street Resurfacing
10,2024,Diagonal Parking Menu,3325 E 106TH ST,25182.49,Street Redesign
10,2024,Miscellaneous CDOT Projects,11000 S MACKINAW AVE,660.0,Misc. CDOT
10,2024,Sidewalk Menu,10001 S EXCHANGE AVE,1170.11,Sidewalk Repair
10,2024,Sidewalk Menu,10129 S AVENUE N,6999.08,Sidewalk Repair
10,2024,Sidewalk Menu,10143 S AVENUE N,3050.97,Sidewalk Repair
10,2024,Sidewalk Menu,10417 S AVENUE M,6876.3,Sidewalk Repair
10,2024,Sidewalk Menu,10418 S AVENUE G,12684.42,Sidewalk Repair
10,2024,Sidewalk Menu,10458 S AVENUE L,18257.67,Sidewalk Repair
10,2024,Sidewalk Menu,10500 S HOXIE AVE,18383.18,Sidewalk Repair
10,2024,Sidewalk Menu,10634-10636 S AVENUE H,13309.03,Sidewalk Repair
10,2024,Sidewalk Menu,10857 S AVENUE L,22232.85,Sidewalk Repair
10,2024,Sidewalk Menu,10919 S AVENUE O,8689.71,Sidewalk Repair
10,2024,Sidewalk Menu,11003 S AVENUE E,18601.84,Sidewalk Repair
10,2024,Sidewalk Menu,11020 S AVENUE F,5460.87,Sidewalk Repair
10,2024,Sidewalk Menu,11040 S AVENUE C,7477.06,Sidewalk Repair
10,2024,Sidewalk Menu,11051 S EWING AVE,8022.28,Sidewalk Repair
10,2024,Sidewalk Menu,11056 S STATE LINE RD,46750.99,Sidewalk Repair
10,2024,Sidewalk Menu,11100-11108 S STATE LINE RD,70769.01,Sidewalk Repair
10,2024,Sidewalk Menu,11106-11110 S AVENUE J,8617.48,Sidewalk Repair
10,2024,Sidewalk Menu,11202 S GREEN BAY AVE,5007.4,Sidewalk Repair
10,2024,Sidewalk Menu,11300 S AVENUE H,14918.92,Sidewalk Repair
10,2024,Sidewalk Menu,12808 S MUSKEGON AVE,6498.74,Sidewalk Repair
10,2024,Sidewalk Menu,12858 S COMMERCIAL AVE,7457.25,Sidewalk Repair
10,2024,Sidewalk Menu,12941 S MUSKEGON AVE,6214.87,Sidewalk Repair
10,2024,Sidewalk Menu,12950 S HOUSTON AVE,12868.55,Sidewalk Repair
10,2024,Sidewalk Menu,13020 S MANISTEE AVE,5043.59,Sidewalk Repair
10,2024,Sidewalk Menu,13037 S MANISTEE AVE,7439.23,Sidewalk Repair
10,2024,Sidewalk Menu,13108 S AVENUE O,4288.11,Sidewalk Repair
10,2024,Sidewalk Menu,13156 S ST LAWRENCE AVE,7957.14,Sidewalk Repair
10,2024,Sidewalk Menu,13518 S BURLEY AVE,7395.01,Sidewalk Repair
10,2024,Sidewalk Menu,13529 S MACKINAW AVE,2226.14,Sidewalk Repair
10,2024,Sidewalk Menu,13685 S BRAINARD AVE,6913.51,Sidewalk Repair
10,2024,Sidewalk Menu,2724 E 127TH ST,12782.37,Sidewalk Repair
10,2024,Sidewalk Menu,3506 E 114TH ST,3081.81,Sidewalk Repair
10,2024,Sidewalk Menu,9000 S ESCANABA AVE; ON E 90TH ST FROM S ESCANABA AVE  (2900 E) TO S EXCHANGE AVE  (2940 E),9318.87,Sidewalk Repair
10,2024,Sidewalk Menu,9607 S EXCHANGE AVE,1057.35,Sidewalk Repair
10,2024,Sidewalk Menu,9801 S MANISTEE AVE,10283.56,Sidewalk Repair
10,2024,Sidewalk Menu,S AVENUE L &  E 105TH ST; 10516 S AVENUE L,5618.29,Sidewalk Repair
10,2024,Sidewalk Menu,S AVENUE L &  E 96TH ST,49718.31,Sidewalk Repair
10,2024,Speed Indicator Signs,10910 S TORRENCE AVE; 11100 S TORRENCE AVE; 13157 S AVENUE O; 13010 S AVENUE O,44879.14,Traffic Signals
10,2024,Street Light Upgrade Menu,10752 S AVENUE E,500.0,Lighting
10,2024,Street Light Upgrade Menu,10753 S AVENUE E,500.0,Lighting
10,2024,Street Light Upgrade Menu,11559 S AVENUE G,500.0,Lighting
10,2024,Street Light Upgrade Menu,9811 S AVENUE H,500.0,Lighting
10,2024,Street Resurfacing Menu,ON S AVENUE D FROM E 107TH ST  (10699 S) TO E 108TH ST  (10800 S),60128.26,Street Resurfacing
10,2024,Street Resurfacing Menu,ON S AVENUE D FROM E 110TH ST  (11000 S) TO E 112TH ST  (11200 S),121886.65,Street Resurfacing
10,2024,Street Resurfacing Menu,ON S AVENUE E FROM E 110TH ST  (11000 S) TO E 111TH ST  (11100 S),59335.41,Street Resurfacing
10,2024,Street Resurfacing Menu,ON S AVENUE F FROM 11058 S TO E 110TH ST  (11000 S),55717.61,Street Resurfacing
10,2024,Street Resurfacing Menu,ON S AVENUE G FROM E 110TH ST  (11000 S) TO E 111TH ST  (11100 S),74716.1,Street Resurfacing
10,2024,Street Resurfacing Menu,ON S AVENUE J FROM E 110TH ST  (11000 S) TO E 112TH ST  (11200 S),118524.3,Street Resurfacing
10,2024,Street Resurfacing Menu,ON S AVENUE N FROM E 108TH ST  (10800 S) TO E 109TH ST  (10900 S),61302.64,Street Resurfacing
10,2024,Street Resurfacing Menu,ON S BALTIMORE AVE FROM E 86TH ST  (8600 S) TO E 87TH ST  (8700 S),54373.66,Street Resurfacing
10,2024,Street Resurfacing Menu,ON S BUFFALO AVE FROM E 107TH ST  (10700 S) TO E 108TH ST  (10800 S),55661.56,Street Resurfacing
10,2024,Street Resurfacing Menu,ON S RIVERDALE AVE FROM S EBERHART AVE  (13220 S) TO E 133RD ST  (13300 S),69720.79,Street Resurfacing
10,2024,Street Resurfacing Menu,ON S STATE LINE RD FROM E 108TH ST  (10800 S) TO E 110TH ST  (11000 S),111239.17,Street Resurfacing
10,2024,Street Speed Hump Menu,ON E 131ST ST FROM S BRANDON AVE  (3200 E) TO S BUFFALO AVE  (3300 E),4880.0,Street Resurfacing
10,2024,Street Speed Hump Menu,ON E 132ND ST FROM S MUSKEGON AVE  (2830 E) TO S EXCHANGE AVE  (2930 E),4880.0,Street Resurfacing
10,2024,Street Speed Hump Menu,ON E 91ST ST FROM S BRANDON AVE  (3200 E) TO S BUFFALO AVE  (3300 E),4880.0,Street Resurfacing
10,2024,Street Speed Hump Menu,ON S AVENUE G FROM E 104TH ST  (10400 S) TO E 105TH ST  (10500 S),4880.0,Street Resurfacing
10,2024,Street Speed Hump Menu,ON S AVENUE G FROM E 108TH ST  (10800 S) TO E 109TH ST  (10900 S),4880.0,Street Resurfacing
10,2024,Street Speed Hump Menu,ON S AVENUE H FROM E 113TH ST  (11300 S) TO E 114TH ST  (11400 S),4880.0,Street Resurfacing
10,2024,Street Speed Hump Menu,ON S AVENUE J FROM E 107TH ST  (10700 S) TO E 108TH ST  (10800 S),4880.0,Street Resurfacing
10,2024,Street Speed Hump Menu,ON S AVENUE J FROM E 117TH ST  (11700 S) TO E 118TH ST  (11800 S),4880.0,Street Resurfacing
10,2024,Street Speed Hump Menu,ON S AVENUE L FROM E 133RD ST  (13300 S) TO E 134TH ST  (13400 S),4880.0,Street Resurfacing
10,2024,Street Speed Hump Menu,ON S AVENUE N FROM E 105TH ST  (10500 S) TO E 106TH ST  (10600 S),4880.0,Street Resurfacing
10,2024,Street Speed Hump Menu,ON S AVENUE N FROM E 112TH ST  (11200 S) TO E 113TH ST  (11300 S),4880.0,Street Resurfacing
10,2024,Street Speed Hump Menu,ON S BALTIMORE AVE FROM E 87TH ST  (8700 S) TO E 88TH ST  (8800 S),4880.0,Street Resurfacing
10,2024,Street Speed Hump Menu,ON S BUFFALO AVE FROM E 130TH ST  (13000 S) TO E 131ST ST  (13100 S),2440.0,Street Resurfacing
10,2024,Street Speed Hump Menu,ON S BURLEY AVE FROM E 92ND ST  (9200 S) TO E 93RD ST  (9300 S),4880.0,Street Resurfacing
10,2024,Street Speed Hump Replacement,ON S AVENUE F FROM 11058 S TO E 110TH ST  (11000 S),0.0,Street Resurfacing
10,2024,Street Speed Hump Replacement,ON S AVENUE G FROM E 110TH ST  (11000 S) TO E 111TH ST  (11100 S),0.0,Street Resurfacing
11,2024,ADA - Alley Resurfacing Menu,2840 S LOWE AVE; S LOWE AVE &  W 28TH ST&W 29TH ST &  S UNION AVE,7245.0,Alleys
11,2024,ADA - Alley Resurfacing Menu,S CANAL ST &  W 30TH ST&W 31ST ST &  S CANAL ST; 3031 S CANAL ST,7245.0,Alleys
11,2024,ADA - Alley Resurfacing Menu,W 43RD PL &  S WALLACE ST&S UNION AVE &  W 44TH ST,7245.0,Alleys
11,2024,ADA - Street Resurfacing Menu,ON S STEWART AVE FROM W 25TH PL  (2530 S) TO W 26TH ST  (2600 S),3622.5,Street Resurfacing
11,2024,Alley Apron Menu,534 W 32ND ST,17683.4,Alleys
11,2024,Alley Resurfacing Menu,2840 S LOWE AVE; S LOWE AVE &  W 28TH ST&W 29TH ST &  S UNION AVE,31996.31,Alleys
11,2024,Alley Resurfacing Menu,806 W 27TH ST; S GREEN ST &  W 26TH PL&W 27TH ST &  S HALSTED ST,27045.13,Alleys
11,2024,Alley Resurfacing Menu,S CANAL ST &  W 30TH ST&W 31ST ST &  S CANAL ST; 3031 S CANAL ST,31471.0,Alleys
11,2024,Alley Resurfacing Menu,S GREEN ST &  W 26TH PL&W 27TH ST &  S PEORIA ST,8399.61,Alleys
11,2024,Alley Resurfacing Menu,S HALSTED ST &  W 35TH ST&W 36TH ST &  S EMERALD AVE,2918.03,Alleys
11,2024,Alley Resurfacing Menu,W 35TH ST &  S LOWE AVE&S UNION AVE &  W 36TH ST; 3549 S UNION AVE,46747.8,Alleys
11,2024,Alley Resurfacing Menu,W 43RD PL &  S WALLACE ST&S UNION AVE &  W 44TH ST,21582.84,Alleys
11,2024,Alley Speed Hump Menu,3549 S UNION AVE; W 35TH ST &  S LOWE AVE&S UNION AVE &  W 36TH ST,0.0,Alleys
11,2024,Alley Speed Hump Replacement,2840 S LOWE AVE; S LOWE AVE &  W 28TH ST&W 29TH ST &  S UNION AVE,0.0,Alleys
11,2024,Alley Speed Hump Replacement,S HALSTED ST &  W 35TH ST&W 36TH ST &  S EMERALD AVE,0.0,Alleys
11,2024,Alley Speed Hump Replacement,W 43RD PL &  S WALLACE ST&S UNION AVE &  W 44TH ST,0.0,Alleys
11,2024,Bollard Menu,W 32ND ST &  S GREEN ST,9740.84,Pedestrian Infrastructure
11,2024,Concrete Alley Menu,2810 S GRADY CT; S GRADY CT &  W FULLER ST; S GROVE ST &  S LOCK ST,105111.37,Alleys
11,2024,Curb & Gutter Menu,2701 S PRINCETON AVE,11301.69,Street Resurfacing
11,2024,Curb & Gutter Menu,900 W 37TH PL,41002.0,Street Resurfacing
11,2024,Pavement Markings Menu,S ARCHER AVE &  S CANAL ST,2000.0,Street Redesign
11,2024,Pavement Markings Menu,S WENTWORTH AVE &  W CERMAK RD,22050.0,Street Redesign
11,2024,Street Resurfacing Menu,ON S EMERALD AVE FROM S ARCHER AVE  (2500 S) TO W 25TH ST  (2570 S),31629.97,Street Resurfacing
11,2024,Street Resurfacing Menu,ON S EMERALD AVE FROM W 31ST ST  (3100 S) TO W 32ND ST  (3200 S),67194.55,Street Resurfacing
11,2024,Street Resurfacing Menu,ON S EMERALD AVE FROM W 34TH ST  (3400 S) TO W 36TH ST  (3600 S),113345.09,Street Resurfacing
11,2024,Street Resurfacing Menu,ON S EMERALD AVE FROM W 38TH ST  (3800 S) TO W PERSHING RD  (3900 S),58468.21,Street Resurfacing
11,2024,Street Resurfacing Menu,ON S GREEN ST FROM 2511 S TO S ARCHER AVE  (2530 S),8455.54,Street Resurfacing
11,2024,Street Resurfacing Menu,ON S HILLOCK AVE FROM S LOOMIS ST  (2800 S) TO S SHORT ST  (2840 S),34761.65,Street Resurfacing
11,2024,Street Resurfacing Menu,ON S LITUANICA AVE FROM W 31ST ST  (3100 S) TO W 32ND ST  (3200 S),84719.19,Street Resurfacing
11,2024,Street Resurfacing Menu,ON S LITUANICA AVE FROM W 34TH ST  (3400 S) TO W 34TH PL  (3440 S),41179.3,Street Resurfacing
11,2024,Street Resurfacing Menu,ON S LLOYD AVE FROM S BONAPARTE ST  (2980 S) TO S LYMAN ST  (3080 S),47063.28,Street Resurfacing
11,2024,Street Resurfacing Menu,ON S LOWE AVE FROM S ARCHER AVE  (2450 S) TO W 25TH ST  (2500 S),25366.61,Street Resurfacing
11,2024,Street Resurfacing Menu,ON S MCDERMOTT ST FROM 2984 S TO S ARCHER AVE  (2990 S),11250.38,Street Resurfacing
11,2024,Street Resurfacing Menu,ON S PARNELL AVE FROM W 43RD ST  (4300 S) TO W 43RD PL  (4330 S),22107.7,Street Resurfacing
11,2024,Street Resurfacing Menu,ON S STEWART AVE FROM W 25TH PL  (2530 S) TO W 26TH ST  (2600 S),17425.75,Street Resurfacing
11,2024,Street Resurfacing Menu,ON S UNION AVE FROM W 26TH ST  (2600 S) TO W 28TH ST  (2800 S),66131.95,Street Resurfacing
11,2024,Street Resurfacing Menu,ON W 25TH ST FROM S LOWE AVE  (700 W) TO S EMERALD AVE  (800 W),34379.97,Street Resurfacing
11,2024,Street Resurfacing Menu,ON W 27TH ST FROM S CANAL ST  (450 W) TO S WALLACE ST  (600 W),88207.19,Street Resurfacing
11,2024,Street Resurfacing Menu,ON W 29TH ST FROM S WENTWORTH AVE  (200 W) TO S WELLS ST  (230 W),25904.54,Street Resurfacing
11,2024,Street Resurfacing Menu,ON W 32ND ST FROM 1312 W TO S BENSON ST  (1400 W),49027.49,Street Resurfacing
11,2024,Street Resurfacing Menu,ON W 33RD PL FROM S WOOD ST  (1800 W) TO S ARCHER AVE  (1900 W),50843.6,Street Resurfacing
11,2024,Street Resurfacing Menu,ON W 36TH ST FROM S SANGAMON ST  (950 W) TO S MORGAN ST  (1000 W),34702.93,Street Resurfacing
11,2024,Street Resurfacing Menu,ON W 37TH ST FROM S WALLACE ST  (600 W) TO S UNION AVE  (700 W),84286.63,Street Resurfacing
11,2024,Street Resurfacing Menu,ON W 38TH PL FROM S SANGAMON ST  (940 W) TO S MORGAN ST  (1000 W),59503.82,Street Resurfacing
11,2024,Street Speed Hump Replacement,ON W 32ND ST FROM 1312 W TO S BENSON ST  (1400 W),0.0,Street Resurfacing
12,2024,Alley Resurfacing Menu,3834-3872 S ARCHER AVE; W 38TH ST &  S ARCHER AVE&S ROCKWELL ST &  S MAPLEWOOD AVE,22695.25,Alleys
12,2024,Alley Resurfacing Menu,S HONORE ST &  W 36TH ST&W 37TH ST &  S WOOD ST,41665.83,Alleys
12,2024,Alley Resurfacing Menu,S RICHMOND ST &  W 45TH ST&W 46TH ST &  S FRANCISCO AVE; 4501-4557 S RICHMOND ST,28372.08,Alleys
12,2024,Alley Resurfacing Menu,S WASHTENAW AVE &  W 44TH ST&W 45TH ST &  S FAIRFIELD AVE,33199.1,Alleys
12,2024,Alley Speed Hump Menu,3731 S WOLCOTT AVE; W 37TH ST &  S HONORE ST&S WOLCOTT AVE &  W 38TH ST,725.0,Alleys
12,2024,Alley Speed Hump Menu,S WASHTENAW AVE &  W 44TH ST&W 45TH ST &  S FAIRFIELD AVE,0.0,Alleys
12,2024,Alley Speed Hump Replacement,3300-3400 S ARCHER AVE; S ARCHER AVE &  W 33RD ST&W 34TH ST &  S DAMEN AVE,0.0,Alleys
12,2024,Alley Speed Hump Replacement,S HONORE ST &  W 36TH ST&W 37TH ST &  S WOOD ST,0.0,Alleys
12,2024,Alley Speed Hump Replacement,S RICHMOND ST &  W 45TH ST&W 46TH ST &  S FRANCISCO AVE,0.0,Alleys
12,2024,Arterial Street Bump Outs Menu,S LEAVITT ST &  S ARCHER AVE,260000.0,Pedestrian Infrastructure
12,2024,Bollard Menu,3500 S WESTERN AVE,5052.18,Pedestrian Infrastructure
12,2024,Bollard Menu,3505 S MAPLEWOOD AVE,41932.13,Pedestrian Infrastructure
12,2024,Concrete Alley Menu,S ARCHER AVE &  S BLAKE ST; W 37TH ST &  S ARCHER AVE,96886.82,Alleys
12,2024,Concrete Alley Menu,S SEELEY AVE &  W 33RD ST&W 34TH ST &  S DAMEN AVE; 3345-3349 S SEELEY AVE,10754.76,Alleys
12,2024,Curb & Gutter Menu,ON W 36TH PL FROM S WASHTENAW AVE  (2700 W) TO S CALIFORNIA AVE  (2800 W); 2701 W 36TH PL,36934.44,Street Resurfacing
12,2024,Curb & Gutter Menu,ON W 38TH ST FROM S FRANCISCO AVE  (2900 W) TO S SACRAMENTO AVE  (3000 W),6187.35,Street Resurfacing
12,2024,Gunsaulus Elementary - Playground Improvements,4420 S SACRAMENTO AVE,28748.8,Parks
12,2024,Miscellaneous CDOT Projects,3600 S WESTERN BLVD,660.0,Misc. CDOT
12,2024,Miscellaneous CDOT Projects,3932 S ROCKWELL ST,660.0,Misc. CDOT
12,2024,Pavement Markings Menu,3002 W 42ND ST,4500.0,Street Redesign
12,2024,Speed Indicator Signs,W 36TH ST &  S WESTERN BLVD,28000.0,Traffic Signals
12,2024,Street Light Residential Staggered Piggy Back Menu,ON S LEAVITT ST FROM 3512 S TO W 34TH ST  (3400 S),163000.0,Lighting
12,2024,Street Light Upgrade Menu,3537-3659 S WESTERN BLVD,500.0,Lighting
12,2024,Street Resurfacing Menu,ON S CAMPBELL AVE FROM W POPE JOHN PAUL II DR  (4300 S) TO W 45TH ST  (4500 S),95518.47,Street Resurfacing
12,2024,Street Resurfacing Menu,ON S FAIRFIELD AVE FROM 4302 S TO W 45TH ST  (4500 S),114584.51,Street Resurfacing
12,2024,Street Resurfacing Menu,ON S MAPLEWOOD AVE FROM W 44TH ST  (4400 S) TO W 45TH ST  (4500 S),45454.83,Street Resurfacing
12,2024,Street Resurfacing Menu,ON S ROCKWELL ST FROM W 35TH ST  (3500 S) TO W 36TH PL  (3630 S),117376.98,Street Resurfacing
12,2024,Street Resurfacing Menu,ON S WASHTENAW AVE FROM W 35TH ST  (3500 S) TO W 35TH PL  (3530 S),28104.72,Street Resurfacing
12,2024,Street Resurfacing Menu,ON W 37TH PL FROM 3427 W TO S HOMAN AVE  (3400 W),28331.92,Street Resurfacing
12,2024,Street Resurfacing Menu,ON W 38TH ST FROM S CALIFORNIA AVE  (2800 W) TO S FRANCISCO AVE  (2900 W),75502.76,Street Resurfacing
12,2024,Street Resurfacing Menu,ON W 38TH ST FROM S FRANCISCO AVE  (2900 W) TO S SACRAMENTO AVE  (3000 W),80135.37,Street Resurfacing
12,2024,Street Speed Hump Menu,4600-4644 S ROCKWELL ST; ON S ROCKWELL ST FROM W 46TH ST  (4600 S) TO W 47TH ST (4700 S),4880.0,Street Resurfacing
12,2024,Street Speed Hump Menu,ON W 40TH PL FROM S ALBANY AVE  (3100 W) TO S KEDZIE AVE  (3200 W),4880.0,Street Resurfacing
12,2024,Street Speed Hump Replacement,ON S CAMPBELL AVE FROM W POPE JOHN PAUL II DR  (4300 S) TO W 45TH ST  (4500 S),0.0,Street Resurfacing
12,2024,Street Speed Hump Replacement,ON S MAPLEWOOD AVE FROM W 44TH ST  (4400 S) TO W 45TH ST  (4500 S),0.0,Street Resurfacing
13,2024,Alley Apron Menu,5759 S MASON AVE,25912.9,Alleys
13,2024,Alley Apron Menu,5801 S MELVINA AVE,4677.51,Alleys
13,2024,Alley Apron Menu,6244 S MAJOR AVE,5341.86,Alleys
13,2024,Alley Apron Menu,7059 W 63RD PL,23055.67,Alleys
13,2024,Alley Speed Hump Menu,5545 S NEWCASTLE AVE,725.0,Alleys
13,2024,Alley Speed Hump Menu,5710 W 56TH ST,725.0,Alleys
13,2024,Alley Speed Hump Menu,6244 S NASHVILLE AVE,725.0,Alleys
13,2024,Alley Speed Hump Menu,W ARCHER AVE &  S NEW ENGLAND AVE&S NEWCASTLE AVE &  W 56TH ST,1450.0,Alleys
13,2024,Bollard Menu,4459 W 55TH ST,1549.16,Pedestrian Infrastructure
13,2024,Bollard Menu,5915 S NATOMA AVE,1532.67,Pedestrian Infrastructure
13,2024,Curb & Gutter Menu,4134 W 58TH ST,2697.24,Street Resurfacing
13,2024,Curb & Gutter Menu,5711 S MASON AVE; 5719 S MASON AVE,8752.59,Street Resurfacing
13,2024,Curb & Gutter Menu,5804 S NEWCASTLE AVE; 5827 S NEWCASTLE AVE; 5841 S NEWCASTLE AVE,7932.29,Street Resurfacing
13,2024,Curb & Gutter Menu,5812 S KILDARE AVE,3065.06,Street Resurfacing
13,2024,Curb & Gutter Menu,5819-5823 S NARRAGANSETT AVE; 5854 S NARRAGANSETT AVE; 5826 S NARRAGANSETT AVE,21311.1,Street Resurfacing
13,2024,Curb & Gutter Menu,6006 S MOODY AVE,2549.47,Street Resurfacing
13,2024,Curb & Gutter Menu,6200 S NEENAH AVE; 6218 S NEENAH AVE,13063.24,Street Resurfacing
13,2024,Curb & Gutter Menu,6350 S OAK PARK AVE; 6356 S OAK PARK AVE,9217.85,Street Resurfacing
13,2024,Floodlight Menu,5518 S NEVA AVE,950.0,Lighting
13,2024,Floodlight Menu,5925 S MEADE AVE,950.0,Lighting
13,2024,Floodlight Menu,6455 S NATCHEZ AVE,950.0,Lighting
13,2024,Floodlight Menu,6458 W 60TH ST,950.0,Lighting
13,2024,Floodlight Menu,6559 S KNOX AVE,950.0,Lighting
13,2024,Miscellaneous CDOT Projects,5501 S MERRIMAC AVE,412.22,Misc. CDOT
13,2024,Miscellaneous CDOT Projects,6001 S AUSTIN AVE; S AUSTIN AVE &  W 60TH ST,12500.0,Misc. CDOT
13,2024,Pavement Markings Menu,W 55TH ST &  S CENTRAL AVE; W ARCHER AVE &  S OAK PARK AVE; W ARCHER AVE &  S NASHVILLE AVE; W 65TH ST &  S PULASKI RD; W 63RD ST &  S OAK PARK AVE,9903.92,Street Redesign
13,2024,Pavement Markings Menu,W ARCHER AVE &  S SAYRE AVE,9304.0,Street Redesign
13,2024,Sidewalk Menu,4134 W 63RD ST; W 63RD ST &  S KEDVALE AVE,16949.34,Sidewalk Repair
13,2024,Sidewalk Menu,4528 W 64TH PL,5134.29,Sidewalk Repair
13,2024,Sidewalk Menu,4543-4559 W 64TH ST,24977.5,Sidewalk Repair
13,2024,Sidewalk Menu,5214 W 64TH PL; W 64TH PL &  S LATROBE AVE,3270.05,Sidewalk Repair
13,2024,Sidewalk Menu,5515 S KOLMAR AVE,993.08,Sidewalk Repair
13,2024,Sidewalk Menu,5534 S MCVICKER AVE,3585.18,Sidewalk Repair
13,2024,Sidewalk Menu,5534 S NORDICA AVE,1956.39,Sidewalk Repair
13,2024,Sidewalk Menu,5556 S NEENAH AVE,3680.62,Sidewalk Repair
13,2024,Sidewalk Menu,5558 S KOLMAR AVE,10345.98,Sidewalk Repair
13,2024,Sidewalk Menu,5606 S NORMANDY AVE,7933.36,Sidewalk Repair
13,2024,Sidewalk Menu,5616 S MOODY AVE; 5601 S MOODY AVE,3639.67,Sidewalk Repair
13,2024,Sidewalk Menu,5639 S RUTHERFORD AVE,6241.51,Sidewalk Repair
13,2024,Sidewalk Menu,5642 S AUSTIN AVE,2606.53,Sidewalk Repair
13,2024,Sidewalk Menu,5651 S NEWLAND AVE,5759.37,Sidewalk Repair
13,2024,Sidewalk Menu,5655 S NEENAH AVE,8078.61,Sidewalk Repair
13,2024,Sidewalk Menu,5658 S SAYRE AVE,3662.02,Sidewalk Repair
13,2024,Sidewalk Menu,5709 S NATCHEZ AVE,4466.03,Sidewalk Repair
13,2024,Sidewalk Menu,5711 S MEADE AVE,3208.24,Sidewalk Repair
13,2024,Sidewalk Menu,5717 S MOODY AVE,5574.87,Sidewalk Repair
13,2024,Sidewalk Menu,5734 S KILBOURN AVE,4220.68,Sidewalk Repair
13,2024,Sidewalk Menu,5744 S MERRIMAC AVE,2471.73,Sidewalk Repair
13,2024,Sidewalk Menu,5824 S MERRIMAC AVE,3558.69,Sidewalk Repair
13,2024,Sidewalk Menu,5834 S NATCHEZ AVE,5243.87,Sidewalk Repair
13,2024,Sidewalk Menu,5842 S MONITOR AVE,1001.03,Sidewalk Repair
13,2024,Sidewalk Menu,5859 S NEWCASTLE AVE; 5819 S NEWCASTLE AVE,17573.96,Sidewalk Repair
13,2024,Sidewalk Menu,5900 W 64TH ST; 5904 W 64TH ST; 5908 W 64TH ST; 5910 W 64TH ST,8899.11,Sidewalk Repair
13,2024,Sidewalk Menu,5915 S MOODY AVE,2029.94,Sidewalk Repair
13,2024,Sidewalk Menu,5940 S MASSASOIT AVE,2436.63,Sidewalk Repair
13,2024,Sidewalk Menu,5941 W 64TH PL,4262.31,Sidewalk Repair
13,2024,Sidewalk Menu,5944 S MASSASOIT AVE,6941.25,Sidewalk Repair
13,2024,Sidewalk Menu,6027 S MULLIGAN AVE,1103.0,Sidewalk Repair
13,2024,Sidewalk Menu,6032 S KEATING AVE; 6059 S KEATING AVE,5190.7,Sidewalk Repair
13,2024,Sidewalk Menu,6037 S KILDARE AVE,3220.81,Sidewalk Repair
13,2024,Sidewalk Menu,6039 S KILBOURN AVE,4138.12,Sidewalk Repair
13,2024,Sidewalk Menu,6058 S KOLIN AVE,11904.5,Sidewalk Repair
13,2024,Sidewalk Menu,6104 S KEELER AVE; 6119 S KEELER AVE,6747.46,Sidewalk Repair
13,2024,Sidewalk Menu,6124 S MASSASOIT AVE,2644.23,Sidewalk Repair
13,2024,Sidewalk Menu,6134 S KEELER AVE,839.08,Sidewalk Repair
13,2024,Sidewalk Menu,6141 S TRIPP AVE; 6144 S TRIPP AVE; 6158 S TRIPP AVE,2202.12,Sidewalk Repair
13,2024,Sidewalk Menu,6153 W 63RD PL,1528.81,Sidewalk Repair
13,2024,Sidewalk Menu,6158 S NATCHEZ AVE,5508.51,Sidewalk Repair
13,2024,Sidewalk Menu,6200 S KENNETH AVE,10015.17,Sidewalk Repair
13,2024,Sidewalk Menu,6207 S TRIPP AVE,2757.31,Sidewalk Repair
13,2024,Sidewalk Menu,6215-6217 S MASSASOIT AVE; 6218 S MASSASOIT AVE,11980.07,Sidewalk Repair
13,2024,Sidewalk Menu,6216 S KOMENSKY AVE,4577.88,Sidewalk Repair
13,2024,Sidewalk Menu,6230 S KILPATRICK AVE,2420.9,Sidewalk Repair
13,2024,Sidewalk Menu,6242 S KEDVALE AVE,4199.94,Sidewalk Repair
13,2024,Sidewalk Menu,6249 W 63RD PL,2693.09,Sidewalk Repair
13,2024,Sidewalk Menu,6254 W 60TH ST,12101.83,Sidewalk Repair
13,2024,Sidewalk Menu,6327 S KEELER AVE,4339.15,Sidewalk Repair
13,2024,Sidewalk Menu,6330 W 64TH ST,3483.3,Sidewalk Repair
13,2024,Sidewalk Menu,6334 W 63RD PL,1162.98,Sidewalk Repair
13,2024,Sidewalk Menu,6339 S KEATING AVE,1090.37,Sidewalk Repair
13,2024,Sidewalk Menu,6355 S KNOX AVE,3347.91,Sidewalk Repair
13,2024,Sidewalk Menu,6358 S TRIPP AVE,2620.48,Sidewalk Repair
13,2024,Sidewalk Menu,6401 S LAPORTE AVE,17830.67,Sidewalk Repair
13,2024,Sidewalk Menu,6405 S KARLOV AVE,3409.28,Sidewalk Repair
13,2024,Sidewalk Menu,6412 S LECLAIRE AVE,639.43,Sidewalk Repair
13,2024,Sidewalk Menu,6423 S LOCKWOOD AVE,5721.61,Sidewalk Repair
13,2024,Sidewalk Menu,6429 S TRIPP AVE,2518.58,Sidewalk Repair
13,2024,Sidewalk Menu,6453 S KNOX AVE,3134.24,Sidewalk Repair
13,2024,Sidewalk Menu,6501 S KEELER AVE,827.9,Sidewalk Repair
13,2024,Sidewalk Menu,6517 W 63RD PL; 6539 W 63RD PL,6719.6,Sidewalk Repair
13,2024,Sidewalk Menu,6552 S KEDVALE AVE,4073.84,Sidewalk Repair
13,2024,Sidewalk Menu,6607 W 59TH ST,669.2,Sidewalk Repair
13,2024,Sidewalk Menu,6645 S KILPATRICK AVE,1088.99,Sidewalk Repair
13,2024,Sidewalk Menu,6750 W 63RD PL,3030.97,Sidewalk Repair
13,2024,Sidewalk Menu,6825 W 64TH ST,2697.33,Sidewalk Repair
13,2024,Sidewalk Menu,6835 W 63RD PL; 6841 W 63RD PL,5059.76,Sidewalk Repair
13,2024,Sidewalk Menu,6848 W 64TH PL,4053.46,Sidewalk Repair
13,2024,Sidewalk Menu,7015 W 64TH ST,2757.31,Sidewalk Repair
13,2024,Sidewalk Menu,7129 W 63RD PL,4198.1,Sidewalk Repair
13,2024,Sidewalk Menu,S MAYFIELD AVE &  W 61ST ST; 6101 S MAYFIELD AVE,9758.79,Sidewalk Repair
13,2024,Sidewalk Menu,S NARRAGANSETT AVE &  W 61ST ST; 6101 S NARRAGANSETT AVE,8743.84,Sidewalk Repair
13,2024,Street Light Upgrade Menu,4141 W 57TH ST,500.0,Lighting
13,2024,Street Light Upgrade Menu,5534 S NEVA AVE; 5518 S NEVA AVE; 5554 S NEVA AVE; 5530 S NEVA AVE,3750.0,Lighting
13,2024,Street Light Upgrade Menu,5544 S KOLIN AVE,500.0,Lighting
13,2024,Street Light Upgrade Menu,5800 S KILBOURN AVE,500.0,Lighting
13,2024,Street Light Upgrade Menu,5800 W 60TH ST,500.0,Lighting
13,2024,Street Light Upgrade Menu,5818-5820 S NEW ENGLAND AVE,500.0,Lighting
13,2024,Street Light Upgrade Menu,5839 S RUTHERFORD AVE,500.0,Lighting
13,2024,Street Light Upgrade Menu,5859 W 59TH ST; 5835 W 59TH ST,1000.0,Lighting
13,2024,Street Light Upgrade Menu,5901 W 59TH ST,500.0,Lighting
13,2024,Street Light Upgrade Menu,6341 W 63RD PL,500.0,Lighting
13,2024,Street Light Upgrade Menu,6358 S LAPORTE AVE,500.0,Lighting
13,2024,Street Light Upgrade Menu,6513 W 63RD PL,500.0,Lighting
13,2024,Street Light Upgrade Menu,6908 W 65TH ST,500.0,Lighting
13,2024,Street Resurfacing Menu,ON S KENNETH AVE FROM W 55TH ST  (5500 S) TO W 56TH ST  (5600 S),52817.74,Street Resurfacing
13,2024,Street Resurfacing Menu,ON S MASSASOIT AVE FROM W 59TH ST  (5900 S) TO W 60TH ST  (6000 S),25601.48,Street Resurfacing
13,2024,Street Resurfacing Menu,ON S MERRIMAC AVE FROM W 55TH ST  (5500 S) TO W 58TH ST  (5800 S),59012.6,Street Resurfacing
13,2024,Street Resurfacing Menu,ON S MERRIMAC AVE FROM W 62ND ST  (6200 S) TO W 63RD ST  (6300 S),54168.28,Street Resurfacing
13,2024,Street Resurfacing Menu,ON S NAGLE AVE FROM W 57TH ST  (5700 S) TO W 58TH ST  (5800 S),55548.17,Street Resurfacing
13,2024,Street Resurfacing Menu,ON S NATCHEZ AVE FROM W ARCHER AVE  (5500 S) TO W 56TH ST  (5600 S),42218.96,Street Resurfacing
13,2024,Street Resurfacing Menu,ON S NATOMA AVE FROM W ARCHER AVE  (5500 S) TO W 56TH ST  (5600 S),51173.61,Street Resurfacing
13,2024,Street Resurfacing Menu,ON S NEWCASTLE AVE FROM W ARCHER AVE  (5500 S) TO W 56TH ST  (5600 S),51614.0,Street Resurfacing
13,2024,Street Resurfacing Menu,ON S NEW ENGLAND AVE FROM 5925 S TO W 59TH ST  (5899 S),17717.43,Street Resurfacing
13,2024,Street Resurfacing Menu,ON S NEWLAND AVE FROM W ARCHER AVE  (5500 S) TO W 58TH ST  (5800 S),61009.04,Street Resurfacing
13,2024,Street Resurfacing Menu,ON S NORDICA AVE FROM W 56TH ST  (5600 S) TO W 57TH ST  (5700 S),55460.1,Street Resurfacing
13,2024,Street Resurfacing Menu,ON S NORMANDY AVE FROM W 59TH ST  (5899 S) TO W 60TH ST  (6000 S),12976.9,Street Resurfacing
13,2024,Street Resurfacing Menu,ON S OAK PARK AVE FROM W 56TH ST  (5599 S) TO W 57TH ST  (5700 S),53170.05,Street Resurfacing
13,2024,Street Resurfacing Menu,ON S OAK PARK AVE FROM W ARCHER AVE  (5500 S) TO W 56TH ST  (5599 S),57124.81,Street Resurfacing
13,2024,Street Resurfacing Menu,ON S RUTHERFORD AVE FROM W 56TH ST  (5600 S) TO W 57TH ST  (5700 S),56542.42,Street Resurfacing
13,2024,Street Resurfacing Menu,ON S SAYRE AVE FROM W ARCHER AVE  (5500 S) TO W 56TH ST  (5600 S),55902.83,Street Resurfacing
13,2024,Street Resurfacing Menu,ON W 58TH ST FROM S MAJOR AVE  (5700 W) TO S MELVINA AVE  (6200 W),58585.73,Street Resurfacing
13,2024,Street Resurfacing Menu,ON W 64TH ST FROM S MOBILE AVE  (6300 W) TO S NARRAGANSETT AVE  (6400 W),54256.36,Street Resurfacing
13,2024,Street Resurfacing Menu,ON W 64TH ST FROM S OAK PARK AVE  (6800 W) TO S NEW ENGLAND AVE  (6900 W),54483.27,Street Resurfacing
13,2024,Street Speed Hump Menu,ON S KEELER AVE FROM W 66TH ST  (6600 S) TO W MARQUETTE RD  (6700 S),4880.0,Street Resurfacing
13,2024,Street Speed Hump Menu,ON S MELVINA AVE FROM W 62ND ST  (6200 S) TO W 63RD ST  (6300 S),4880.0,Street Resurfacing
13,2024,Street Speed Hump Replacement,ON S OAK PARK AVE FROM W ARCHER AVE  (5500 S) TO W 56TH ST  (5599 S),0.0,Street Resurfacing
13,2024,Street Speed Hump Replacement,ON S SAYRE AVE FROM W ARCHER AVE  (5500 S) TO W 56TH ST  (5600 S),0.0,Street Resurfacing
14,2024,Alley Apron Menu,2914 W 54TH ST,17136.28,Alleys
14,2024,Alley Apron Menu,3401 W 65TH PL,28760.79,Alleys
14,2024,Alley Apron Menu,5114 S HOMAN AVE,16287.81,Alleys
14,2024,Alley Resurfacing Menu,W 52ND ST &  S TALMAN AVE&S WASHTENAW AVE &  W 53RD ST,35036.52,Alleys
14,2024,Alley Resurfacing Menu,W 56TH ST &  S SPAULDING AVE&S SAWYER AVE &  W 57TH ST,40320.5,Alleys
14,2024,Alley Resurfacing Menu,W 57TH ST &  S TRUMBULL AVE&S ST LOUIS AVE &  W 58TH ST,50638.94,Alleys
14,2024,Alley Speed Hump Replacement,W 52ND ST &  S TALMAN AVE&S WASHTENAW AVE &  W 53RD ST,0.0,Alleys
14,2024,Alley Speed Hump Replacement,W 56TH ST &  S SPAULDING AVE&S SAWYER AVE &  W 57TH ST,0.0,Alleys
14,2024,Alley Speed Hump Replacement,W 57TH ST &  S TRUMBULL AVE&S ST LOUIS AVE &  W 58TH ST,0.0,Alleys
14,2024,Curb & Gutter Menu,5733 S SAWYER AVE,8286.57,Street Resurfacing
14,2024,LED Traffic Signal Upgrades & Pedestrian Countdown Signal,W 55TH ST &  S ST LOUIS AVE,55000.0,Pedestrian Infrastructure
14,2024,Pavement Markings Menu,4815 S KARLOV AVE,1000.0,Street Redesign
14,2024,Sidewalk Menu,3321-3333 W 65TH PL,19475.99,Sidewalk Repair
14,2024,Sidewalk Menu,3355 W 65TH PL,15455.43,Sidewalk Repair
14,2024,Sidewalk Menu,3357 W 66TH ST,2813.19,Sidewalk Repair
14,2024,Sidewalk Menu,3418 W 66TH PL,4138.77,Sidewalk Repair
14,2024,Sidewalk Menu,3934 W 47TH ST,3613.3,Sidewalk Repair
14,2024,Sidewalk Menu,4213 W 47TH ST,4236.55,Sidewalk Repair
14,2024,Sidewalk Menu,4301 S KARLOV AVE,2813.19,Sidewalk Repair
14,2024,Sidewalk Menu,5005 S KEATING AVE,2308.16,Sidewalk Repair
14,2024,Sidewalk Menu,5755 S SAWYER AVE; 5727 S SAWYER AVE,13037.76,Sidewalk Repair
14,2024,Street Bump Outs Menu,ON S KILBOURN AVE FROM W 48TH ST  (4800 S) TO W 50TH ST  (5000 S),26433.14,Pedestrian Infrastructure
14,2024,Street Resurfacing Menu,ON S HOMAN AVE FROM W 65TH ST  (6500 S) TO W 66TH ST  (6600 S),52999.21,Street Resurfacing
14,2024,Street Resurfacing Menu,ON S KARLOV AVE FROM W 47TH ST  (4700 S) TO W 49TH ST  (4900 S),123844.56,Street Resurfacing
14,2024,Street Resurfacing Menu,ON S KILDARE AVE FROM W 45TH ST  (4500 S) TO W 47TH ST  (4700 S),152583.64,Street Resurfacing
14,2024,Street Resurfacing Menu,ON S SPAULDING AVE FROM W 55TH ST  (5499 S) TO W 56TH ST  (5600 S),58607.89,Street Resurfacing
14,2024,Street Resurfacing Menu,ON S SPAULDING AVE FROM W 61ST ST  (6100 S) TO W 63RD ST  (6300 S),165651.75,Street Resurfacing
14,2024,Street Resurfacing Menu,ON S ST LOUIS AVE FROM W 57TH ST  (5700 S) TO W 59TH ST  (5900 S),105018.34,Street Resurfacing
14,2024,Street Resurfacing Menu,ON W 45TH ST FROM 3813 W TO S PULASKI RD  (4000 W),148535.36,Street Resurfacing
14,2024,Street Resurfacing Menu,ON W 49TH ST FROM S PULASKI RD  (4000 W) TO S KARLOV AVE  (4100 W),69579.68,Street Resurfacing
14,2024,Street Resurfacing Menu,ON W 57TH ST FROM S TRUMBULL AVE  (3430 W) TO S ST LOUIS AVE  (3500 W),28865.87,Street Resurfacing
14,2024,Street Resurfacing Menu,ON W 59TH PL FROM S HOMAN AVE  (3400 W) TO S ST LOUIS AVE  (3500 W),60827.27,Street Resurfacing
14,2024,Street Speed Hump Menu,ON S HOMAN AVE FROM W 65TH ST  (6500 S) TO W 66TH ST  (6600 S),4880.0,Street Resurfacing
14,2024,Street Speed Hump Menu,ON S KEDVALE AVE FROM W 46TH ST  (4600 S) TO W 47TH ST  (4700 S),4880.0,Street Resurfacing
14,2024,Street Speed Hump Menu,ON S KENNETH AVE FROM W 50TH ST  (5000 S) TO W 51ST ST  (5099 S),4880.0,Street Resurfacing
14,2024,Street Speed Hump Menu,ON S KILBOURN AVE FROM W 48TH ST  (4800 S) TO W 50TH ST  (5000 S),9760.0,Street Resurfacing
14,2024,Street Speed Hump Menu,ON W 57TH ST FROM S TRUMBULL AVE  (3430 W) TO S ST LOUIS AVE  (3500 W),2440.0,Street Resurfacing
14,2024,Street Speed Hump Replacement,ON S KARLOV AVE FROM W 47TH ST  (4700 S) TO W 49TH ST  (4900 S),0.0,Street Resurfacing
14,2024,Street Speed Hump Replacement,ON S SPAULDING AVE FROM W 55TH ST  (5499 S) TO W 56TH ST  (5600 S),0.0,Street Resurfacing
14,2024,Street Speed Hump Replacement,ON W 49TH ST FROM S PULASKI RD  (4000 W) TO S KARLOV AVE  (4100 W),0.0,Street Resurfacing
14,2024,Street Speed Hump Replacement,ON W 59TH PL FROM S HOMAN AVE  (3400 W) TO S ST LOUIS AVE  (3500 W),0.0,Street Resurfacing
15,2024,Alley Resurfacing Menu,2417-2555 W 45TH ST; S ROCKWELL ST &  W 45TH ST&W 45TH PL &  S WESTERN AVE,95380.54,Alleys
15,2024,Alley Resurfacing Menu,W 58TH ST &  S FAIRFIELD AVE&S CALIFORNIA AVE &  W 59TH ST,41653.87,Alleys
15,2024,Alley Resurfacing Menu,W 61ST ST &  S ALBANY AVE&S TROY ST &  W 62ND ST,46840.5,Alleys
15,2024,Alley Speed Hump Menu,S WHIPPLE ST &  W 60TH ST&W 61ST ST &  S ALBANY AVE,2175.0,Alleys
15,2024,Alley Speed Hump Replacement,S ROCKWELL ST &  W 45TH ST&W 45TH PL &  S WESTERN AVE; 2417-2555 W 45TH ST,0.0,Alleys
15,2024,Alley Speed Hump Replacement,W 61ST ST &  S ALBANY AVE&S TROY ST &  W 62ND ST,0.0,Alleys
15,2024,Bollard Menu,4501 S WALLACE ST,5970.52,Pedestrian Infrastructure
15,2024,Pavement Markings Menu,ON W 47TH ST FROM S NORMAL AVE  (500 W) TO S UNION AVE  (700 W),17000.0,Street Redesign
15,2024,Sidewalk Menu,1850 W 45TH ST,5601.73,Sidewalk Repair
15,2024,Sidewalk Menu,2155 W 49TH PL,7058.52,Sidewalk Repair
15,2024,Sidewalk Menu,2532 W 46TH ST,5330.1,Sidewalk Repair
15,2024,Sidewalk Menu,2700-2759 W 57TH ST,141813.68,Sidewalk Repair
15,2024,Sidewalk Menu,3001 W 59TH ST,19519.64,Sidewalk Repair
15,2024,Sidewalk Menu,4511 S MARSHFIELD AVE,3840.02,Sidewalk Repair
15,2024,Sidewalk Menu,4527 S UNION AVE,6080.29,Sidewalk Repair
15,2024,Sidewalk Menu,4532 S EMERALD AVE,3745.66,Sidewalk Repair
15,2024,Sidewalk Menu,4735 S DAMEN AVE,2973.39,Sidewalk Repair
15,2024,Sidewalk Menu,4845 S WOLCOTT AVE,5928.6,Sidewalk Repair
15,2024,Sidewalk Menu,4857 S HOYNE AVE,3919.31,Sidewalk Repair
15,2024,Sidewalk Menu,4859 S HOYNE AVE,8789.81,Sidewalk Repair
15,2024,Sidewalk Menu,4934 S HOYNE AVE,20431.05,Sidewalk Repair
15,2024,Sidewalk Menu,4943 S HOYNE AVE,7892.67,Sidewalk Repair
15,2024,Sidewalk Menu,5000 S WESTERN AVE,13432.08,Sidewalk Repair
15,2024,Sidewalk Menu,525 W 46TH PL,4875.16,Sidewalk Repair
15,2024,Sidewalk Menu,5550 S FAIRFIELD AVE,4843.23,Sidewalk Repair
15,2024,Sidewalk Menu,5614 S WASHTENAW AVE,5219.02,Sidewalk Repair
15,2024,Sidewalk Menu,5616 S FAIRFIELD AVE,4844.42,Sidewalk Repair
15,2024,Sidewalk Menu,5649 S ARTESIAN AVE,3865.96,Sidewalk Repair
15,2024,Sidewalk Menu,5736 S SEELEY AVE,5490.29,Sidewalk Repair
15,2024,Sidewalk Menu,5747 S HOYNE AVE,619.11,Sidewalk Repair
15,2024,Sidewalk Menu,5751 S HAMILTON AVE,3934.17,Sidewalk Repair
15,2024,Sidewalk Menu,5755 S TALMAN AVE,16821.5,Sidewalk Repair
15,2024,Sidewalk Menu,5933 S WHIPPLE ST,6578.94,Sidewalk Repair
15,2024,Sidewalk Menu,6017 S FRANCISCO AVE,3917.81,Sidewalk Repair
15,2024,Sidewalk Menu,6101 S WOOD ST,15275.52,Sidewalk Repair
15,2024,Sidewalk Menu,6153 S RICHMOND ST,1356.43,Sidewalk Repair
15,2024,Sidewalk Menu,6158 S HONORE ST,5840.93,Sidewalk Repair
15,2024,Sidewalk Menu,6522 S SACRAMENTO AVE,5824.56,Sidewalk Repair
15,2024,Sidewalk Menu,ON S SACRAMENTO AVE FROM W 61ST ST  (6100 S) TO W 63RD ST  (6300 S),574302.8,Sidewalk Repair
15,2024,Sidewalk Menu,ON S WINCHESTER AVE FROM W 50TH ST  (5000 S) TO W 51ST ST  (5100 S),181259.95,Sidewalk Repair
15,2024,Speed Indicator Signs,ON W 47TH ST FROM S NORMAL AVE  (500 W) TO S UNION AVE  (700 W),4555.35,Traffic Signals
15,2024,Street Light Upgrade Menu,6336 S CALIFORNIA AVE,500.0,Lighting
15,2024,Street Resurfacing Menu,ON S PAULINA ST FROM W 47TH ST  (4700 S) TO W 48TH ST  (4800 S),38992.58,Street Resurfacing
15,2024,Street Resurfacing Menu,ON S WOOD ST FROM W 46TH ST  (4600 S) TO W 47TH ST  (4700 S),78096.21,Street Resurfacing
15,2024,Street Speed Hump Menu,ON S FAIRFIELD AVE FROM W 57TH ST  (5700 S) TO W 58TH ST  (5800 S),4880.0,Street Resurfacing
15,2024,Street Speed Hump Replacement,ON S PAULINA ST FROM W 47TH ST  (4700 S) TO W 48TH ST  (4800 S),0.0,Street Resurfacing
15,2024,Street Speed Hump Replacement,ON S WOOD ST FROM W 46TH ST  (4600 S) TO W 47TH ST  (4700 S),0.0,Street Resurfacing
16,2024,Alley Apron Menu,5701 S JUSTINE ST; 5759 S JUSTINE ST,59245.84,Alleys
16,2024,Alley Resurfacing Menu,W 57TH ST &  S JUSTINE ST&S LAFLIN ST &  W 58TH ST,30807.8,Alleys
16,2024,Alley Resurfacing Menu,W 61ST ST &  S CALIFORNIA AVE&S MOZART ST &  W 62ND ST,6693.86,Alleys
16,2024,Alley Resurfacing Menu,W 63RD ST &  S TALMAN AVE&S ROCKWELL ST &  W 64TH ST,48582.89,Alleys
16,2024,Alley Resurfacing Menu,W 65TH ST &  S TALMAN AVE&S WASHTENAW AVE &  W 66TH ST,35797.06,Alleys
16,2024,Alley Resurfacing Menu,W GARFIELD BLVD &  S ASHLAND AVE&S JUSTINE ST &  W 56TH ST,41435.24,Alleys
16,2024,Alley Speed Hump Replacement,W 63RD ST &  S TALMAN AVE&S ROCKWELL ST &  W 64TH ST,0.0,Alleys
16,2024,Miscellaneous CDOT Projects,5701 S ASHLAND AVE,862.0,Misc. CDOT
16,2024,Sidewalk Menu,6400 S HOYNE AVE,16137.44,Sidewalk Repair
16,2024,Sidewalk Menu,6458 S ARTESIAN AVE,6240.65,Sidewalk Repair
16,2024,Sidewalk Menu,ON W 54TH ST FROM S HERMITAGE AVE  (1730 W) TO S WOOD ST  (1800 W),10750.15,Sidewalk Repair
16,2024,Street Light Residential Staggered Piggy Back Menu,ON S JUSTINE ST FROM W 61ST ST  (6100 S) TO W 63RD ST  (6300 S),336000.0,Lighting
16,2024,Street Resurfacing Menu,ON S ABERDEEN ST FROM W 53RD ST  (5300 S) TO W 57TH ST  (5700 S),202940.84,Street Resurfacing
16,2024,Street Resurfacing Menu,ON S ABERDEEN ST FROM W 59TH ST  (5900 S) TO W 60TH ST  (6000 S),54747.51,Street Resurfacing
16,2024,Street Resurfacing Menu,ON S CARPENTER ST FROM W MARQUETTE RD  (6700 S) TO W 68TH ST  (6800 S),61367.68,Street Resurfacing
16,2024,Street Resurfacing Menu,ON S PEORIA ST FROM W 68TH ST  (6800 S) TO W 69TH ST  (6900 S),57227.99,Street Resurfacing
16,2024,Street Resurfacing Menu,ON S TALMAN AVE FROM W 62ND ST  (6200 S) TO W 63RD ST  (6300 S),51441.69,Street Resurfacing
16,2024,Street Resurfacing Menu,ON S WOLCOTT AVE FROM W 51ST ST  (5100 S) TO W 52ND ST  (5200 S),58374.37,Street Resurfacing
16,2024,Street Resurfacing Menu,ON S WOLCOTT AVE FROM W 53RD ST  (5300 S) TO W GARFIELD BLVD  (5500 S),115708.06,Street Resurfacing
16,2024,Street Resurfacing Menu,ON S WOLCOTT AVE FROM W 60TH ST  (6000 S) TO W 61ST ST  (6100 S),58607.89,Street Resurfacing
16,2024,Street Resurfacing Menu,ON S WOOD ST FROM W 51ST ST  (5100 S) TO W 53RD ST  (5300 S),140702.39,Street Resurfacing
16,2024,Street Resurfacing Menu,ON W 51ST PL FROM 2148 W TO S DAMEN AVE  (2000 W),84819.6,Street Resurfacing
16,2024,Street Speed Hump Menu,ON S CAMPBELL AVE FROM W 63RD ST  (6300 S) TO W 64TH ST  (6400 S),4880.0,Street Resurfacing
16,2024,Street Speed Hump Menu,ON S JUSTINE ST FROM W GARFIELD BLVD  (5500 S) TO W 56TH ST  (5600 S),2440.0,Street Resurfacing
16,2024,Street Speed Hump Menu,ON S MORGAN ST FROM W 59TH ST  (5900 S) TO W 60TH ST  (6000 S),4880.0,Street Resurfacing
16,2024,Street Speed Hump Replacement,ON S ABERDEEN ST FROM W 53RD ST  (5300 S) TO W 57TH ST  (5700 S),0.0,Street Resurfacing
16,2024,Street Speed Hump Replacement,ON S CARPENTER ST FROM W MARQUETTE RD  (6700 S) TO W 68TH ST  (6800 S),0.0,Street Resurfacing
16,2024,Street Speed Hump Replacement,ON S PEORIA ST FROM W 68TH ST  (6800 S) TO W 69TH ST  (6900 S),0.0,Street Resurfacing
16,2024,Street Speed Hump Replacement,ON S WOLCOTT AVE FROM W 53RD ST  (5300 S) TO W GARFIELD BLVD  (5500 S),0.0,Street Resurfacing
16,2024,Street Speed Hump Replacement,ON S WOLCOTT AVE FROM W 60TH ST  (6000 S) TO W 61ST ST  (6100 S),0.0,Street Resurfacing
17,2024,Alley Apron Menu,1400 W 73RD ST,6997.61,Alleys
17,2024,Alley Resurfacing Menu,S RACINE AVE &  W 79TH ST&W 80TH ST &  S ELIZABETH ST,40772.04,Alleys
17,2024,Concrete Alley Menu,S BISHOP ST &  W 76TH ST&W 77TH ST &  S LAFLIN ST,10522.05,Alleys
17,2024,Curb & Gutter Menu,7758 S WOLCOTT AVE,7283.31,Street Resurfacing
17,2024,Diagonal Parking Menu,ON S GREEN ST FROM 7914 S TO W 79TH ST  (7900 S),3467.1,Street Redesign
17,2024,Miscellaneous CDOT Projects,2433 W 71ST ST,660.0,Misc. CDOT
17,2024,Miscellaneous CDOT Projects,7958 S CARPENTER ST,660.0,Misc. CDOT
17,2024,Sidewalk Menu,1444 W 71ST PL,30640.92,Sidewalk Repair
17,2024,Sidewalk Menu,1754 W 79TH ST,25973.42,Sidewalk Repair
17,2024,Sidewalk Menu,3459 W 73RD ST,27697.96,Sidewalk Repair
17,2024,Sidewalk Menu,518 W WINNECONNA PKWY,17633.33,Sidewalk Repair
17,2024,Sidewalk Menu,7201 S CHRISTIANA AVE,25166.88,Sidewalk Repair
17,2024,Sidewalk Menu,ON S ELIZABETH ST FROM W 82ND ST  (8200 S) TO W 83RD ST  (8300 S),56764.21,Sidewalk Repair
17,2024,Sidewalk Menu,ON W 73RD ST FROM 2150 W TO S HOYNE AVE  (2100 W),40201.52,Sidewalk Repair
17,2024,Street Resurfacing Menu,ON S ARTESIAN AVE FROM W 71ST ST  (7100 S) TO W 72ND ST  (7200 S),57532.68,Street Resurfacing
17,2024,Street Resurfacing Menu,ON S EGGLESTON AVE FROM W WINNECONNA PKWY  (7740 S) TO W 79TH ST  (7900 S),95634.22,Street Resurfacing
17,2024,Street Resurfacing Menu,ON S ELIZABETH ST FROM W 69TH ST  (6900 S) TO W 71ST ST  (7100 S),112182.51,Street Resurfacing
17,2024,Street Resurfacing Menu,ON S HOMAN AVE FROM 7445 S TO W 73RD ST  (7300 S),90846.04,Street Resurfacing
17,2024,Street Resurfacing Menu,ON S HONORE ST FROM W 82ND ST  (8200 S) TO W 83RD ST  (8300 S),53543.77,Street Resurfacing
17,2024,Street Resurfacing Menu,ON S LOWE AVE FROM W 74TH ST  (7400 S) TO W 76TH ST  (7600 S),51727.46,Street Resurfacing
17,2024,Street Resurfacing Menu,ON S MAY ST FROM W 85TH ST  (8500 S) TO W 87TH ST  (8700 S),108429.32,Street Resurfacing
17,2024,Street Resurfacing Menu,ON S PEORIA ST FROM W 75TH ST  (7500 S) TO W 77TH ST  (7700 S),117231.78,Street Resurfacing
17,2024,Street Resurfacing Menu,ON S PERRY AVE FROM W 79TH ST  (7900 S) TO W 80TH ST  (8000 S),61778.57,Street Resurfacing
17,2024,Street Resurfacing Menu,ON S SEELEY AVE FROM W 71ST ST  (7100 S) TO W 74TH ST  (7400 S),197918.38,Street Resurfacing
17,2024,Street Resurfacing Menu,ON S TALMAN AVE FROM W 71ST ST  (7100 S) TO W 72ND ST  (7200 S),52927.22,Street Resurfacing
17,2024,Street Resurfacing Menu,ON S UNION AVE FROM W 74TH ST  (7400 S) TO W 76TH ST  (7600 S),119352.69,Street Resurfacing
17,2024,Street Resurfacing Menu,ON W 72ND ST FROM S DAMEN AVE  (2000 W) TO S SEELEY AVE  (2030 W),27715.23,Street Resurfacing
17,2024,Street Speed Hump Menu,ON W 73RD PL FROM S RACINE AVE  (1200 W) TO S ADA ST  (1300 W),7320.0,Street Resurfacing
17,2024,Street Speed Hump Replacement,ON S EGGLESTON AVE FROM W WINNECONNA PKWY  (7740 S) TO W 79TH ST  (7900 S),0.0,Street Resurfacing
17,2024,Street Speed Hump Replacement,ON S MAY ST FROM W 85TH ST  (8500 S) TO W 87TH ST  (8700 S),0.0,Street Resurfacing
17,2024,Street Speed Hump Replacement,ON S PEORIA ST FROM W 75TH ST  (7500 S) TO W 77TH ST  (7700 S),0.0,Street Resurfacing
17,2024,Street Speed Hump Replacement,ON S PERRY AVE FROM W 79TH ST  (7900 S) TO W 80TH ST  (8000 S),0.0,Street Resurfacing
17,2024,Street Speed Hump Replacement,ON S SEELEY AVE FROM W 71ST ST  (7100 S) TO W 74TH ST  (7400 S),0.0,Street Resurfacing
17,2024,Street Speed Hump Replacement,ON S UNION AVE FROM W 74TH ST  (7400 S) TO W 76TH ST  (7600 S),0.0,Street Resurfacing
18,2024,Alley Resurfacing Menu,S PULASKI RD &  W 84TH ST&W 85TH ST &  S KOMENSKY AVE,11062.38,Alleys
18,2024,Curb & Gutter Menu,ON S KNOX AVE FROM W 85TH ST  (8500 S) TO W 86TH ST  (8600 S),3466.0,Street Resurfacing
18,2024,Miscellaneous CDOT Projects,4532 W 77TH PL,660.0,Misc. CDOT
18,2024,Miscellaneous CDOT Projects,7901 S OAKLEY AVE,660.0,Misc. CDOT
18,2024,Pavement Markings Menu,ON S PULASKI RD FROM W 75TH PL  (7520 S) TO W 76TH ST  (7600 S),8500.0,Street Redesign
18,2024,Pavement Markings Menu,W 83RD ST &  S CALIFORNIA AVE,4000.0,Street Redesign
18,2024,Sidewalk Menu,3601 W 85TH ST,13980.31,Sidewalk Repair
18,2024,Sidewalk Menu,7715-7735 S WHIPPLE ST,5827.77,Sidewalk Repair
18,2024,Sidewalk Menu,8112 S CHRISTIANA AVE,7134.69,Sidewalk Repair
18,2024,Street Cul-de-Sac Menu,S KILBOURN AVE &  W 87TH ST,25000.0,Street Redesign
18,2024,Street Resurfacing Menu,ON S ALBANY AVE FROM W 72ND ST  (7200 S) TO W 74TH ST  (7400 S),99969.1,Street Resurfacing
18,2024,Street Resurfacing Menu,ON S ALBANY AVE FROM W 79TH ST  (7900 S) TO W 80TH ST  (8000 S),50703.86,Street Resurfacing
18,2024,Street Resurfacing Menu,ON S FRANCISCO AVE FROM W 82ND ST  (8200 S) TO W 83RD ST  (8300 S),54604.69,Street Resurfacing
18,2024,Street Resurfacing Menu,ON S KARLOV AVE FROM W 84TH ST  (8400 S) TO W 85TH ST  (8500 S),53992.12,Street Resurfacing
18,2024,Street Resurfacing Menu,ON S LAWNDALE AVE FROM W 84TH ST  (8400 S) TO W 85TH ST  (8500 S),68697.61,Street Resurfacing
18,2024,Street Resurfacing Menu,ON S LAWNDALE AVE FROM W 86TH ST  (8600 S) TO W 87TH ST  (8700 S),66954.97,Street Resurfacing
18,2024,Street Resurfacing Menu,ON S OAKLEY AVE FROM 8141 S TO W 81ST ST  (8100 S),75912.75,Street Resurfacing
18,2024,Street Resurfacing Menu,ON S SACRAMENTO AVE FROM W 79TH ST  (7900 S) TO W 80TH ST  (8000 S),53829.41,Street Resurfacing
18,2024,Street Resurfacing Menu,ON S WASHTENAW AVE FROM W 80TH ST  (8000 S) TO W 81ST ST  (8100 S),55841.77,Street Resurfacing
18,2024,Street Resurfacing Menu,ON W 77TH PL FROM S HAMLIN AVE  (3800 W) TO S SPRINGFIELD AVE  (3900 W),40222.52,Street Resurfacing
18,2024,Street Resurfacing Menu,ON W 80TH ST FROM 2214 W TO S OAKLEY AVE  (2300 W),38372.87,Street Resurfacing
18,2024,Street Resurfacing Menu,ON W 81ST ST FROM S KIRKLAND AVE  (4300 W) TO S KOSTNER AVE  (4400 W),73437.87,Street Resurfacing
18,2024,Street Resurfacing Menu,ON W 81ST ST FROM S MAPLEWOOD AVE  (2530 W) TO S TALMAN AVE  (2630 W),66593.99,Street Resurfacing
18,2024,Street Resurfacing Menu,ON W 82ND PL FROM W 82ND ST  (4250 W) TO S TALMAN AVE  (2630 W),89726.47,Street Resurfacing
18,2024,Street Resurfacing Menu,ON W 82ND ST FROM S HOMAN AVE  (3400 W) TO S ST LOUIS AVE  (3500 W),48707.34,Street Resurfacing
18,2024,Street Resurfacing Menu,ON W 82ND ST FROM S MAPLEWOOD AVE  (2530 W) TO S TALMAN AVE  (2630 W),58380.13,Street Resurfacing
18,2024,Street Resurfacing Menu,ON W 83RD PL FROM 2843 W TO S FRANCISCO AVE  (2900 W),33817.96,Street Resurfacing
18,2024,Street Resurfacing Menu,ON W 84TH PL FROM S WASHTENAW AVE  (2700 W) TO S CALIFORNIA AVE  (2800 W),60682.04,Street Resurfacing
18,2024,Street Resurfacing Menu,ON W 84TH ST FROM S JUSTINE ST  (1530 W) TO S MARSHFIELD AVE  (1630 W),53944.96,Street Resurfacing
18,2024,Street Resurfacing Menu,ON W 85TH PL FROM S CALIFORNIA AVE  (2800 W) TO S FRANCISCO AVE  (2890 W),70991.27,Street Resurfacing
18,2024,Street Resurfacing Menu,ON W 85TH ST FROM S PAULINA ST  (1700 W) TO S WOLCOTT AVE  (1900 W),134038.38,Street Resurfacing
18,2024,Street Resurfacing Menu,ON W 86TH ST FROM S ROCKWELL ST  (2620 W) TO S WASHTENAW AVE  (2700 W),53874.68,Street Resurfacing
18,2024,Street Speed Hump Menu,ON S HOYNE AVE FROM W 75TH PL  (7520 S) TO W 76TH ST  (7600 S),4880.0,Street Resurfacing
18,2024,Street Speed Hump Menu,ON W 86TH ST FROM S ASHLAND AVE  (1600 W) TO S DAMEN AVE  (2000 W),8862.68,Street Resurfacing
18,2024,Street Speed Hump Replacement,ON W 81ST ST FROM S KIRKLAND AVE  (4300 W) TO S KOSTNER AVE  (4400 W),0.0,Street Resurfacing
19,2024,Bollard Menu,S MALTA ST &  W 100TH PL,15613.96,Pedestrian Infrastructure
19,2024,Curb & Gutter Menu,10544 S MAPLEWOOD AVE,3083.43,Street Resurfacing
19,2024,Curb & Gutter Menu,9951 S CALIFORNIA AVE,4825.28,Street Resurfacing
19,2024,Miscellaneous CDOT Projects,10501 S CHRISTIANA AVE,660.0,Misc. CDOT
19,2024,Street Resurfacing Menu,10715-10735 S LAWNDALE AVE,25630.84,Street Resurfacing
19,2024,Street Resurfacing Menu,9731 S LONGWOOD DR,5490.23,Street Resurfacing
19,2024,Street Resurfacing Menu,ON S AVERS AVE FROM W 107TH ST  (10700 S) TO W 108TH PL  (10840 S),130619.06,Street Resurfacing
19,2024,Street Resurfacing Menu,ON S BELL AVE FROM W 96TH ST  (9600 S) TO W 97TH ST  (9700 S),54197.57,Street Resurfacing
19,2024,Street Resurfacing Menu,ON S CHURCH ST FROM W 109TH PL  (10930 S) TO W CHELSEA PL  (11000 S),44174.25,Street Resurfacing
19,2024,Street Resurfacing Menu,ON S CHURCH ST FROM W MONTEREY AVE  (11200 S) TO W MONTVALE AVE  (11300 S),52226.57,Street Resurfacing
19,2024,Street Resurfacing Menu,ON S CLAREMONT AVE FROM 9800 S TO W 99TH ST  (9900 S),64117.03,Street Resurfacing
19,2024,Street Resurfacing Menu,ON S FAIRFIELD AVE FROM W 107TH ST  (10700 S) TO W 108TH ST  (10800 S),50380.9,Street Resurfacing
19,2024,Street Resurfacing Menu,ON S HALE AVE FROM W 104TH ST  (10400 S) TO W 105TH ST  (10500 S),53324.02,Street Resurfacing
19,2024,Street Resurfacing Menu,ON S HALE AVE FROM W 115TH ST  (11500 S) TO W 117TH ST  (11700 S),114863.78,Street Resurfacing
19,2024,Street Resurfacing Menu,ON S HAMLIN AVE FROM W 114TH ST  (11400 S) TO W 114TH PL  (11440 S),39530.02,Street Resurfacing
19,2024,Street Resurfacing Menu,ON S HERMOSA AVE FROM W MONTVALE AVE  (11240 S) TO W EDMAIRE ST  (11330 S),50064.27,Street Resurfacing
19,2024,Street Resurfacing Menu,ON S HOYNE AVE FROM W 92ND ST  (9200 S) TO W 93RD ST  (9300 S),45976.98,Street Resurfacing
19,2024,Street Resurfacing Menu,ON S LEAVITT ST FROM W 90TH ST  (9000 S) TO W 91ST ST  (9100 S),51540.3,Street Resurfacing
19,2024,Street Resurfacing Menu,ON S OAKLEY AVE FROM W 110TH ST  (11000 S) TO S BELL AVE  (11050 S),28537.43,Street Resurfacing
19,2024,Street Resurfacing Menu,ON S PROSPECT AVE FROM W 106TH ST  (10600 S) TO W 107TH ST  (10700 S),53933.4,Street Resurfacing
19,2024,Street Resurfacing Menu,ON S SEELEY AVE FROM W 102ND ST  (10160 S) TO W 103RD ST  (10300 S),57459.49,Street Resurfacing
19,2024,Street Resurfacing Menu,ON S TALMAN AVE FROM W 100TH ST  (10000 S) TO W 101ST ST  (10100 S),60891.53,Street Resurfacing
19,2024,Street Resurfacing Menu,ON S WOOD ST FROM W 107TH ST  (10700 S) TO S PROSPECT AVE  (1600 W),94608.68,Street Resurfacing
19,2024,Street Resurfacing Menu,ON W 104TH ST FROM S LEAVITT ST  (2200 W) TO S BELL AVE  (2230 W),24838.07,Street Resurfacing
19,2024,Street Resurfacing Menu,ON W 106TH PL FROM 2602 W TO S TALMAN AVE  (2650 W),42334.31,Street Resurfacing
19,2024,Street Resurfacing Menu,ON W 110TH ST FROM S CHRISTIANA AVE  (3330 W) TO S SPAULDING AVE  (3300 W),83153.14,Street Resurfacing
19,2024,Street Resurfacing Menu,ON W 113TH PL FROM S BELL AVE  (2220 W) TO S OAKLEY AVE  (2300 W),51789.95,Street Resurfacing
19,2024,Street Resurfacing Menu,ON W 91ST PL FROM S PROSPECT SQ  (1800 W) TO S LONGWOOD DR  (1830 W),35136.53,Street Resurfacing
19,2024,Street Resurfacing Menu,ON W 91ST ST FROM S LONGWOOD DR  (1835 W) TO S PLEASANT AVE  (1899 W),46305.35,Street Resurfacing
19,2024,Street Resurfacing Menu,ON W 93RD ST FROM S PLEASANT AVE  (1900 W) TO S WINCHESTER AVE  (1940 W),32990.29,Street Resurfacing
19,2024,Street Resurfacing Menu,ON W 97TH ST FROM S DAMEN AVE  (2000 W) TO S HOYNE AVE  (2100 W),39253.65,Street Resurfacing
19,2024,Street Speed Hump Menu,ON W 110TH ST FROM S KEDZIE AVE  (3200 W) TO S HOMAN AVE  (3400 W),4880.0,Street Resurfacing
19,2024,Street Speed Hump Replacement,ON S HALE AVE FROM W 115TH ST  (11500 S) TO W 117TH ST  (11700 S),0.0,Street Resurfacing
19,2024,Street Speed Hump Replacement,ON S HERMOSA AVE FROM W MONTVALE AVE  (11240 S) TO W EDMAIRE ST  (11330 S),0.0,Street Resurfacing
20,2024,ADA - Street Resurfacing Menu,ON W 49TH PL FROM S PEORIA ST  (900 W) TO S MORGAN ST  (1000 W),3622.5,Street Resurfacing
20,2024,Alley Resurfacing Menu,E 65TH ST &  S RHODES AVE&S ST LAWRENCE AVE &  E MARQUETTE RD,30419.28,Alleys
20,2024,Alley Speed Hump Menu,S INGLESIDE AVE &  E 63RD ST&E 65TH ST &  S DREXEL AVE,0.0,Alleys
20,2024,Miscellaneous CDOT Projects,6101 S WABASH AVE,660.0,Misc. CDOT
20,2024,Street Resurfacing Menu,ON S ADA ST FROM W 47TH ST  (4700 S) TO W 48TH ST  (4800 S),69470.9,Street Resurfacing
20,2024,Street Resurfacing Menu,ON S DREXEL AVE FROM E MARQUETTE RD  (6600 S) TO E 67TH ST  (6700 S),46734.29,Street Resurfacing
20,2024,Street Resurfacing Menu,ON S EBERHART AVE FROM E 65TH ST  (6500 S) TO E MARQUETTE RD  (6600 S),64537.98,Street Resurfacing
20,2024,Street Resurfacing Menu,ON S EVANS AVE FROM E MARQUETTE RD  (6600 S) TO E 67TH ST  (6700 S),56732.02,Street Resurfacing
20,2024,Street Resurfacing Menu,ON S JUSTINE ST FROM W 47TH ST  (4700 S) TO W 48TH ST  (4800 S),42398.28,Street Resurfacing
20,2024,Street Resurfacing Menu,ON S LANGLEY AVE FROM E 60TH ST  (6000 S) TO E 62ND ST  (6200 S),93416.32,Street Resurfacing
20,2024,Street Resurfacing Menu,ON S LANGLEY AVE FROM E MARQUETTE RD  (6600 S) TO E 67TH ST  (6700 S),58769.55,Street Resurfacing
20,2024,Street Resurfacing Menu,ON S MARSHFIELD AVE FROM W 47TH ST  (4700 S) TO W 49TH ST  (4900 S),131726.31,Street Resurfacing
20,2024,Street Resurfacing Menu,ON S PAULINA ST FROM W 47TH ST  (4700 S) TO W 48TH ST  (4800 S),40804.29,Street Resurfacing
20,2024,Street Resurfacing Menu,ON S RHODES AVE FROM E 65TH ST  (6500 S) TO E MARQUETTE RD  (6600 S),56910.73,Street Resurfacing
20,2024,Street Resurfacing Menu,ON S UNIVERSITY AVE FROM E 61ST ST  (6100 S) TO E 63RD ST  (6300 S),120696.9,Street Resurfacing
20,2024,Street Resurfacing Menu,ON S UNIVERSITY AVE FROM E MARQUETTE RD  (6599 S) TO E 67TH ST  (6700 S),54743.53,Street Resurfacing
20,2024,Street Resurfacing Menu,ON W 49TH PL FROM S PEORIA ST  (900 W) TO S MORGAN ST  (1000 W),55833.81,Street Resurfacing
20,2024,Street Resurfacing Menu,ON W 49TH PL FROM S RACINE AVE  (1200 W) TO S THROOP ST  (1300 W),62199.21,Street Resurfacing
20,2024,Street Resurfacing Menu,ON W 59TH PL FROM 347 W TO S YALE AVE  (240 W),79060.19,Street Resurfacing
20,2024,Street Resurfacing Menu,ON W 60TH PL FROM S YALE AVE  (250 W) TO S FRONTENAC AVE  (600 W),189066.19,Street Resurfacing
20,2024,Street Resurfacing Menu,ON W 61ST PL FROM S NORMAL BLVD  (500 W) TO S WALLACE ST  (600 W),63240.36,Street Resurfacing
20,2024,Street Resurfacing Menu,ON W 61ST PL FROM S PRINCETON AVE  (300 W) TO S STEWART AVE  (400 W),64386.89,Street Resurfacing
20,2024,Street Speed Hump Menu,ON W 48TH ST FROM S RACINE AVE  (1200 W) TO S ASHLAND AVE  (1600 W),17080.0,Street Resurfacing
20,2024,Street Speed Hump Replacement,ON S ADA ST FROM W 47TH ST  (4700 S) TO W 48TH ST  (4800 S),0.0,Street Resurfacing
20,2024,Street Speed Hump Replacement,ON S JUSTINE ST FROM W 47TH ST  (4700 S) TO W 48TH ST  (4800 S),0.0,Street Resurfacing
20,2024,Street Speed Hump Replacement,ON S LANGLEY AVE FROM E 60TH ST  (6000 S) TO E 62ND ST  (6200 S),0.0,Street Resurfacing
20,2024,Street Speed Hump Replacement,ON S MARSHFIELD AVE FROM W 47TH ST  (4700 S) TO W 49TH ST  (4900 S),0.0,Street Resurfacing
20,2024,Street Speed Hump Replacement,ON S PAULINA ST FROM W 47TH ST  (4700 S) TO W 48TH ST  (4800 S),0.0,Street Resurfacing
20,2024,Street Speed Hump Replacement,ON S RHODES AVE FROM E 65TH ST  (6500 S) TO E MARQUETTE RD  (6600 S),0.0,Street Resurfacing
20,2024,Street Speed Hump Replacement,ON W 49TH PL FROM S RACINE AVE  (1200 W) TO S THROOP ST  (1300 W),0.0,Street Resurfacing
20,2024,Street Traffic Circle Menu,S THROOP ST &  W 50TH ST,28374.04,Street Redesign
21,2024,ADA - Alley Resurfacing Menu,ON W 113TH PL FROM S MAY ST  (1130 W) TO S RACINE AVE  (1200 W),12600.0,Alleys
21,2024,ADA - Street Resurfacing Menu,ON W 106TH ST FROM S ABERDEEN ST  (1100 W) TO S RACINE AVE  (1200 W),14490.0,Street Resurfacing
21,2024,ADA - Street Resurfacing Menu,ON W 112TH PL FROM S ABERDEEN ST  (1100 W) TO S MAY ST  (1130 W),10867.5,Street Resurfacing
21,2024,Sidewalk Menu,12234 S GREEN ST,666.05,Sidewalk Repair
21,2024,Sidewalk Menu,1657 W MONTEREY AVE,13382.3,Sidewalk Repair
21,2024,Sidewalk Menu,9142-9152 S ASHLAND AVE,13971.86,Sidewalk Repair
21,2024,Street Resurfacing Menu,ON S ADA ST FROM W 93RD ST  (9300 S) TO W 95TH ST  (9500 S),22815.08,Street Resurfacing
21,2024,Street Resurfacing Menu,ON S CARPENTER ST FROM W 101ST ST  (10100 S) TO W 103RD ST  (10300 S),112190.48,Street Resurfacing
21,2024,Street Resurfacing Menu,ON S ELIZABETH ST FROM W 89TH ST  (8860 S) TO W 90TH ST  (8999 S),53136.72,Street Resurfacing
21,2024,Street Resurfacing Menu,ON S EMERALD AVE FROM W 112TH ST  (11200 S) TO W 113TH ST  (11300 S),60944.71,Street Resurfacing
21,2024,Street Resurfacing Menu,ON S GREEN ST FROM W 101ST ST  (10100 S) TO W 102ND ST  (10200 S),55510.86,Street Resurfacing
21,2024,Street Resurfacing Menu,ON S GREEN ST FROM W 104TH ST  (10400 S) TO W 105TH ST  (10500 S),58314.29,Street Resurfacing
21,2024,Street Resurfacing Menu,ON S GREEN ST FROM W 107TH ST  (10700 S) TO W 108TH ST  (10800 S),57308.18,Street Resurfacing
21,2024,Street Resurfacing Menu,ON S JUSTINE ST FROM W 92ND ST  (9200 S) TO W 93RD ST  (9300 S),53103.38,Street Resurfacing
21,2024,Street Resurfacing Menu,ON S JUSTINE ST FROM W 92ND ST  (9200 S) TO W 93RD ST  (9300 S); ON S JUSTINE ST FROM W 93RD ST  (9300 S) TO W 94TH ST  (9400 S),46694.37,Street Resurfacing
21,2024,Street Resurfacing Menu,ON S LOOMIS ST FROM W 115TH ST  (11500 S) TO W 116TH ST  (11600 S),51790.16,Street Resurfacing
21,2024,Street Resurfacing Menu,ON S LOWE AVE FROM W 100TH ST  (10000 S) TO W 101ST ST  (10100 S),59958.42,Street Resurfacing
21,2024,Street Resurfacing Menu,ON S LOWE AVE FROM W 92ND ST  (9200 S) TO W 93RD ST  (9300 S),54571.35,Street Resurfacing
21,2024,Street Resurfacing Menu,ON S NORMAL AVE FROM W 103RD ST  (10300 S) TO W 103RD PL  (10330 S),24309.67,Street Resurfacing
21,2024,Street Resurfacing Menu,ON S NORMAL AVE FROM W 111TH ST  (11100 S) TO W 112TH ST  (11200 S),55583.86,Street Resurfacing
21,2024,Street Resurfacing Menu,ON S NORMAL AVE FROM W 111TH ST  (11100 S) TO W 112TH ST  (11200 S); ON S NORMAL AVE FROM W 112TH ST  (11200 S) TO W 113TH ST  (11300 S),40439.52,Street Resurfacing
21,2024,Street Resurfacing Menu,ON S PARNELL AVE FROM W 87TH ST S (8700 S) TO W 88TH ST  (8800 S),31886.84,Street Resurfacing
21,2024,Street Resurfacing Menu,ON S SANGAMON ST FROM S PEORIA ST  (10740 S) TO W 109TH ST  (10900 S),149600.84,Street Resurfacing
21,2024,Street Resurfacing Menu,ON S SANGAMON ST FROM W 105TH ST  (10500 S) TO W 106TH ST  (10600 S),62947.02,Street Resurfacing
21,2024,Street Resurfacing Menu,ON W 106TH ST FROM S ABERDEEN ST  (1100 W) TO S RACINE AVE  (1200 W),76809.73,Street Resurfacing
21,2024,Street Resurfacing Menu,ON W 112TH PL FROM S ABERDEEN ST  (1100 W) TO S MAY ST  (1130 W),31557.48,Street Resurfacing
21,2024,Street Resurfacing Menu,ON W 112TH PL FROM S ABERDEEN ST  (1100 W) TO S MAY ST  (1130 W); ON W 112TH PL FROM S MAY ST  (1130 W) TO S RACINE AVE  (1200 W),23093.77,Street Resurfacing
21,2024,Street Resurfacing Menu,ON W 112TH PL FROM S BISHOP ST  (1450 W) TO S LAFLIN ST  (1500 W),37844.4,Street Resurfacing
21,2024,Street Resurfacing Menu,ON W 113TH PL FROM S BISHOP ST  (1450 W) TO S LAFLIN ST  (1500 W),51729.42,Street Resurfacing
21,2024,Street Resurfacing Menu,ON W 113TH PL FROM S BISHOP ST  (1450 W) TO S LAFLIN ST  (1500 W); ON W 113TH PL FROM S LAFLIN ST  (1500 W) TO S ASHLAND AVE  (1550 W),18509.25,Street Resurfacing
21,2024,Street Resurfacing Menu,ON W 113TH PL FROM S MAY ST  (1130 W) TO S RACINE AVE  (1200 W),43536.01,Street Resurfacing
21,2024,Street Resurfacing Menu,ON W 113TH PL FROM S MAY ST  (1130 W) TO S RACINE AVE  (1200 W); ON W 113TH PL FROM S ABERDEEN ST  (1100 W) TO S MAY ST  (1130 W),27138.39,Street Resurfacing
21,2024,Street Resurfacing Menu,ON W 113TH PL FROM S THROOP ST  (1300 W) TO S ADA ST  (1330 W),50790.46,Street Resurfacing
21,2024,Street Resurfacing Menu,ON W 113TH PL FROM S THROOP ST  (1300 W) TO S ADA ST  (1330 W); ON W 113TH PL FROM S ADA ST  (1330 W) TO S LOOMIS ST  (1400 W),20311.0,Street Resurfacing
21,2024,Street Speed Hump Replacement,ON S CARPENTER ST FROM W 101ST ST  (10100 S) TO W 103RD ST  (10300 S),0.0,Street Resurfacing
21,2024,Street Speed Hump Replacement,ON S EMERALD AVE FROM W 112TH ST  (11200 S) TO W 113TH ST  (11300 S),0.0,Street Resurfacing
21,2024,Street Speed Hump Replacement,ON S GREEN ST FROM W 104TH ST  (10400 S) TO W 105TH ST  (10500 S),0.0,Street Resurfacing
21,2024,Street Speed Hump Replacement,ON S GREEN ST FROM W 107TH ST  (10700 S) TO W 108TH ST  (10800 S),0.0,Street Resurfacing
21,2024,Street Speed Hump Replacement,ON S LOWE AVE FROM W 100TH ST  (10000 S) TO W 101ST ST  (10100 S),0.0,Street Resurfacing
21,2024,Street Speed Hump Replacement,ON S NORMAL AVE FROM W 111TH ST  (11100 S) TO W 112TH ST  (11200 S),0.0,Street Resurfacing
21,2024,Street Speed Hump Replacement,ON S SANGAMON ST FROM S PEORIA ST  (10740 S) TO W 109TH ST  (10900 S),0.0,Street Resurfacing
21,2024,Street Speed Hump Replacement,ON S SANGAMON ST FROM W 105TH ST  (10500 S) TO W 106TH ST  (10600 S),0.0,Street Resurfacing
21,2024,Street Speed Hump Replacement,ON W 112TH PL FROM S MAY ST  (1130 W) TO S RACINE AVE  (1200 W),0.0,Street Resurfacing
21,2024,Street Speed Hump Replacement,ON W 113TH PL FROM S THROOP ST  (1300 W) TO S ADA ST  (1330 W),0.0,Street Resurfacing
22,2024,Alley Apron Menu,4015 W 25TH PL,12039.71,Alleys
22,2024,Alley Apron Menu,W 30TH ST &  S KEDVALE AVE&S KEELER AVE &  W 31ST ST; 3045 S KEELER AVE,8822.99,Alleys
22,2024,Alley Resurfacing Menu,2233 S CENTRAL PARK AVE; S DRAKE AVE &  W CERMAK RD&W 23RD ST &  S CENTRAL PARK AVE; 2222 S DRAKE AVE,41152.48,Alleys
22,2024,Alley Speed Hump Menu,W 47TH ST &  S LEAMINGTON AVE&S LARAMIE AVE &  W 48TH ST,1450.0,Alleys
22,2024,Alley Speed Hump Replacement,2233 S CENTRAL PARK AVE; S DRAKE AVE &  W CERMAK RD&W 23RD ST &  S CENTRAL PARK AVE; 2222 S DRAKE AVE,0.0,Alleys
22,2024,Curb & Gutter Menu,2237 S CHRISTIANA AVE,6832.75,Street Resurfacing
22,2024,Diagonal Parking Menu,5001-5013 W 44TH ST,74107.2,Street Redesign
22,2024,Floodlight Menu,3058 S AVERS AVE; 3850 W 31ST ST,500.0,Lighting
22,2024,Miscellaneous CDOT Projects,4901 S LAMON AVE,660.0,Misc. CDOT
22,2024,Pavement Markings Menu,ON W CERMAK RD FROM S PULASKI RD  (4000 W) TO S KILBOURN AVE  (4500 W),14500.0,Street Redesign
22,2024,Pedestrian Refuge Island Menu,3350 S KEDZIE AVE,80000.0,Pedestrian Infrastructure
22,2024,Sidewalk Menu,2505 S AVERS AVE,1115.9,Sidewalk Repair
22,2024,Sidewalk Menu,2518 S LAWNDALE AVE,2722.93,Sidewalk Repair
22,2024,Sidewalk Menu,2700 S KARLOV AVE,10823.23,Sidewalk Repair
22,2024,Sidewalk Menu,2840 S KEDVALE AVE,5321.86,Sidewalk Repair
22,2024,Sidewalk Menu,2847 S MILLARD AVE,4137.84,Sidewalk Repair
22,2024,Sidewalk Menu,3503-3507 W 25TH ST,36227.51,Sidewalk Repair
22,2024,Sidewalk Menu,4259-4263 W CERMAK RD,7816.95,Sidewalk Repair
22,2024,Sidewalk Menu,4329 W 26TH ST; 4335 W 26TH ST,17632.8,Sidewalk Repair
22,2024,Sidewalk Menu,4447-4459 W 30TH ST,22267.27,Sidewalk Repair
22,2024,Sidewalk Menu,4627-4631 S KILPATRICK AVE,9032.31,Sidewalk Repair
22,2024,Sidewalk Menu,4645 S LECLAIRE AVE,564.9,Sidewalk Repair
22,2024,Sidewalk Menu,4900-4904 S LA CROSSE AVE,7124.73,Sidewalk Repair
22,2024,Sidewalk Menu,4907 S LA CROSSE AVE,5007.4,Sidewalk Repair
22,2024,Sidewalk Menu,ON S KEELER AVE FROM W 24TH ST  (2400 S) TO W 24TH PL  (2440 S); 2412-2417 S KEELER AVE,36524.85,Sidewalk Repair
22,2024,Sidewalk Menu,ON S KEELER AVE FROM W 31ST ST  (3100 S) TO W 33RD ST  (3300 S),130186.77,Sidewalk Repair
22,2024,Street Bump Outs Menu,S KARLOV AVE &  W 25TH PL,24520.13,Pedestrian Infrastructure
22,2024,Street Light Upgrade Menu,3901 W 24TH ST,750.0,Lighting
22,2024,Street Light Upgrade Menu,4712 S LAVERGNE AVE,500.0,Lighting
22,2024,Street Resurfacing Menu,ON S HAMLIN AVE FROM W CERMAK RD  (2200 S) TO W 27TH ST  (2700 S),327461.67,Street Resurfacing
22,2024,Street Resurfacing Menu,ON S HARDING AVE FROM W 24TH ST  (2400 S) TO W 26TH ST  (2600 S),113568.03,Street Resurfacing
22,2024,Street Resurfacing Menu,ON S HOMAN AVE FROM W 23RD ST  (2300 S) TO W 24TH ST  (2400 S),61062.15,Street Resurfacing
22,2024,Street Resurfacing Menu,ON S KARLOV AVE FROM W 28TH ST  (2800 S) TO W 30TH ST  (3000 S),64405.15,Street Resurfacing
22,2024,Street Resurfacing Menu,ON S KILPATRICK AVE FROM W 45TH ST  (4500 S) TO W 46TH ST  (4600 S),53749.29,Street Resurfacing
22,2024,Street Resurfacing Menu,ON S LA CROSSE AVE FROM W 49TH ST  (4900 S) TO W 50TH ST  (5000 S),54373.73,Street Resurfacing
22,2024,Street Resurfacing Menu,ON S MILLARD AVE FROM 3240 S TO W 31ST ST  (3100 S),99753.99,Street Resurfacing
22,2024,Street Resurfacing Menu,ON W 23RD ST FROM S LAWNDALE AVE  (3700 W) TO S RIDGEWAY AVE  (3732 W),35318.24,Street Resurfacing
22,2024,Street Resurfacing Menu,ON W 24TH ST FROM S LAWNDALE AVE  (3700 W) TO S RIDGEWAY AVE  (3730 W),31574.91,Street Resurfacing
22,2024,Street Resurfacing Menu,ON W 24TH ST FROM S ST LOUIS AVE  (3500 W) TO S CENTRAL PARK AVE  (3600 W),49685.6,Street Resurfacing
22,2024,Street Speed Hump Menu,ON S KARLOV AVE FROM W 30TH ST  (3000 S) TO W 31ST ST  (3100 S),4880.0,Street Resurfacing
22,2024,Street Speed Hump Menu,ON S KOMENSKY AVE FROM W 27TH ST  (2700 S) TO W 28TH ST  (2800 S),4880.0,Street Resurfacing
22,2024,Street Speed Hump Replacement,ON S HOMAN AVE FROM W 23RD ST  (2300 S) TO W 24TH ST  (2400 S),0.0,Street Resurfacing
22,2024,Street Speed Hump Replacement,ON S KARLOV AVE FROM W 28TH ST  (2800 S) TO W 30TH ST  (3000 S),0.0,Street Resurfacing
22,2024,Street Speed Hump Replacement,ON S MILLARD AVE FROM 3240 S TO W 31ST ST  (3100 S),0.0,Street Resurfacing
23,2024,Alley Apron Menu,3616 W 59TH PL,20198.2,Alleys
23,2024,Alley Apron Menu,3700 W 66TH ST,30393.75,Alleys
23,2024,Alley Apron Menu,5001 S LA CROSSE AVE,24759.61,Alleys
23,2024,Alley Apron Menu,5116 S MASSASOIT AVE,19870.02,Alleys
23,2024,Alley Apron Menu,5200 S LARAMIE AVE,19271.03,Alleys
23,2024,Alley Apron Menu,6758 W ARCHER AVE,12787.67,Alleys
23,2024,Alley Apron Menu,ON W 52ND ST FROM S RUTHERFORD AVE  (6730 W) TO S OAK PARK AVE  (6799 W),25345.31,Alleys
23,2024,Alley Speed Hump Menu,W 65TH PL &  S PULASKI RD&S SPRINGFIELD AVE &  W 66TH ST,1450.0,Alleys
23,2024,Bollard Menu,5001 S LA CROSSE AVE,1549.16,Pedestrian Infrastructure
23,2024,Curb & Gutter Menu,3937 W 63RD PL,4140.29,Street Resurfacing
23,2024,Curb & Gutter Menu,5221 S NATOMA AVE,6537.37,Street Resurfacing
23,2024,Curb & Gutter Menu,5252 S AUSTIN AVE,14900.21,Street Resurfacing
23,2024,Curb & Gutter Menu,5300 S TRIPP AVE,14765.23,Street Resurfacing
23,2024,Curb & Gutter Menu,5302 S HARDING AVE,4872.86,Street Resurfacing
23,2024,Curb & Gutter Menu,5314 S HAMLIN AVE; 5316 S HAMLIN AVE; 5340 S HAMLIN AVE,25609.0,Street Resurfacing
23,2024,Curb & Gutter Menu,5343 S NEWCASTLE AVE,7145.01,Street Resurfacing
23,2024,Curb & Gutter Menu,5422-5424 S LARAMIE AVE,10612.37,Street Resurfacing
23,2024,Curb & Gutter Menu,6805 S KILBOURN AVE,7246.13,Street Resurfacing
23,2024,Curb & Gutter Menu,7258 S RIDGEWAY AVE,13479.72,Street Resurfacing
23,2024,Pavement Markings Menu,ON S ARCHER AVE FROM S MCVICKER AVE  (6180 S) TO S MULLIGAN AVE  (6400 S),15000.0,Street Redesign
23,2024,Pavement Markings Menu,W 55TH ST &  S CENTRAL AVE; W ARCHER AVE &  S OAK PARK AVE; W ARCHER AVE &  S NASHVILLE AVE; W 65TH ST &  S PULASKI RD; W 63RD ST &  S OAK PARK AVE,12183.1,Street Redesign
23,2024,Pavement Markings Menu,W 59TH ST &  S PULASKI RD,17000.0,Street Redesign
23,2024,Pavement Markings Menu,W ARCHER AVE &  S SAYRE AVE,9304.0,Street Redesign
23,2024,Sidewalk Menu,3648 W 70TH PL,6757.12,Sidewalk Repair
23,2024,Sidewalk Menu,3737 W 69TH PL,4664.44,Sidewalk Repair
23,2024,Sidewalk Menu,3824 W 66TH PL,9027.16,Sidewalk Repair
23,2024,Sidewalk Menu,5106 S NORMANDY AVE,4138.12,Sidewalk Repair
23,2024,Sidewalk Menu,5143 S AUSTIN AVE,6926.34,Sidewalk Repair
23,2024,Sidewalk Menu,5208 S NEENAH AVE,4463.41,Sidewalk Repair
23,2024,Sidewalk Menu,5257 S SAYRE AVE,4586.93,Sidewalk Repair
23,2024,Sidewalk Menu,5259 S OAK PARK AVE,19759.84,Sidewalk Repair
23,2024,Sidewalk Menu,5300 S SAYRE AVE,8822.55,Sidewalk Repair
23,2024,Sidewalk Menu,5352 S NORMANDY AVE; 5300 S NORMANDY AVE; 5348 S NORMANDY AVE; 5304 S NORMANDY AVE,26335.94,Sidewalk Repair
23,2024,Sidewalk Menu,5401 S NORMANDY AVE,5602.05,Sidewalk Repair
23,2024,Sidewalk Menu,6900 S KEDVALE AVE,3477.74,Sidewalk Repair
23,2024,Sidewalk Menu,7144 S MILLARD AVE,3423.3,Sidewalk Repair
23,2024,Sidewalk Menu,7150 S AVERS AVE,450.96,Sidewalk Repair
23,2024,Sidewalk Menu,7250 S MILLARD AVE,2554.88,Sidewalk Repair
23,2024,Sidewalk Menu,7254 S RIDGEWAY AVE,5167.3,Sidewalk Repair
23,2024,Street Bump Outs Menu,5100-5101 S NATOMA AVE,3353.97,Pedestrian Infrastructure
23,2024,Street Light Upgrade Menu,5402 S LONG AVE,500.0,Lighting
23,2024,Street Resurfacing Menu,ON S AVERS AVE FROM W 51ST ST  (5100 S) TO W 52ND ST  (5200 S),43951.17,Street Resurfacing
23,2024,Street Resurfacing Menu,ON S KARLOV AVE FROM W 68TH ST  (6800 S) TO W 69TH ST  (6900 S),56487.68,Street Resurfacing
23,2024,Street Resurfacing Menu,ON S KEDVALE AVE FROM W 68TH ST  (6800 S) TO W 69TH ST  (6900 S),53782.63,Street Resurfacing
23,2024,Street Resurfacing Menu,ON S KENNETH AVE FROM W MARQUETTE RD  (6700 S) TO W 68TH ST  (6800 S),54823.25,Street Resurfacing
23,2024,Street Resurfacing Menu,ON S KILBOURN AVE FROM 6827 S TO W 68TH ST  (6800 S),23751.84,Street Resurfacing
23,2024,Street Resurfacing Menu,ON S KILDARE AVE FROM W 68TH ST  (6800 S) TO W 69TH ST  (6900 S),58784.04,Street Resurfacing
23,2024,Street Resurfacing Menu,ON S MERRIMAC AVE FROM W 54TH ST  (5400 S) TO S ARCHER AVE  (6300 S),30198.99,Street Resurfacing
23,2024,Street Resurfacing Menu,ON S MILLARD AVE FROM W 71ST ST  (7100 S) TO W 72ND ST  (7200 S),56424.91,Street Resurfacing
23,2024,Street Resurfacing Menu,ON S NASHVILLE AVE FROM W 53RD ST  (5300 S) TO W 54TH ST  (5400 S),52436.07,Street Resurfacing
23,2024,Street Resurfacing Menu,ON S NORDICA AVE FROM W 51ST PL  (5130 S) TO W 52ND ST  (5200 S),38816.42,Street Resurfacing
23,2024,Street Resurfacing Menu,ON S RIDGEWAY AVE FROM W 71ST ST  (7100 S) TO W 72ND ST  (7200 S),43777.36,Street Resurfacing
23,2024,Street Resurfacing Menu,ON S RIDGEWAY AVE FROM W 72ND ST  (7200 S) TO W 73RD ST  (7300 S),59650.55,Street Resurfacing
23,2024,Street Resurfacing Menu,ON W 53RD ST FROM S KENNETH AVE  (4430 W) TO S KILBOURN AVE  (4500 W),18620.3,Street Resurfacing
23,2024,Street Resurfacing Menu,ON W 55TH PL FROM S CENTRAL PARK AVE  (3600 W) TO S LAWNDALE AVE  (3700 W),50351.54,Street Resurfacing
23,2024,Street Resurfacing Menu,ON W 57TH ST FROM S SPRINGFIELD AVE  (3900 W) TO S PULASKI RD  (4000 W),56957.43,Street Resurfacing
23,2024,Street Resurfacing Menu,ON W 61ST PL FROM S CENTRAL PARK AVE  (3600 W) TO S LAWNDALE AVE  (3700 W),48548.75,Street Resurfacing
23,2024,Street Resurfacing Menu,ON W 61ST ST FROM S CENTRAL PARK AVE  (3600 W) TO S CENTRAL PARK AVE  (3600 W),10639.73,Street Resurfacing
23,2024,Street Resurfacing Menu,ON W 62ND ST FROM S CENTRAL PARK AVE  (3600 W) TO S CENTRAL PARK AVE  (3600 W),10481.34,Street Resurfacing
23,2024,Street Resurfacing Menu,ON W 63RD PL FROM S LAWNDALE AVE  (3700 W) TO S HAMLIN AVE  (3800 W),55984.59,Street Resurfacing
23,2024,Street Resurfacing Menu,ON W 65TH PL FROM S HAMLIN AVE  (3800 W) TO S SPRINGFIELD AVE  (3900 W),58278.61,Street Resurfacing
23,2024,Street Resurfacing Menu,ON W 65TH PL FROM S LAWNDALE AVE  (3700 W) TO S HAMLIN AVE  (3800 W),61353.26,Street Resurfacing
23,2024,Street Resurfacing Menu,ON W 66TH PL FROM S ST LOUIS AVE  (3500 W) TO S CENTRAL PARK AVE  (3600 W),54877.1,Street Resurfacing
23,2024,Street Resurfacing Menu,ON W 66TH ST FROM S CENTRAL PARK AVE  (3560 W) TO S CENTRAL PARK AVE  (3560 W),12653.94,Street Resurfacing
23,2024,Street Speed Hump Menu,ON S CENTRAL PARK AVE FROM W 61ST ST  (6100 S) TO W 63RD ST  (6300 S),7320.0,Street Resurfacing
23,2024,Street Speed Hump Menu,ON S HAMLIN AVE FROM W 51ST ST  (5100 S) TO W 52ND ST  (5200 S),4880.0,Street Resurfacing
23,2024,Street Speed Hump Menu,ON S MASSASOIT AVE FROM W 53RD ST  (5300 S) TO S ARCHER AVE  (5990 S),2440.0,Street Resurfacing
23,2024,Street Speed Hump Menu,ON S PARKSIDE AVE FROM W 53RD ST  (5300 S) TO S ARCHER AVE  (5920 S),2440.0,Street Resurfacing
23,2024,Street Speed Hump Menu,ON S SPRINGFIELD AVE FROM W 60TH PL  (6030 S) TO W 61ST PL  (6130 S),4880.0,Street Resurfacing
23,2024,Street Speed Hump Menu,ON S SPRINGFIELD AVE FROM W 69TH ST  (6900 S) TO W 69TH PL  (6930 S),2440.0,Street Resurfacing
23,2024,Street Speed Hump Menu,ON S SPRINGFIELD AVE FROM W 71ST ST  (7100 S) TO W 72ND ST  (7200 S),4880.0,Street Resurfacing
23,2024,Street Speed Hump Menu,ON W 54TH ST FROM S NATCHEZ AVE  (6500 W) TO S NASHVILLE AVE  (6600 W),4880.0,Street Resurfacing
23,2024,Street Speed Hump Menu,ON W 58TH ST FROM S CENTRAL PARK AVE  (3600 W) TO S LAWNDALE AVE  (3700 W),4880.0,Street Resurfacing
23,2024,Street Speed Hump Menu,ON W 59TH PL FROM S HAMLIN AVE  (3800 W) TO S SPRINGFIELD AVE  (3900 W),4880.0,Street Resurfacing
23,2024,Street Speed Hump Replacement,ON S KILDARE AVE FROM W 68TH ST  (6800 S) TO W 69TH ST  (6900 S),0.0,Street Resurfacing
23,2024,Street Speed Hump Replacement,ON S NORDICA AVE FROM W 51ST PL  (5130 S) TO W 52ND ST  (5200 S),0.0,Street Resurfacing
23,2024,Street Speed Hump Replacement,ON S RIDGEWAY AVE FROM W 71ST ST  (7100 S) TO W 72ND ST  (7200 S),0.0,Street Resurfacing
23,2024,Street Speed Hump Replacement,ON W 66TH PL FROM S ST LOUIS AVE  (3500 W) TO S CENTRAL PARK AVE  (3600 W),0.0,Street Resurfacing
24,2024,Alley Apron Menu,4144 W ARTHINGTON ST,12922.59,Alleys
24,2024,Alley Resurfacing Menu,S LAWNDALE AVE &  W 15TH ST&W DOUGLAS BLVD &  S MILLARD AVE,76514.61,Alleys
24,2024,Alley Resurfacing Menu,S SPRINGFIELD AVE &  W FLOURNOY ST&S INDEPENDENCE BLVD &  W LEXINGTON ST,40282.93,Alleys
24,2024,Alley Resurfacing Menu,S TRUMBULL AVE &  W 16TH ST&W 18TH ST &  S ST LOUIS AVE,23619.95,Alleys
24,2024,Alley Resurfacing Menu,W CERMAK RD &  S TROY ST&S ALBANY AVE &  W 23RD ST,57422.76,Alleys
24,2024,Alley Resurfacing Menu,W HARRISON ST &  S CICERO AVE&S KILPATRICK AVE &  W FLOURNOY ST,16988.16,Alleys
24,2024,Alley Resurfacing Menu,W HARRISON ST &  S KILPATRICK AVE&S KILPATRICK AVE &  W FLOURNOY ST,36909.48,Alleys
24,2024,Alley Resurfacing Menu,W OGDEN AVE &  S HOMAN AVE&S KEDZIE AVE &  W 19TH ST; 3315 W OGDEN AVE,163732.44,Alleys
24,2024,Alley Resurfacing Menu,W OGDEN AVE &  S LAWNDALE AVE&S RIDGEWAY AVE &  W 19TH ST,26324.9,Alleys
24,2024,Alley Speed Hump Menu,W 16TH ST &  S LAWNDALE AVE&S MILLARD AVE &  W OGDEN AVE,1200.44,Alleys
24,2024,Alley Speed Hump Replacement,S LAWNDALE AVE &  W 15TH ST&W DOUGLAS BLVD &  S MILLARD AVE,0.0,Alleys
24,2024,Alley Speed Hump Replacement,S TRUMBULL AVE &  W 16TH ST&W 18TH ST &  S ST LOUIS AVE,0.0,Alleys
24,2024,Alley Speed Hump Replacement,W CERMAK RD &  S TROY ST&S ALBANY AVE &  W 23RD ST,0.0,Alleys
24,2024,Alley Speed Hump Replacement,W OGDEN AVE &  S HOMAN AVE&S KEDZIE AVE &  W 19TH ST; 3315 W OGDEN AVE,0.0,Alleys
24,2024,Alley Speed Hump Replacement,W OGDEN AVE &  S LAWNDALE AVE&S RIDGEWAY AVE &  W 19TH ST,0.0,Alleys
24,2024,Curb & Gutter Menu,1538-1554 S TRUMBULL AVE,1522.2,Street Resurfacing
24,2024,Floodlight Menu,S KEDVALE AVE &  W 13TH ST,950.0,Lighting
24,2024,Miscellaneous CDOT Projects,1101 S CENTRAL PARK AVE,660.0,Misc. CDOT
24,2024,Pavement Markings Menu,W OGDEN AVE &  S ALBANY AVE,1600.0,Street Redesign
24,2024,Sidewalk Menu,3210 W 21ST ST,44884.33,Sidewalk Repair
24,2024,Street Light Upgrade Menu,1800-1900 S CENTRAL PARK AVE,1000.0,Lighting
24,2024,Street Light Upgrade Menu,3736 W CERMAK RD,500.0,Lighting
24,2024,Street Resurfacing Menu,ON S ALBANY AVE FROM W CERMAK RD  (2200 S) TO W 23RD ST  (2300 S),79093.79,Street Resurfacing
24,2024,Street Resurfacing Menu,ON S AVERS AVE FROM W 18TH ST  (1800 S) TO W 19TH ST  (1900 S),61390.71,Street Resurfacing
24,2024,Street Resurfacing Menu,ON S CHRISTIANA AVE FROM W ROOSEVELT RD  (1200 S) TO W 13TH ST  (1300 S),57895.3,Street Resurfacing
24,2024,Street Resurfacing Menu,ON S KENNETH AVE FROM W 14TH ST  (1400 S) TO W 15TH ST  (1500 S),59063.36,Street Resurfacing
24,2024,Street Resurfacing Menu,ON S KILPATRICK AVE FROM W HARRISON ST  (600 S) TO W FLOURNOY ST  (700 S),25924.3,Street Resurfacing
24,2024,Street Resurfacing Menu,ON S KOMENSKY AVE FROM W 16TH ST  (1600 S) TO W 18TH ST  (1800 S),58431.73,Street Resurfacing
24,2024,Street Resurfacing Menu,ON S LAWNDALE AVE FROM W 18TH ST  (1800 S) TO W 19TH ST  (1900 S),64344.09,Street Resurfacing
24,2024,Street Resurfacing Menu,ON S MILLARD AVE FROM W 13TH ST  (1300 S) TO W DOUGLAS BLVD  (1400 S),62620.12,Street Resurfacing
24,2024,Street Resurfacing Menu,ON S MILLARD AVE FROM W 15TH ST  (1500 S) TO W 16TH ST  (1600 S),55084.75,Street Resurfacing
24,2024,Street Resurfacing Menu,ON S RIDGEWAY AVE FROM W DOUGLAS BLVD  (1410 S) TO W 15TH ST  (1500 S),62749.75,Street Resurfacing
24,2024,Street Resurfacing Menu,ON S SAWYER AVE FROM W 16TH ST  (1600 S) TO W OGDEN AVE  (1660 S),39272.93,Street Resurfacing
24,2024,Street Resurfacing Menu,ON S SPAULDING AVE FROM W 21ST ST  (2100 S) TO W CERMAK RD  (2200 S),56098.05,Street Resurfacing
24,2024,Street Resurfacing Menu,ON S SPAULDING AVE FROM W DOUGLAS BLVD  (1360 S) TO W 15TH ST  (1500 S),53463.24,Street Resurfacing
24,2024,Street Resurfacing Menu,ON S SPRINGFIELD AVE FROM W 19TH ST  (1900 S) TO W OGDEN AVE  (2160 S),90360.12,Street Resurfacing
24,2024,Street Resurfacing Menu,ON S ST LOUIS AVE FROM W GRENSHAW ST  (1130 S) TO W ROOSEVELT RD  (1200 S),30139.99,Street Resurfacing
24,2024,Street Resurfacing Menu,ON W POLK ST FROM S INDEPENDENCE BLVD  (3738 W) TO S SPRINGFIELD AVE  (3900 W),75939.95,Street Resurfacing
24,2024,Street Speed Hump Menu,ON S KOLIN AVE FROM W 14TH ST  (1400 S) TO W 15TH ST  (1500 S),4880.0,Street Resurfacing
24,2024,Street Speed Hump Replacement,ON S CHRISTIANA AVE FROM W ROOSEVELT RD  (1200 S) TO W 13TH ST  (1300 S),0.0,Street Resurfacing
24,2024,Street Speed Hump Replacement,ON S KOMENSKY AVE FROM W 16TH ST  (1600 S) TO W 18TH ST  (1800 S),0.0,Street Resurfacing
24,2024,Street Speed Hump Replacement,ON S MILLARD AVE FROM W 13TH ST  (1300 S) TO W DOUGLAS BLVD  (1400 S),0.0,Street Resurfacing
24,2024,Street Speed Hump Replacement,ON S MILLARD AVE FROM W 15TH ST  (1500 S) TO W 16TH ST  (1600 S),0.0,Street Resurfacing
24,2024,Street Speed Hump Replacement,ON S RIDGEWAY AVE FROM W DOUGLAS BLVD  (1410 S) TO W 15TH ST  (1500 S),0.0,Street Resurfacing
24,2024,Street Speed Hump Replacement,ON S SPRINGFIELD AVE FROM W 19TH ST  (1900 S) TO W OGDEN AVE  (2160 S),0.0,Street Resurfacing
24,2024,Street Speed Hump Replacement,ON W POLK ST FROM S INDEPENDENCE BLVD  (3738 W) TO S SPRINGFIELD AVE  (3900 W),0.0,Street Resurfacing
25,2024,Alley Resurfacing Menu,W 24TH PL &  S WESTERN AVE&S WESTERN AVE &  W 25TH ST,24689.5,Alleys
25,2024,Alley Resurfacing Menu,W CULLERTON ST &  S ASHLAND AVE&S PAULINA ST &  W 21ST ST,37400.02,Alleys
25,2024,Alley Resurfacing Menu,W CULLERTON ST &  S ROCKWELL ST&S WASHTENAW AVE &  W 21ST ST; 2641 W CULLERTON ST,36353.27,Alleys
25,2024,Alley Speed Hump Menu,W CULLERTON ST &  S WOOD ST&S WOLCOTT AVE &  W 21ST ST; 1817 W CULLERTON ST,1450.0,Alleys
25,2024,Alley Speed Hump Replacement,W CULLERTON ST &  S ASHLAND AVE&S PAULINA ST &  W 21ST ST,0.0,Alleys
25,2024,Curb & Gutter Menu,1617 W 16TH ST,248169.07,Street Resurfacing
25,2024,Curb & Gutter Menu,ON W 17TH ST FROM S WOLCOTT AVE  (1900 W) TO S DAMEN AVE  (2000 W),57796.92,Street Resurfacing
25,2024,Miscellaneous CDOT Projects,1800 S THROOP ST,660.0,Misc. CDOT
25,2024,Pavement Markings Menu,ON S UNION AVE FROM W 14TH ST  (1400 S) TO W 16TH ST  (1600 S),9000.0,Street Redesign
25,2024,Pavement Markings Menu,ON W 18TH ST FROM S WOOD ST  (1800 W) TO S DAMEN AVE  (2000 W),4000.0,Street Redesign
25,2024,Pavement Markings Menu,W CERMAK RD &  S PAULINA ST,35000.0,Street Redesign
25,2024,Pickard Elementary Public Art Installment 25th Ward Menu 2024,2301 W 21ST PL,45000.0,Beautification
25,2024,Sidewalk Menu,1114 W 17TH ST,6630.69,Sidewalk Repair
25,2024,Sidewalk Menu,1412 W CERMAK RD,5018.17,Sidewalk Repair
25,2024,Sidewalk Menu,1659 W CULLERTON ST,34715.61,Sidewalk Repair
25,2024,Sidewalk Menu,1815 S RACINE AVE,14082.05,Sidewalk Repair
25,2024,Sidewalk Menu,1819 S ALLPORT ST,3635.7,Sidewalk Repair
25,2024,Sidewalk Menu,1837 W CERMAK RD,9893.49,Sidewalk Repair
25,2024,Sidewalk Menu,2111 W 18TH PL,17650.32,Sidewalk Repair
25,2024,Sidewalk Menu,2130 W 23RD PL,11169.6,Sidewalk Repair
25,2024,Sidewalk Menu,2144-2150 S HOYNE AVE; 2214-2230 S HOYNE AVE,52128.9,Sidewalk Repair
25,2024,Sidewalk Menu,2314-2330 W 23RD PL,3441.01,Sidewalk Repair
25,2024,Sidewalk Menu,2359 S WESTERN AVE,5675.3,Sidewalk Repair
25,2024,Sidewalk Menu,3141 W 26TH ST,60326.72,Sidewalk Repair
25,2024,Speed Indicator Signs,W 18TH ST &  S DAMEN AVE,28000.0,Traffic Signals
25,2024,Street Resurfacing Menu,ON S ABERDEEN ST FROM W 14TH PL  (1432 S) TO W 15TH ST  (1499 S),16989.27,Street Resurfacing
25,2024,Street Resurfacing Menu,ON S DESPLAINES ST FROM S CANALPORT AVE  (1920 S) TO W 21ST ST  (2100 S),61308.96,Street Resurfacing
25,2024,Street Resurfacing Menu,ON S RUBLE ST FROM S UNION AVE  (1400 S) TO W 21ST ST  (2100 S),45861.83,Street Resurfacing
25,2024,Street Resurfacing Menu,ON W 18TH PL FROM 1756 W TO S PAULINA ST  (1700 W),78894.19,Street Resurfacing
25,2024,Street Resurfacing Menu,ON W 18TH PL FROM S ASHLAND AVE  (1600 W) TO S PAULINA ST  (1700 W),86127.52,Street Resurfacing
25,2024,Street Resurfacing Menu,ON W 18TH PL FROM S DAMEN AVE  (2000 W) TO S HOYNE AVE  (2100 W),69881.93,Street Resurfacing
25,2024,Street Resurfacing Menu,ON W 21ST ST FROM S ROCKWELL ST  (2600 W) TO S CALIFORNIA AVE  (2800 W),160383.83,Street Resurfacing
25,2024,Street Speed Hump Menu,2108 S MAY ST; ON S MAY ST FROM W 21ST ST  (2100 S) TO W CERMAK RD  (2200 S),2440.0,Street Resurfacing
25,2024,Street Speed Hump Menu,2321 W 21ST ST; ON W 21ST ST FROM S OAKLEY AVE  (2300 W) TO S WESTERN AVE  (2400 W),4700.0,Street Resurfacing
25,2024,Street Speed Hump Menu,2632 S SPAULDING AVE; ON S SPAULDING AVE FROM W 26TH ST  (2600 S) TO W 27TH ST (2700 S),4880.0,Street Resurfacing
25,2024,Street Speed Hump Menu,ON S MORGAN ST FROM W 14TH PL  (1432 S) TO W 15TH PL  (1527 S),4880.0,Street Resurfacing
25,2024,Street Speed Hump Menu,ON S OAKLEY AVE FROM W 23RD ST  (2300 S) TO W 23RD PL  (2330 S); 2322 S OAKLEY AVE,4880.0,Street Resurfacing
25,2024,Street Speed Hump Menu,ON S WHIPPLE ST FROM W 23RD ST  (2300 S) TO W 24TH ST  (2400 S),4880.0,Street Resurfacing
25,2024,Street Speed Hump Menu,ON S WHIPPLE ST FROM W 27TH ST  (2700 S) TO W 28TH ST  (2800 S),2440.0,Street Resurfacing
25,2024,Street Speed Hump Menu,ON W 17TH ST FROM S UNION AVE  (700 W) TO S HALSTED ST  (800 W),2440.0,Street Resurfacing
25,2024,Street Speed Hump Menu,ON W 24TH ST FROM 2498 W TO S WESTERN AVE  (2400 W),4880.0,Street Resurfacing
25,2024,Street Speed Hump Menu,ON W 28TH ST FROM S SACRAMENTO AVE  (3000 W) TO S WHIPPLE ST  (3030 W),2440.0,Street Resurfacing
25,2024,Street Speed Hump Menu,ON W CULLERTON ST FROM S HOYNE AVE  (2100 W) TO S LEAVITT ST  (2200 W),2440.0,Street Resurfacing
25,2024,Street Speed Hump Replacement,ON S DESPLAINES ST FROM S CANALPORT AVE  (1920 S) TO W 21ST ST  (2100 S),0.0,Street Resurfacing
25,2024,Street Speed Hump Replacement,ON W 18TH PL FROM S ASHLAND AVE  (1600 W) TO S PAULINA ST  (1700 W),0.0,Street Resurfacing
25,2024,Street Speed Hump Replacement,ON W 18TH PL FROM S DAMEN AVE  (2000 W) TO S HOYNE AVE  (2100 W),0.0,Street Resurfacing
25,2024,Street Speed Hump Replacement,ON W 21ST ST FROM S ROCKWELL ST  (2600 W) TO S CALIFORNIA AVE  (2800 W),0.0,Street Resurfacing
25,2024,Traffic,S MORGAN ST &  W CERMAK RD,0.0,Misc.
26,2024,Alley Apron Menu,1842 N KARLOV AVE,23761.38,Alleys
26,2024,Alley Apron Menu,3122 W HOMER ST,13532.5,Alleys
26,2024,Alley Apron Menu,3544 W MCLEAN AVE,17685.76,Alleys
26,2024,Alley Apron Menu,4257 W ARMITAGE AVE,18775.0,Alleys
26,2024,Alley Apron Menu,4742 W DICKENS AVE,18360.43,Alleys
26,2024,Alley Resurfacing Menu,1448 N KEDZIE AVE; N KEDZIE AVE &  W LE MOYNE ST&W BEACH AVE &  N SPAULDING AVE,58782.38,Alleys
26,2024,Alley Resurfacing Menu,1636 N MONTICELLO AVE; N MONTICELLO AVE &  W WABANSIA AVE&W NORTH AVE &  N LAWNDALE AVE,20375.39,Alleys
26,2024,Alley Resurfacing Menu,1701 N MOZART ST; N MOZART ST &  W BLOOMINGDALE AVE&W WABANSIA AVE &  N CALIFORNIA AVE,21012.34,Alleys
26,2024,Alley Resurfacing Menu,1715 N PULASKI RD; N PULASKI RD &  W WABANSIA AVE&W WABANSIA AVE &  N HARDING AVE,50674.5,Alleys
26,2024,Alley Resurfacing Menu,1800 N KARLOV AVE; N KARLOV AVE &  W CORTLAND ST&W CORTLAND ST &  N KEDVALE AVE,57406.15,Alleys
26,2024,Alley Resurfacing Menu,1828 N CENTRAL PARK AVE; N MONTICELLO AVE &  W CORTLAND ST&W CORTLAND ST &  N CENTRAL PARK AVE,35813.68,Alleys
26,2024,Alley Resurfacing Menu,2019 N KARLOV AVE; N KARLOV AVE &  W DICKENS AVE&W ARMITAGE AVE &  N KEYSTONE AVE,54784.25,Alleys
26,2024,Alley Resurfacing Menu,2021 N LAPORTE AVE; N LAPORTE AVE &  W DICKENS AVE&W ARMITAGE AVE &  N LAMON AVE,49172.33,Alleys
26,2024,Alley Resurfacing Menu,2049 N KILPATRICK AVE; N KILPATRICK AVE &  W MCLEAN AVE&W DICKENS AVE &  N KILPATRICK AVE,64510.77,Alleys
26,2024,Alley Resurfacing Menu,2559 W DIVISION ST; W DIVISION ST &  N ROCKWELL ST&N CAMPBELL AVE &  W HADDON AVE,15860.85,Alleys
26,2024,Alley Resurfacing Menu,2704 W NORTH AVE; W NORTH AVE &  N FAIRFIELD AVE&N WASHTENAW AVE &  W WABANSIA AVE,38884.79,Alleys
26,2024,Alley Resurfacing Menu,3560 W MCLEAN AVE; W MCLEAN AVE &  N CENTRAL PARK AVE&N DRAKE AVE &  W DICKENS AVE,27979.24,Alleys
26,2024,Alley Resurfacing Menu,N FAIRFIELD AVE &  W NORTH AVE&W LE MOYNE ST &  N CALIFORNIA AVE; 1534 N FAIRFIELD AVE,28026.75,Alleys
26,2024,Alley Resurfacing Menu,N LAMON AVE &  W BELDEN AVE&W PALMER ST &  N LAPORTE AVE; 2218 N LAMON AVE,50284.74,Alleys
26,2024,Alley Resurfacing Menu,N LECLAIRE AVE &  W PALMER ST&W DICKENS AVE &  N LEAMINGTON AVE; 2152 N LECLAIRE AVE,49852.14,Alleys
26,2024,Alley Resurfacing Menu,N MOZART ST &  W CORTLAND ST&W BLOOMINGDALE AVE &  N CALIFORNIA AVE; 1855 N MOZART ST,27097.42,Alleys
26,2024,Alley Resurfacing Menu,N MOZART ST &  W WABANSIA AVE&W NORTH AVE &  N FRANCISCO AVE; 1658 N MOZART ST,53560.2,Alleys
26,2024,Alley Speed Hump Menu,N AVERS AVE &  W NORTH AVE&W LE MOYNE ST &  N SPRINGFIELD AVE,2175.0,Alleys
26,2024,Alley Speed Hump Menu,N HUMBOLDT BLVD &  W WABANSIA AVE&W NORTH AVE &  N WHIPPLE ST,2175.0,Alleys
26,2024,Alley Speed Hump Menu,W MCLEAN AVE &  N KILPATRICK AVE&N KILPATRICK AVE &  W DICKENS AVE; 4610 W MCLEAN AVE,2175.0,Alleys
26,2024,Alley Speed Hump Replacement,1448 N KEDZIE AVE; N KEDZIE AVE &  W LE MOYNE ST&W BEACH AVE &  N SPAULDING AVE,0.0,Alleys
26,2024,Alley Speed Hump Replacement,1636 N MONTICELLO AVE; N MONTICELLO AVE &  W WABANSIA AVE&W NORTH AVE &  N LAWNDALE AVE,0.0,Alleys
26,2024,Alley Speed Hump Replacement,1715 N PULASKI RD; N PULASKI RD &  W WABANSIA AVE&W WABANSIA AVE &  N HARDING AVE,0.0,Alleys
26,2024,Alley Speed Hump Replacement,1800 N KARLOV AVE; N KARLOV AVE &  W CORTLAND ST&W CORTLAND ST &  N KEDVALE AVE,0.0,Alleys
26,2024,Alley Speed Hump Replacement,2021 N LAPORTE AVE; N LAPORTE AVE &  W DICKENS AVE&W ARMITAGE AVE &  N LAMON AVE,0.0,Alleys
26,2024,Alley Speed Hump Replacement,2049 N KILPATRICK AVE; N KILPATRICK AVE &  W MCLEAN AVE&W DICKENS AVE &  N KILPATRICK AVE,0.0,Alleys
26,2024,Alley Speed Hump Replacement,2559 W DIVISION ST; W DIVISION ST &  N ROCKWELL ST&N CAMPBELL AVE &  W HADDON AVE,0.0,Alleys
26,2024,Alley Speed Hump Replacement,2704 W NORTH AVE; W NORTH AVE &  N FAIRFIELD AVE&N WASHTENAW AVE &  W WABANSIA AVE,0.0,Alleys
26,2024,Alley Speed Hump Replacement,N LAMON AVE &  W BELDEN AVE&W PALMER ST &  N LAPORTE AVE; 2218 N LAMON AVE,0.0,Alleys
26,2024,Alley Speed Hump Replacement,N LECLAIRE AVE &  W PALMER ST&W DICKENS AVE &  N LEAMINGTON AVE; 2152 N LECLAIRE AVE,0.0,Alleys
26,2024,Alley Speed Hump Replacement,N MOZART ST &  W CORTLAND ST&W BLOOMINGDALE AVE &  N CALIFORNIA AVE; 1855 N MOZART ST,0.0,Alleys
26,2024,Alley Speed Hump Replacement,N MOZART ST &  W WABANSIA AVE&W NORTH AVE &  N FRANCISCO AVE; 1658 N MOZART ST,0.0,Alleys
26,2024,Alley Speed Hump Replacement,W ARMITAGE AVE &  N ST LOUIS AVE&N DRAKE AVE &  W CORTLAND ST,0.0,Alleys
26,2024,Concrete Alley Menu,2113 N CICERO AVE; N CICERO AVE &  W SHAKESPEARE AVE&W DICKENS AVE &  N KILPATRICK AVE,101208.03,Alleys
26,2024,Curb & Gutter Menu,2750 W NORTH AVE,5554.97,Street Resurfacing
26,2024,Mural project at the viaduct on the 1800 block of north Karlov Avenue.,1800 N KARLOV AVE,9431.65,Beautification
26,2024,Pedestrian Refuge Island Menu,N HUMBOLDT BLVD &  W WABANSIA AVE,75000.0,Pedestrian Infrastructure
26,2024,Sidewalk Menu,1100 N FRANCISCO AVE,28904.62,Sidewalk Repair
26,2024,Sidewalk Menu,1654 N SPRINGFIELD AVE,1039.86,Sidewalk Repair
26,2024,Sidewalk Menu,1731 N ALBANY AVE,3687.29,Sidewalk Repair
26,2024,Sidewalk Menu,1803 N KEDVALE AVE,5551.92,Sidewalk Repair
26,2024,Sidewalk Menu,1847 N MOZART ST,3915.13,Sidewalk Repair
26,2024,Sidewalk Menu,1922 N LOWELL AVE,6006.29,Sidewalk Repair
26,2024,Sidewalk Menu,2034-2040 N LAMON AVE,12632.1,Sidewalk Repair
26,2024,Sidewalk Menu,2049-2053 N KILPATRICK AVE,11859.51,Sidewalk Repair
26,2024,Sidewalk Menu,2054 N KOSTNER AVE,16847.19,Sidewalk Repair
26,2024,Sidewalk Menu,2057 N KENNETH AVE,14719.1,Sidewalk Repair
26,2024,Sidewalk Menu,2116 N LAMON AVE; 2118-2122 N LAMON AVE,13280.45,Sidewalk Repair
26,2024,Sidewalk Menu,2140 N KOSTNER AVE,3535.74,Sidewalk Repair
26,2024,Sidewalk Menu,2255 N LARAMIE AVE,5955.78,Sidewalk Repair
26,2024,Sidewalk Menu,3841 W LE MOYNE ST,23507.89,Sidewalk Repair
26,2024,Street Bump Outs Menu,N CENTRAL PARK AVE &  W PIERCE AVE,13021.63,Pedestrian Infrastructure
26,2024,Street Bump Outs Menu,W BLOOMINGDALE AVE &  N ALBANY AVE,16478.28,Pedestrian Infrastructure
26,2024,Street Resurfacing Menu,ON N KENNETH AVE FROM W CORTLAND ST  (1900 N) TO W ARMITAGE AVE  (2000 N),59860.56,Street Resurfacing
26,2024,Street Resurfacing Menu,ON N LA CROSSE AVE FROM W PALMER ST  (2200 N) TO W BELDEN AVE  (2300 N),50987.61,Street Resurfacing
26,2024,Street Resurfacing Menu,ON N LAMON AVE FROM W DICKENS AVE  (2100 N) TO W PALMER ST  (2200 N),58931.93,Street Resurfacing
26,2024,Street Resurfacing Menu,ON N MOZART ST FROM W NORTH AVE  (1600 N) TO W WABANSIA AVE  (1700 N),63759.05,Street Resurfacing
26,2024,Street Resurfacing Menu,ON N ST LOUIS AVE FROM W BLOOMINGDALE AVE  (1759 N) TO W CORTLAND ST  (1900 N),64765.42,Street Resurfacing
26,2024,Street Speed Hump Menu,ON N KEELER AVE FROM W NORTH AVE  (1600 N) TO W WABANSIA AVE  (1700 N),4880.0,Street Resurfacing
26,2024,Street Speed Hump Menu,ON N SAWYER AVE FROM W CORTLAND ST  (1900 N) TO W ARMITAGE AVE  (2000 N),4880.0,Street Resurfacing
26,2024,Street Speed Hump Menu,ON W BLOOMINGDALE AVE FROM N HUMBOLDT BLVD W (3000 W) TO N KEDZIE AVE  (3200 W),7320.0,Street Resurfacing
26,2024,Street Speed Hump Menu,ON W HIRSCH ST FROM N KEDZIE AVE  (3200 W) TO N SPAULDING AVE  (3300 W),4880.0,Street Resurfacing
26,2024,Street Speed Hump Menu,ON W PALMER ST FROM N LECLAIRE AVE  (5100 W) TO N LARAMIE AVE  (5200 W),4880.0,Street Resurfacing
26,2024,Street Speed Hump Replacement,ON N KENNETH AVE FROM W CORTLAND ST  (1900 N) TO W ARMITAGE AVE  (2000 N),0.0,Street Resurfacing
26,2024,Street Speed Hump Replacement,ON N LAMON AVE FROM W DICKENS AVE  (2100 N) TO W PALMER ST  (2200 N),0.0,Street Resurfacing
26,2024,Street Speed Hump Replacement,ON N ST LOUIS AVE FROM W BLOOMINGDALE AVE  (1759 N) TO W CORTLAND ST  (1900 N),0.0,Street Resurfacing
27,2024,Alley Resurfacing Menu,1901 W CARROLL AVE; W CARROLL AVE &  N DAMEN AVE&N WOLCOTT AVE &  W FULTON ST,36198.77,Alleys
27,2024,Alley Resurfacing Menu,S WOOD ST &  W JACKSON BLVD&W ADAMS ST &  S HONORE ST; 214 S WOOD ST,18369.18,Alleys
27,2024,Alley Resurfacing Menu,W CHICAGO AVE &  N MAY ST&N OGDEN AVE &  W CHICAGO AVE; 1129 W CHICAGO AVE,38145.5,Alleys
27,2024,Alley Resurfacing Menu,W IMLAY ST &  N MILWAUKEE AVE&N NASHVILLE AVE &  W DEVON AVE,32383.72,Alleys
27,2024,Bollard Menu,850 N MILWAUKEE AVE,2801.9,Pedestrian Infrastructure
27,2024,Miscellaneous CDOT Projects,1500 N CLYBOURN AVE,47936.94,Misc. CDOT
27,2024,Pavement Markings Menu,W DIVISION ST &  N CROSBY ST,1000.0,Street Redesign
27,2024,Sidewalk Menu,ON W FULTON ST FROM N FRANCISCO AVE  (2900 W) TO N SACRAMENTO BLVD  (3000 W),64416.4,Sidewalk Repair
27,2024,Street Bump Outs Menu,W JACKSON BLVD &  S THROOP ST,10468.94,Pedestrian Infrastructure
27,2024,Street Light Pole for High Definition Camera Menu,W MAYPOLE AVE &  N PAULINA ST,3000.0,Lighting
27,2024,Street Resurfacing Menu,ON N ALBANY AVE FROM W HURON ST  (700 N) TO W CHICAGO AVE  (800 N),53904.04,Street Resurfacing
27,2024,Street Resurfacing Menu,ON N LAWNDALE AVE FROM W IOWA ST  (900 N) TO W THOMAS ST  (1100 N),120709.55,Street Resurfacing
27,2024,Street Resurfacing Menu,ON N MOHAWK ST FROM N CLYBOURN AVE  (1300 N) TO W BLACKHAWK ST  (1500 N),139708.0,Street Resurfacing
27,2024,Street Resurfacing Menu,ON N PEORIA ST FROM W GRAND AVE  (500 N) TO W OHIO ST  (600 N),26720.31,Street Resurfacing
27,2024,Street Resurfacing Menu,ON N RIDGEWAY AVE FROM W IOWA ST  (900 N) TO W DIVISION ST  (1200 N),190549.57,Street Resurfacing
27,2024,Street Resurfacing Menu,ON N SANGAMON ST FROM W ANCONA ST  (660 N) TO W CHICAGO AVE  (800 N),88623.43,Street Resurfacing
27,2024,Street Resurfacing Menu,ON S CAMPBELL AVE FROM W MADISON ST  (0 S) TO W JACKSON BLVD  (300 S),145096.56,Street Resurfacing
27,2024,Street Resurfacing Menu,ON S HAMILTON AVE FROM W TAYLOR ST  (1000 S) TO W ROOSEVELT RD  (1200 S),101702.54,Street Resurfacing
27,2024,Street Resurfacing Menu,ON S MARSHFIELD AVE FROM W POLK ST  (800 S) TO W TAYLOR ST  (1000 S),85844.89,Street Resurfacing
27,2024,Street Resurfacing Menu,ON W ANCONA ST FROM N GREEN ST  (830 W) TO N SANGAMON ST  (940 W),68233.65,Street Resurfacing
27,2024,Street Resurfacing Menu,ON W HURON ST FROM N GREEN ST  (830 W) TO N SANGAMON ST  (928 W),72883.65,Street Resurfacing
27,2024,Street Resurfacing Menu,ON W MAYPOLE AVE FROM N TALMAN AVE  (2630 W) TO N CALIFORNIA AVE  (2800 W),99525.57,Street Resurfacing
27,2024,Street Resurfacing Menu,ON W MONTICELLO AVE FROM W IOWA ST  (900 N) TO W THOMAS ST  (1100 N),25472.76,Street Resurfacing
27,2024,Street Speed Hump Menu,ON N FRANCISCO AVE FROM W MADISON ST  (0 S) TO W WASHINGTON BLVD  (100 N),4880.0,Street Resurfacing
27,2024,Street Speed Hump Menu,ON N MOHAWK ST FROM N CLYBOURN AVE  (1300 N) TO W BLACKHAWK ST  (1500 N),9299.12,Street Resurfacing
27,2024,Street Speed Hump Menu,ON S HAMILTON AVE FROM W TAYLOR ST  (1000 S) TO W ROOSEVELT RD  (1200 S),4880.0,Street Resurfacing
27,2024,Street Speed Hump Replacement,ON N LAWNDALE AVE FROM W IOWA ST  (900 N) TO W THOMAS ST  (1100 N),0.0,Street Resurfacing
27,2024,Street Speed Hump Replacement,ON N PEORIA ST FROM W GRAND AVE  (500 N) TO W OHIO ST  (600 N),0.0,Street Resurfacing
27,2024,Street Speed Hump Replacement,ON N RIDGEWAY AVE FROM W IOWA ST  (900 N) TO W DIVISION ST  (1200 N),0.0,Street Resurfacing
27,2024,Street Speed Hump Replacement,ON S CAMPBELL AVE FROM W MADISON ST  (0 S) TO W JACKSON BLVD  (300 S),0.0,Street Resurfacing
27,2024,Street Speed Hump Replacement,ON W MAYPOLE AVE FROM N TALMAN AVE  (2630 W) TO N CALIFORNIA AVE  (2800 W),0.0,Street Resurfacing
27,2024,Street Speed Hump Replacement,ON W MONTICELLO AVE FROM W IOWA ST  (900 N) TO W THOMAS ST  (1100 N),0.0,Street Resurfacing
28,2024,Alley Resurfacing Menu,1425 W FILLMORE ST; W FILLMORE ST &  S LOOMIS ST&S LAFLIN ST &  W ROOSEVELT RD,36581.54,Alleys
28,2024,Alley Resurfacing Menu,1545 W TAYLOR ST; W TAYLOR ST &  S ASHLAND AVE&S LAFLIN ST &  W FILLMORE ST,17518.26,Alleys
28,2024,Alley Resurfacing Menu,4441 W CARROLL AVE; W CARROLL AVE &  N KILBOURN AVE&N KOSTNER AVE &  W LAKE ST,42117.38,Alleys
28,2024,Alley Resurfacing Menu,616 S WESTERN AVE; S WESTERN AVE &  W HARRISON ST&W FLOURNOY ST &  S CAMPBELL AVE,8450.13,Alleys
28,2024,Alley Resurfacing Menu,W FULTON BLVD &  N HOMAN AVE&N ST LOUIS AVE &  W CARROLL AVE,33339.32,Alleys
28,2024,Alley Resurfacing Menu,W FULTON BLVD &  N KEDZIE AVE&N HOMAN AVE &  W CARROLL AVE,92958.35,Alleys
28,2024,Alley Resurfacing Menu,W GLADYS AVE &  S PULASKI RD&S SPRINGFIELD AVE &  W VAN BUREN ST,41511.33,Alleys
28,2024,Alley Resurfacing Menu,W JACKSON BLVD &  S KILDARE AVE&S KOSTNER AVE &  W ADAMS ST,31440.1,Alleys
28,2024,Alley Resurfacing Menu,W LEXINGTON ST &  S WESTERN AVE&S CAMPBELL AVE &  W POLK ST,44521.04,Alleys
28,2024,Alley Resurfacing Menu,W POLK ST &  S WESTERN AVE&S CAMPBELL AVE &  W ARTHINGTON ST,14304.61,Alleys
28,2024,Alley Resurfacing Menu,W WASHINGTON BLVD &  N CICERO AVE&N LAMON AVE &  W WEST END AVE,45404.79,Alleys
28,2024,Alley Resurfacing Menu,W WEST END AVE &  N KOSTNER AVE&N KENNETH AVE &  W MAYPOLE AVE,70227.52,Alleys
28,2024,Alley Speed Hump Menu,W CARROLL AVE &  N KOSTNER AVE&N KILBOURN AVE &  W LAKE ST,1450.0,Alleys
28,2024,Alley Speed Hump Replacement,1425 W FILLMORE ST; W FILLMORE ST &  S LOOMIS ST&S LAFLIN ST &  W ROOSEVELT RD,0.0,Alleys
28,2024,Alley Speed Hump Replacement,616 S WESTERN AVE; S WESTERN AVE &  W HARRISON ST&W FLOURNOY ST &  S CAMPBELL AVE,0.0,Alleys
28,2024,Alley Speed Hump Replacement,W FULTON BLVD &  N HOMAN AVE&N ST LOUIS AVE &  W CARROLL AVE,0.0,Alleys
28,2024,Alley Speed Hump Replacement,W FULTON BLVD &  N KEDZIE AVE&N HOMAN AVE &  W CARROLL AVE,0.0,Alleys
28,2024,Alley Speed Hump Replacement,W GLADYS AVE &  S PULASKI RD&S SPRINGFIELD AVE &  W VAN BUREN ST,0.0,Alleys
28,2024,Alley Speed Hump Replacement,W JACKSON BLVD &  S KILDARE AVE&S KOSTNER AVE &  W ADAMS ST,0.0,Alleys
28,2024,Alley Speed Hump Replacement,W LEXINGTON ST &  S WESTERN AVE&S CAMPBELL AVE &  W POLK ST,0.0,Alleys
28,2024,Alley Speed Hump Replacement,W POLK ST &  S WESTERN AVE&S CAMPBELL AVE &  W ARTHINGTON ST,0.0,Alleys
28,2024,Alley Speed Hump Replacement,W TAYLOR ST &  S ASHLAND AVE&S LAFLIN ST &  W FILLMORE ST; 1545 W TAYLOR ST,0.0,Alleys
28,2024,Alley Speed Hump Replacement,W WASHINGTON BLVD &  N CICERO AVE&N LAMON AVE &  W WEST END AVE,0.0,Alleys
28,2024,Alley Speed Hump Replacement,W WEST END AVE &  N KOSTNER AVE&N KENNETH AVE &  W MAYPOLE AVE,0.0,Alleys
28,2024,Bollard Menu,3322 W GLADYS AVE,1786.94,Pedestrian Infrastructure
28,2024,Bollard Menu,W OGDEN AVE &  W POLK ST,1786.94,Pedestrian Infrastructure
28,2024,Curb & Gutter Menu,4844 W WASHINGTON BLVD,100000.0,Street Resurfacing
28,2024,Install Helix and Pole for Pod,5000 W GLADYS AVE,23597.06,Misc.
28,2024,Pavement Markings Menu,ON S UNION AVE FROM 1481 S TO W 14TH ST  (1400 S),3600.0,Street Redesign
28,2024,Pavement Markings Menu,ON W CONGRESS PKWY FROM S LOOMIS ST  (1400 W) TO S ASHLAND AVE  (1600 W),2000.0,Street Redesign
28,2024,Pavement Markings Menu,W WASHINGTON BLVD &  N KILDARE AVE; W WASHINGTON BLVD &  N KOSTNER AVE,2700.0,Street Redesign
28,2024,Sidewalk Menu,ON W MAYPOLE AVE FROM 5140 W TO N LEAMINGTON AVE  (5130 W),23096.69,Sidewalk Repair
28,2024,Street Bump Outs Menu,2121 W HARRISON ST,18769.55,Pedestrian Infrastructure
28,2024,Street Bump Outs Menu,W WASHINGTON BLVD &  N KOSTNER AVE,48000.0,Pedestrian Infrastructure
28,2024,Street Cul-de-Sac Menu,2440 W WASHBURNE AVE,15778.76,Street Redesign
28,2024,Street Resurfacing Menu,N KILPATRICK AVE &  W LAKE ST&W FULTON ST &  N KILPATRICK AVE,17922.29,Street Resurfacing
28,2024,Street Resurfacing Menu,ON N LAVERGNE AVE FROM W WASHINGTON BLVD  (100 N) TO W WEST END AVE  (150 N),37751.15,Street Resurfacing
28,2024,Street Resurfacing Menu,ON S LAFLIN ST FROM 600 S TO W LEXINGTON ST  (720 S),62943.02,Street Resurfacing
28,2024,Street Resurfacing Menu,ON S SPRINGFIELD AVE FROM W MONROE ST  (100 S) TO W WILCOX ST  (130 S),35463.12,Street Resurfacing
28,2024,Street Resurfacing Menu,ON W CONGRESS PKWY FROM S WASHTENAW AVE  (2700 W) TO S CALIFORNIA AVE  (2800 W),54315.08,Street Resurfacing
28,2024,Street Resurfacing Menu,ON W FILLMORE ST FROM S THROOP ST  (1300 W) TO S LAFLIN ST  (1500 W),131559.93,Street Resurfacing
28,2024,Street Resurfacing Menu,ON W FLOURNOY ST FROM S WESTERN AVE  (2400 W) TO S CAMPBELL AVE  (2500 W),53551.73,Street Resurfacing
28,2024,Street Resurfacing Menu,ON W GRENSHAW ST FROM S OAKLEY BLVD  (2300 W) TO S WESTERN AVE  (2400 W),72600.41,Street Resurfacing
28,2024,Street Resurfacing Menu,ON W MONROE ST FROM S HAMLIN BLVD  (3800 W) TO S PULASKI RD  (4000 W),125667.26,Street Resurfacing
28,2024,Street Resurfacing Menu,ON W MONROE ST FROM S LAVERGNE AVE  (5000 W) TO S LARAMIE AVE  (5200 W),150068.71,Street Resurfacing
28,2024,Street Resurfacing Menu,S OAKLEY BLVD &  W FILLMORE ST,17696.98,Street Resurfacing
28,2024,Street Speed Hump Menu,ON S MORGAN ST FROM W ROOSEVELT RD  (1200 S) TO W 16TH ST  (1600 S),19520.0,Street Resurfacing
28,2024,Street Speed Hump Replacement,ON N LAVERGNE AVE FROM W WASHINGTON BLVD  (100 N) TO W WEST END AVE  (150 N),0.0,Street Resurfacing
28,2024,Street Speed Hump Replacement,ON S SPRINGFIELD AVE FROM W MONROE ST  (100 S) TO W WILCOX ST  (130 S),0.0,Street Resurfacing
28,2024,Street Speed Hump Replacement,ON W FILLMORE ST FROM S THROOP ST  (1300 W) TO S LAFLIN ST  (1500 W),0.0,Street Resurfacing
28,2024,Street Speed Hump Replacement,ON W MONROE ST FROM S HAMLIN BLVD  (3800 W) TO S PULASKI RD  (4000 W),0.0,Street Resurfacing
28,2024,Street Speed Hump Replacement,ON W MONROE ST FROM S LAVERGNE AVE  (5000 W) TO S LARAMIE AVE  (5200 W),0.0,Street Resurfacing
29,2024,Alley Resurfacing Menu,1713 N NATCHEZ AVE; W BLOOMINGDALE AVE &  N NATCHEZ AVE&N NAGLE AVE &  W WABANSIA AVE,36491.17,Alleys
29,2024,Alley Resurfacing Menu,1734 N NEW ENGLAND AVE; N NEW ENGLAND AVE &  W WABANSIA AVE&W BLOOMINGDALE AVE &  N NEWLAND AVE,38114.6,Alleys
29,2024,Alley Resurfacing Menu,N MAJOR AVE &  W BLOOMINGDALE AVE; N PARKSIDE AVE &  W WABANSIA AVE,35352.67,Alleys
29,2024,Alley Resurfacing Menu,N MASSASOIT AVE &  W CHICAGO AVE&W IOWA ST &  N WALLER AVE,35084.03,Alleys
29,2024,Alley Resurfacing Menu,N NASHVILLE AVE &  W BLOOMINGDALE AVE&W WABANSIA AVE &  N NATCHEZ AVE,39857.0,Alleys
29,2024,Alley Resurfacing Menu,N OAK PARK AVE &  W BLOOMINGDALE AVE&W CORTLAND ST &  N NEWCASTLE AVE; 1858 N OAK PARK AVE,36229.67,Alleys
29,2024,Alley Resurfacing Menu,N WALLER AVE &  W DIVISION ST&W POTOMAC AVE &  N PARKSIDE AVE; 1255 N WALLER AVE,29973.49,Alleys
29,2024,Alley Resurfacing Menu,S LAVERGNE AVE &  W JACKSON BLVD&W GLADYS AVE &  S CICERO AVE; 4847 W JACKSON BLVD; 315 S LAVERGNE AVE,71803.46,Alleys
29,2024,Alley Resurfacing Menu,S MAYFIELD AVE &  W MADISON ST&W ADAMS BLVD &  S MASON AVE; 106 S MAYFIELD AVE,72038.71,Alleys
29,2024,Alley Resurfacing Menu,W BLOOMINGDALE AVE &  N MENARD AVE&N CENTRAL AVE &  W WABANSIA AVE,49710.16,Alleys
29,2024,Alley Resurfacing Menu,W CONGRESS PKWY &  S LOTUS AVE&S CENTRAL AVE &  W HARRISON ST; 5525 W CONGRESS PKWY,48789.57,Alleys
29,2024,Alley Resurfacing Menu,W IOWA ST &  N AUSTIN BLVD&N MAYFIELD AVE &  W WALTON ST,28861.07,Alleys
29,2024,Alley Resurfacing Menu,W IOWA ST &  N MAYFIELD AVE&N AUSTIN BLVD &  W RICE ST,28675.66,Alleys
29,2024,Alley Resurfacing Menu,W NORTH AVE &  N NEWCASTLE AVE&N NEW ENGLAND AVE &  W WABANSIA AVE,24473.2,Alleys
29,2024,Alley Resurfacing Menu,W NORTH AVE &  N WALLER AVE&N PARKSIDE AVE &  W LE MOYNE ST,60448.68,Alleys
29,2024,Alley Resurfacing Menu,W WALTON ST &  N AUSTIN BLVD&N MAYFIELD AVE &  W AUGUSTA BLVD,28799.27,Alleys
29,2024,Alley Speed Hump Replacement,1713 N NATCHEZ AVE; W BLOOMINGDALE AVE &  N NATCHEZ AVE&N NAGLE AVE &  W WABANSIA AVE,0.0,Alleys
29,2024,Alley Speed Hump Replacement,N MAJOR AVE &  W BLOOMINGDALE AVE; N PARKSIDE AVE &  W WABANSIA AVE,0.0,Alleys
29,2024,Alley Speed Hump Replacement,N MASSASOIT AVE &  W CHICAGO AVE&W IOWA ST &  N WALLER AVE,0.0,Alleys
29,2024,Alley Speed Hump Replacement,N NASHVILLE AVE &  W BLOOMINGDALE AVE&W WABANSIA AVE &  N NATCHEZ AVE,0.0,Alleys
29,2024,Alley Speed Hump Replacement,S LAVERGNE AVE &  W JACKSON BLVD&W GLADYS AVE &  S CICERO AVE; 4847 W JACKSON BLVD; 315 S LAVERGNE AVE,0.0,Alleys
29,2024,Alley Speed Hump Replacement,S MAYFIELD AVE &  W MADISON ST&W ADAMS BLVD &  S MASON AVE; 106 S MAYFIELD AVE,0.0,Alleys
29,2024,Alley Speed Hump Replacement,W BLOOMINGDALE AVE &  N MENARD AVE&N CENTRAL AVE &  W WABANSIA AVE,0.0,Alleys
29,2024,Alley Speed Hump Replacement,W CONGRESS PKWY &  S LOTUS AVE&S CENTRAL AVE &  W HARRISON ST; 5525 W CONGRESS PKWY,0.0,Alleys
29,2024,Alley Speed Hump Replacement,W NORTH AVE &  N PARKSIDE AVE&N WALLER AVE &  W LE MOYNE ST,0.0,Alleys
29,2024,Bollard Menu,10 S MENARD AVE; ON S MENARD AVE FROM 10 S TO W MADISON ST  (0 S),1344.94,Pedestrian Infrastructure
29,2024,Bollard Menu,7101 W BELMONT AVE,5702.79,Pedestrian Infrastructure
29,2024,Bollard Menu,S MENARD AVE &  W MADISON ST,1786.94,Pedestrian Infrastructure
29,2024,Curb & Gutter Menu,2522 N NEVA AVE,10811.62,Street Resurfacing
29,2024,Curb & Gutter Menu,5245 W QUINCY ST,9874.73,Street Resurfacing
29,2024,Miscellaneous CDOT Projects,5936 W LAKE ST,3700.0,Misc. CDOT
29,2024,Miscellaneous CDOT Projects,N AUSTIN BLVD &  W WASHINGTON BLVD; N PARKSIDE AVE &  W LAKE ST; N MENARD AVE &W RACE AVE; W MADISON ST &  N LARAMIE AVE; W ROOSEVELT RD &  S MASON AVE; SAUSTIN BLVD &  W ADAMS BLVD; W MADISON ST &  N MENARD AVE; N CENTRAL PARK AVE & W DICKENS AVE; N AUSTIN AVE &  W DICKENS AVE,130000.0,Misc. CDOT
29,2024,Miscellaneous CDOT Projects,ON W DIVISION ST FROM N CENTRAL AVE  (5600 W) TO N AUSTIN BLVD  (6000 W),25900.0,Misc. CDOT
29,2024,Miscellaneous CDOT Projects,W DIVISION ST &  N MENARD AVE,3700.0,Misc. CDOT
29,2024,Pavement Markings Menu,ON W FLOURNOY ST FROM S LOTUS AVE  (5500 W) TO S CENTRAL AVE  (5600 W),600.0,Street Redesign
29,2024,Sidewalk Menu,1002 S MASON AVE; ON S MASON AVE FROM W ARTHINGTON ST  (1000 S) TO W FILLMORE ST  (1100 S),33588.08,Sidewalk Repair
29,2024,Sidewalk Menu,1600 N NEW ENGLAND AVE,24412.51,Sidewalk Repair
29,2024,Sidewalk Menu,1645 N NORMANDY AVE,5926.38,Sidewalk Repair
29,2024,Sidewalk Menu,1700 N NARRAGANSETT AVE,11691.43,Sidewalk Repair
29,2024,Sidewalk Menu,1755 N NEW ENGLAND AVE,12601.72,Sidewalk Repair
29,2024,Sidewalk Menu,1958 N NATOMA AVE,6421.72,Sidewalk Repair
29,2024,Sidewalk Menu,5070 W HARRISON ST,11072.63,Sidewalk Repair
29,2024,Sidewalk Menu,5074 W FLOURNOY ST,14299.65,Sidewalk Repair
29,2024,Sidewalk Menu,5444 W JACKSON BLVD,1327.93,Sidewalk Repair
29,2024,Sidewalk Menu,5801 W MADISON ST,861.92,Sidewalk Repair
29,2024,Sidewalk Menu,5825 W ARTHINGTON ST,28791.88,Sidewalk Repair
29,2024,Sidewalk Menu,7035 W SCHOOL ST,6285.12,Sidewalk Repair
29,2024,Sidewalk Menu,N NEWLAND AVE &  W PALMER ST,7871.35,Sidewalk Repair
29,2024,Street Resurfacing Menu,ON N OCONTO AVE FROM W BELMONT AVE  (3200 N) TO W SCHOOL ST  (3300 N),59938.53,Street Resurfacing
29,2024,Street Resurfacing Menu,ON N OCTAVIA AVE FROM W BARRY AVE  (3100 N) TO W BELMONT AVE  (3200 N),57345.43,Street Resurfacing
29,2024,Street Resurfacing Menu,ON N OSCEOLA AVE FROM W BELMONT AVE  (3200 N) TO W SCHOOL ST  (3300 N),56487.68,Street Resurfacing
29,2024,Street Resurfacing Menu,ON N PARKSIDE AVE FROM W IOWA ST  (900 N) TO W AUGUSTA BLVD  (1000 N),52471.75,Street Resurfacing
29,2024,Street Resurfacing Menu,ON N PARKSIDE AVE FROM W NORTH AVE  (1600 N) TO W WABANSIA AVE  (1700 N),48531.25,Street Resurfacing
29,2024,Street Resurfacing Menu,ON S LOTUS AVE FROM W VAN BUREN ST  (400 S) TO W CONGRESS PKWY  (500 S),34234.55,Street Resurfacing
29,2024,Street Resurfacing Menu,ON W VAN BUREN ST FROM S LAVERGNE AVE  (5000 W) TO S LEAMINGTON AVE  (5100 W),99377.86,Street Resurfacing
29,2024,Street Speed Hump Menu,ON N MASON AVE FROM W HIRSCH ST  (1400 N) TO W NORTH AVE  (1600 N),9760.0,Street Resurfacing
29,2024,Street Speed Hump Menu,ON N NORMANDY AVE FROM W BLOOMINGDALE AVE  (1800 N) TO W CORTLAND ST  (1900 N),4880.0,Street Resurfacing
29,2024,Street Speed Hump Menu,ON N OCTAVIA AVE FROM W BARRY AVE  (3100 N) TO W BELMONT AVE  (3200 N),0.0,Street Resurfacing
29,2024,Street Speed Hump Menu,ON N PARKSIDE AVE FROM W AUGUSTA BLVD  (1000 N) TO W THOMAS ST  (1100 N),4880.0,Street Resurfacing
29,2024,Street Speed Hump Menu,ON S LOTUS AVE FROM W JACKSON BLVD  (300 S) TO W GLADYS AVE  (330 S),2440.0,Street Resurfacing
29,2024,Street Speed Hump Menu,ON W ALTGELD ST FROM N NORDICA AVE  (7100 W) TO N NEVA AVE  (7160 W),4880.0,Street Resurfacing
29,2024,Street Speed Hump Replacement,ON N OCONTO AVE FROM W BELMONT AVE  (3200 N) TO W SCHOOL ST  (3300 N),0.0,Street Resurfacing
29,2024,Street Speed Hump Replacement,ON N PARKSIDE AVE FROM W AUGUSTA BLVD  (1000 N) TO W IOWA ST  (900 N),0.0,Street Resurfacing
29,2024,Street Speed Hump Replacement,ON N WALLER AVE FROM W LE MOYNE ST  (1500 N) TO W NORTH AVE  (1600 N),0.0,Street Resurfacing
30,2024,ADA - Alley Resurfacing Menu,N AVERS AVE &  W ROSCOE ST&W CORNELIA AVE &  N HAMLIN AVE; 3401 N AVERS AVE,7245.0,Alleys
30,2024,Alley Apron Menu,2616 N MASON AVE,14614.74,Alleys
30,2024,Alley Apron Menu,5159 W GRACE ST,47528.16,Alleys
30,2024,Alley Apron Menu,6200 W MELROSE ST,28106.51,Alleys
30,2024,Alley Resurfacing Menu,3401 N AVERS AVE; N AVERS AVE &  W ROSCOE ST&W CORNELIA AVE &  N HAMLIN AVE,35207.63,Alleys
30,2024,Alley Resurfacing Menu,5300 W PATTERSON AVE; W PATTERSON AVE &  N LOCKWOOD AVE&N LONG AVE &  W WAVELAND AVE,40555.74,Alleys
30,2024,Alley Resurfacing Menu,5701 W CORNELIA AVE; W CORNELIA AVE &  N MAJOR AVE&N MENARD AVE &  W NEWPORT AVE,48756.33,Alleys
30,2024,Alley Resurfacing Menu,N KENNETH AVE &  W SCHOOL ST&W ROSCOE ST &  N KILBOURN AVE; 3300 N KENNETH AVE,43177.63,Alleys
30,2024,Alley Resurfacing Menu,N NARRAGANSETT AVE &  W WELLINGTON AVE&W BARRY AVE &  N MELVINA AVE; 3001 N NARRAGANSETT AVE,20408.62,Alleys
30,2024,Alley Resurfacing Menu,N TRIPP AVE &  W ADDISON ST&W WAVELAND AVE &  N MILWAUKEE AVE; 3600 N TRIPP AVE,31404.55,Alleys
30,2024,Alley Resurfacing Menu,W ROSCOE ST &  N LINDER AVE&N CENTRAL AVE &  W HENDERSON ST; 5501 W ROSCOE ST,34078.6,Alleys
30,2024,Alley Speed Hump Menu,3302 N KOSTNER AVE,725.0,Alleys
30,2024,Alley Speed Hump Menu,3600 N TRIPP AVE; N TRIPP AVE &  W ADDISON ST&W WAVELAND AVE &  N MILWAUKEE AVE,0.0,Alleys
30,2024,Alley Speed Hump Menu,N MILWAUKEE AVE &  N KEELER AVE; W ADDISON ST &  N MILWAUKEE AVE,4350.0,Alleys
30,2024,Alley Speed Hump Menu,W ROSCOE ST &  N LINDER AVE&N CENTRAL AVE &  W HENDERSON ST; 5501 W ROSCOE ST,0.0,Alleys
30,2024,Alley Speed Hump Replacement,3300 N KENNETH AVE; N KENNETH AVE &  W SCHOOL ST&W ROSCOE ST &  N KILBOURN AVE,0.0,Alleys
30,2024,Alley Speed Hump Replacement,3401 N AVERS AVE; N AVERS AVE &  W ROSCOE ST&W CORNELIA AVE &  N HAMLIN AVE,0.0,Alleys
30,2024,Alley Speed Hump Replacement,5701 W CORNELIA AVE; W CORNELIA AVE &  N MAJOR AVE&N MENARD AVE &  W NEWPORT AVE,0.0,Alleys
30,2024,Alley Speed Hump Replacement,N NARRAGANSETT AVE &  W WELLINGTON AVE&W BARRY AVE &  N MELVINA AVE; 3001 N NARRAGANSETT AVE,0.0,Alleys
30,2024,Curb & Gutter Menu,2718 N MANGO AVE,5687.76,Street Resurfacing
30,2024,Curb & Gutter Menu,6156 W BELMONT AVE,48251.14,Street Resurfacing
30,2024,"In-Road ""State Law Stop For Pedestrians"" Sign Menu",W ADDISON ST &  N CENTRAL AVE; 5645 W ADDISON ST,350.0,Pedestrian Infrastructure
30,2024,Miscellaneous CDOT Projects,3425 N MAJOR AVE,3700.0,Misc. CDOT
30,2024,Miscellaneous CDOT Projects,3638 N PULASKI RD,3700.0,Misc. CDOT
30,2024,Miscellaneous CDOT Projects,N PULASKI RD &  W ADDISON ST; N MARMORA AVE &  W ADDISON ST,7400.0,Misc. CDOT
30,2024,Miscellaneous CDOT Projects,W ROSCOE ST &  N KENTON AVE,7400.0,Misc. CDOT
30,2024,Pavement Markings Menu,ON N LONG AVE FROM W GRACE ST  (3800 N) TO W IRVING PARK RD  (4000 N),175000.0,Street Redesign
30,2024,Playground Improvements at William Gray Elementary 30th Ward 2024 Menu,3730 N LARAMIE AVE,150000.0,Parks
30,2024,Sidewalk Menu,2437 N MANGO AVE,7668.56,Sidewalk Repair
30,2024,Sidewalk Menu,2559 N MCVICKER AVE,13781.19,Sidewalk Repair
30,2024,Sidewalk Menu,2625 N PARKSIDE AVE,3835.38,Sidewalk Repair
30,2024,Sidewalk Menu,2643 N PARKSIDE AVE,7411.16,Sidewalk Repair
30,2024,Sidewalk Menu,3036 N MARMORA AVE; ON N MARMORA AVE FROM W WELLINGTON AVE  (3000 N) TO W BARRY AVE  (3100 N),4920.49,Sidewalk Repair
30,2024,Sidewalk Menu,3104 N MENARD AVE,1214.92,Sidewalk Repair
30,2024,Sidewalk Menu,3359 N AUSTIN AVE,31263.66,Sidewalk Repair
30,2024,Sidewalk Menu,3412 N HAMLIN AVE,13174.07,Sidewalk Repair
30,2024,Sidewalk Menu,3438 N KILBOURN AVE,3896.16,Sidewalk Repair
30,2024,Sidewalk Menu,3456 N KILDARE AVE,16281.76,Sidewalk Repair
30,2024,Sidewalk Menu,3634 N HAMLIN AVE; 3614 N HAMLIN AVE,16129.99,Sidewalk Repair
30,2024,Sidewalk Menu,3708 W CORNELIA AVE,3335.6,Sidewalk Repair
30,2024,Sidewalk Menu,4926 W WARWICK AVE,3705.58,Sidewalk Repair
30,2024,Sidewalk Menu,5100 W GRACE ST,19042.25,Sidewalk Repair
30,2024,Sidewalk Menu,5215 W MELROSE ST,3705.58,Sidewalk Repair
30,2024,Sidewalk Menu,5340-5350 W HENDERSON ST,8007.56,Sidewalk Repair
30,2024,Sidewalk Menu,5412-5414 W SCHOOL ST,12216.0,Sidewalk Repair
30,2024,Sidewalk Menu,5442 W DAKIN ST; 5458 W DAKIN ST,21910.77,Sidewalk Repair
30,2024,Sidewalk Menu,5700 W SCHOOL ST,11520.4,Sidewalk Repair
30,2024,Sidewalk Menu,5722 W HENDERSON ST,3214.71,Sidewalk Repair
30,2024,Sidewalk Menu,5908 W HENDERSON ST,3721.8,Sidewalk Repair
30,2024,Sidewalk Menu,6032 W EDDY ST,11308.58,Sidewalk Repair
30,2024,Sidewalk Menu,6115 W ADDISON ST,4607.9,Sidewalk Repair
30,2024,Sidewalk Menu,6236 W NEWPORT AVE,2961.86,Sidewalk Repair
30,2024,Sidewalk Menu,6314 W FLETCHER ST,8254.94,Sidewalk Repair
30,2024,Sidewalk Menu,ON N HARDING AVE FROM W WAVELAND AVE  (3700 N) TO N AVONDALE AVE  (3800 N),22867.22,Sidewalk Repair
30,2024,Sidewalk Menu,ON N PARKSIDE AVE FROM W FULLERTON AVE  (2400 N) TO W ALTGELD ST  (2500 N),28386.61,Sidewalk Repair
30,2024,Sidewalk Menu,ON W HENDERSON ST FROM N MOBILE AVE  (6300 W) TO N NARRAGANSETT AVE  (6400 W); 6300 W HENDERSON ST,11796.11,Sidewalk Repair
30,2024,Site Improvements at Reinberg Elementary 2024 Menu 30th Ward,3425 N MAJOR AVE,4031.76,Schools
30,2024,Speed Indicator Signs,ON W ADDISON ST FROM N HAMLIN AVE  (3800 W) TO N HARDING AVE  (3930 W),28000.0,Traffic Signals
30,2024,Street Bump Outs Menu,W GRACE ST &  N LECLAIRE AVE,15430.6,Pedestrian Infrastructure
30,2024,Street Resurfacing Menu,ON N KENNETH AVE FROM W GRACE ST  (3800 N) TO N MILWAUKEE AVE  (3742 N),30521.94,Street Resurfacing
30,2024,Street Resurfacing Menu,ON N MASON AVE FROM W BARRY AVE  (3100 N) TO W BELMONT AVE  (3200 N),60959.81,Street Resurfacing
30,2024,Street Resurfacing Menu,ON N MEADE AVE FROM W HENDERSON ST  (3330 N) TO W ROSCOE ST  (3400 N),27155.44,Street Resurfacing
30,2024,Street Resurfacing Menu,ON N MONTICELLO AVE FROM W GRACE ST  (3800 N) TO W BYRON ST  (3900 N),50400.71,Street Resurfacing
30,2024,Street Resurfacing Menu,ON W PATTERSON AVE FROM N LAVERGNE AVE  (5000 W) TO N LECLAIRE AVE  (5100 W); 5000 W PATTERSON AVE,53308.62,Street Resurfacing
30,2024,Street Resurfacing Menu,ON W ROSCOE ST FROM N CENTRAL PARK AVE  (3600 W) TO N LAWNDALE AVE  (3700 W),19109.31,Street Resurfacing
30,2024,Street Speed Hump Menu,ON N HAMLIN AVE FROM W ADDISON ST  (3600 N) TO N AVONDALE AVE  (3700 N),4880.0,Street Resurfacing
30,2024,Street Speed Hump Menu,ON N LONG AVE FROM W GRACE ST  (3800 N) TO W IRVING PARK RD  (4000 N),7320.0,Street Resurfacing
30,2024,Street Speed Hump Menu,ON W GRACE ST FROM N LECLAIRE AVE  (5100 W) TO N LARAMIE AVE  (5200 W),4880.0,Street Resurfacing
30,2024,Street Speed Hump Menu,ON W SCHUBERT AVE FROM N AUSTIN AVE  (6000 W) TO N MELVINA AVE  (6200 W),9760.0,Street Resurfacing
30,2024,Street Speed Hump Menu,ON W WARWICK AVE FROM N LAVERGNE AVE  (5000 W) TO N LECLAIRE AVE  (5100 W),4880.0,Street Resurfacing
30,2024,Street Speed Hump Replacement,ON N MASON AVE FROM W BARRY AVE  (3100 N) TO W BELMONT AVE  (3200 N),0.0,Street Resurfacing
30,2024,Street Speed Hump Replacement,ON W ROSCOE ST FROM N CENTRAL PARK AVE  (3600 W) TO N LAWNDALE AVE  (3700 W),0.0,Street Resurfacing
31,2024,Alley Apron Menu,2455 N LOWELL AVE,15919.19,Alleys
31,2024,Alley Apron Menu,5400 W SCHUBERT AVE; ON N LONG AVE FROM W SCHUBERT AVE  (2700 N) TO W PARKER AVE  (2730 N),20676.74,Alleys
31,2024,Alley Apron Menu,ON N KENTON AVE FROM W SCHUBERT AVE  (2700 N) TO W PARKER AVE  (2740 N),1740.5,Alleys
31,2024,Alley Resurfacing Menu,2305 N TRIPP AVE; N TRIPP AVE &  W BELDEN AVE&W FULLERTON AVE &  N KEELER AVE,34109.5,Alleys
31,2024,Alley Resurfacing Menu,2800-2858 N KILPATRICK AVE; N KILPATRICK AVE &  W DIVERSEY AVE&W GEORGE ST &  N KEATING AVE,37432.47,Alleys
31,2024,Alley Resurfacing Menu,N AVERS AVE &  W GEORGE ST&W WELLINGTON AVE &  N SPRINGFIELD AVE; 2918 N AVERS AVE,42452.63,Alleys
31,2024,Alley Resurfacing Menu,N HAMLIN AVE &  W DIVERSEY AVE&W GEORGE ST &  N AVERS AVE; 2800 N HAMLIN AVE,34187.91,Alleys
31,2024,Alley Resurfacing Menu,N KOSTNER AVE &  W BELDEN AVE&W FULLERTON AVE &  N KENNETH AVE; 2300-2358 N KOSTNER AVE,53543.59,Alleys
31,2024,Alley Resurfacing Menu,N LINDER AVE &  W BARRY AVE&W BELMONT AVE &  N LUNA AVE; 3134 N LINDER AVE,57684.25,Alleys
31,2024,Alley Resurfacing Menu,N SPRINGFIELD AVE &  W GEORGE ST&W WELLINGTON AVE &  N HARDING AVE; 2900-2958 N SPRINGFIELD AVE,40522.52,Alleys
31,2024,Alley Resurfacing Menu,W FULLERTON AVE &  N LAVERGNE AVE&N LECLAIRE AVE &  W BELDEN AVE; 5001-5059 W FULLERTON AVE,34171.31,Alleys
31,2024,Alley Resurfacing Menu,W FULLERTON AVE &  N LAVERGNE AVE&N LECLAIRE AVE &  W MONTANA ST; 5000-5038 W FULLERTON AVE,34822.54,Alleys
31,2024,Alley Resurfacing Menu,W MONTANA ST &  N LAVERGNE AVE&N LECLAIRE AVE &  W ALTGELD ST; 5000-5058 W MONTANA ST,50284.74,Alleys
31,2024,Alley Resurfacing Menu,W SCHOOL ST &  N LARAMIE AVE&N LOCKWOOD AVE &  W HENDERSON ST,33248.94,Alleys
31,2024,Alley Resurfacing Menu,W SCHUBERT AVE &  N LECLAIRE AVE&N LARAMIE AVE &  W PARKER AVE,43610.24,Alleys
31,2024,Alley Resurfacing Menu,W WELLINGTON AVE &  N LOCKWOOD AVE&N LONG AVE &  W NELSON ST,43039.74,Alleys
31,2024,Alley Resurfacing Menu,W WELLINGTON AVE &  N PULASKI RD&N KARLOV AVE &  W NELSON ST,56417.33,Alleys
31,2024,Alley Speed Hump Replacement,2305 N TRIPP AVE; N TRIPP AVE &  W BELDEN AVE&W FULLERTON AVE &  N KEELER AVE,0.0,Alleys
31,2024,Alley Speed Hump Replacement,2800-2858 N KILPATRICK AVE; N KILPATRICK AVE &  W DIVERSEY AVE&W GEORGE ST &  N KEATING AVE,0.0,Alleys
31,2024,Alley Speed Hump Replacement,N AVERS AVE &  W GEORGE ST&W WELLINGTON AVE &  N SPRINGFIELD AVE; 2918 N AVERS AVE,0.0,Alleys
31,2024,Alley Speed Hump Replacement,N HAMLIN AVE &  W DIVERSEY AVE&W GEORGE ST &  N AVERS AVE; 2800 N HAMLIN AVE,0.0,Alleys
31,2024,Alley Speed Hump Replacement,N KOSTNER AVE &  W BELDEN AVE&W FULLERTON AVE &  N KENNETH AVE; 2300-2358 N KOSTNER AVE,0.0,Alleys
31,2024,Alley Speed Hump Replacement,N LINDER AVE &  W BARRY AVE&W BELMONT AVE &  N LUNA AVE; 3134 N LINDER AVE,0.0,Alleys
31,2024,Alley Speed Hump Replacement,N SPRINGFIELD AVE &  W GEORGE ST&W WELLINGTON AVE &  N HARDING AVE; 2900-2958 N SPRINGFIELD AVE,0.0,Alleys
31,2024,Alley Speed Hump Replacement,W FULLERTON AVE &  N LAVERGNE AVE&N LECLAIRE AVE &  W BELDEN AVE; 5001-5059 W FULLERTON AVE,0.0,Alleys
31,2024,Alley Speed Hump Replacement,W FULLERTON AVE &  N LAVERGNE AVE&N LECLAIRE AVE &  W MONTANA ST; 5000-5038 W FULLERTON AVE,0.0,Alleys
31,2024,Alley Speed Hump Replacement,W MONTANA ST &  N LAVERGNE AVE&N LECLAIRE AVE &  W ALTGELD ST; 5000-5058 W MONTANA ST,0.0,Alleys
31,2024,Alley Speed Hump Replacement,W SCHUBERT AVE &  N LECLAIRE AVE&N LARAMIE AVE &  W PARKER AVE,0.0,Alleys
31,2024,Alley Speed Hump Replacement,W WELLINGTON AVE &  N LOCKWOOD AVE&N LONG AVE &  W NELSON ST,0.0,Alleys
31,2024,Alley Speed Hump Replacement,W WELLINGTON AVE &  N PULASKI RD&N KARLOV AVE &  W NELSON ST,0.0,Alleys
31,2024,Miscellaneous CDOT Projects,ON N LUNA AVE FROM W WELLINGTON AVE  (3000 N) TO W BELMONT AVE  (3200 N),13250.0,Misc. CDOT
31,2024,Sidewalk Menu,2827 N PULASKI RD,52113.67,Sidewalk Repair
31,2024,Sidewalk Menu,5301 W WRIGHTWOOD AVE; N LOCKWOOD AVE &  W WRIGHTWOOD AVE,6944.62,Sidewalk Repair
31,2024,Speed Indicator Signs,3118 N KOSTNER AVE; 2831 N KOSTNER AVE; ON N KOSTNER AVE FROM W DIVERSEY AVE (2800 N) TO W BELMONT AVE  (3200 N); 2935 N KOSTNER AVE,46500.0,Traffic Signals
31,2024,Street Light Upgrade Menu,4911 W ALTGELD ST; 4919 W ALTGELD ST; 4937 W ALTGELD ST; 4959 W ALTGELD ST,2000.0,Lighting
31,2024,Street Light Upgrade Menu,5041 W WRIGHTWOOD AVE; 5019 W WRIGHTWOOD AVE,1000.0,Lighting
31,2024,Street Light Upgrade Menu,5053 W FULLERTON AVE; 5052 W FULLERTON AVE,1000.0,Lighting
31,2024,Street Light Upgrade Menu,5109 W FULLERTON AVE; 5141 W FULLERTON AVE,1000.0,Lighting
31,2024,Street Light Upgrade Menu,5136 W BELDEN AVE,500.0,Lighting
31,2024,Street Resurfacing Menu,4560 W WELLINGTON AVE,34768.65,Street Resurfacing
31,2024,Street Resurfacing Menu,ON N KEATING AVE FROM W BELDEN AVE  (2300 N) TO W FULLERTON AVE  (2400 N),58694.31,Street Resurfacing
31,2024,Street Resurfacing Menu,ON N KENTON AVE FROM W FULLERTON AVE  (2400 N) TO W ALTGELD ST  (2500 N); 2400-2458 N KENTON AVE,42691.06,Street Resurfacing
31,2024,Street Resurfacing Menu,ON N KILPATRICK AVE FROM W BARRY AVE  (3100 N) TO W BELMONT AVE  (3200 N),51665.29,Street Resurfacing
31,2024,Street Resurfacing Menu,ON N KILPATRICK AVE FROM W FULLERTON AVE  (2400 N) TO W MONTANA ST  (2430 N),27362.24,Street Resurfacing
31,2024,Street Resurfacing Menu,ON N KNOX AVE FROM W WELLINGTON AVE  (3000 N) TO W BARRY AVE  (3100 N),58589.76,Street Resurfacing
31,2024,Street Resurfacing Menu,ON W GEORGE ST FROM N LAVERGNE AVE  (5000 W) TO N LECLAIRE AVE  (5100 W),56370.24,Street Resurfacing
31,2024,Street Resurfacing Menu,ON W GEORGE ST FROM N LECLAIRE AVE  (5100 W) TO N LARAMIE AVE  (5200 W),60835.16,Street Resurfacing
31,2024,Street Resurfacing Menu,ON W MEDILL AVE FROM N LECLAIRE AVE  (5100 W) TO N LARAMIE AVE  (5200 W),55348.81,Street Resurfacing
31,2024,Street Resurfacing Menu,ON W OAKDALE AVE FROM N CICERO AVE  (4800 W) TO N LAVERGNE AVE  (5000 W),94273.96,Street Resurfacing
31,2024,Street Resurfacing Menu,ON W PARKER AVE FROM N KOSTNER AVE  (4400 W) TO N KENTON AVE  (4600 W),77313.05,Street Resurfacing
31,2024,Street Resurfacing Menu,ON W PARKER AVE FROM N LAVERGNE AVE  (5000 W) TO N LECLAIRE AVE  (5100 W),63681.01,Street Resurfacing
31,2024,Street Resurfacing Menu,ON W WELLINGTON AVE FROM N LOCKWOOD AVE  (5300 W) TO N LONG AVE  (5400 W),54542.45,Street Resurfacing
31,2024,Street Speed Hump Replacement,4560 W WELLINGTON AVE,0.0,Street Resurfacing
31,2024,Street Speed Hump Replacement,ON N KENTON AVE FROM W FULLERTON AVE  (2400 N) TO W ALTGELD ST  (2500 N); 2400-2458 N KENTON AVE,0.0,Street Resurfacing
31,2024,Street Speed Hump Replacement,ON N KILPATRICK AVE FROM W BARRY AVE  (3100 N) TO W BELMONT AVE  (3200 N),0.0,Street Resurfacing
31,2024,Street Speed Hump Replacement,ON N KILPATRICK AVE FROM W FULLERTON AVE  (2400 N) TO W MONTANA ST  (2430 N),0.0,Street Resurfacing
31,2024,Street Speed Hump Replacement,ON W GEORGE ST FROM N LECLAIRE AVE  (5100 W) TO N LARAMIE AVE  (5200 W),0.0,Street Resurfacing
31,2024,Street Speed Hump Replacement,ON W MEDILL AVE FROM N LECLAIRE AVE  (5100 W) TO N LARAMIE AVE  (5200 W),0.0,Street Resurfacing
31,2024,Street Speed Hump Replacement,ON W OAKDALE AVE FROM N CICERO AVE  (4800 W) TO N LAVERGNE AVE  (5000 W),0.0,Street Resurfacing
31,2024,Street Speed Hump Replacement,ON W PARKER AVE FROM N KOSTNER AVE  (4400 W) TO N KENTON AVE  (4600 W),0.0,Street Resurfacing
31,2024,Street Speed Hump Replacement,ON W PARKER AVE FROM N LAVERGNE AVE  (5000 W) TO N LECLAIRE AVE  (5100 W),0.0,Street Resurfacing
32,2024,"2 In-Road ""State Law Stop For Pedestrians"" Signs Menu",W FULLERTON AVE &  N LAKEWOOD AVE,350.0,Pedestrian Infrastructure
32,2024,Alley Apron Menu,1743 W TERRA COTTA PL,28470.23,Alleys
32,2024,Alley Apron Menu,1852 W NELSON ST,14094.84,Alleys
32,2024,Alley Apron Menu,1915 N WOLCOTT AVE,22030.27,Alleys
32,2024,Alley Apron Menu,2114 W LYNDALE ST,24907.89,Alleys
32,2024,Alley Apron Menu,2145 W BARRY AVE,45147.75,Alleys
32,2024,Alley Apron Menu,3106 N WOLCOTT AVE,21060.55,Alleys
32,2024,Alley Apron Menu,3112 N HONORE ST,22519.23,Alleys
32,2024,Alley Resurfacing Menu,N WESTERN AVE &  N MILWAUKEE AVE&N WINNEBAGO AVE &  W MOFFAT ST,16700.56,Alleys
32,2024,Alley Resurfacing Menu,N WOLCOTT AVE &  W ARMITAGE AVE&W DICKENS AVE &  N WOLCOTT AVE,63481.58,Alleys
32,2024,Alley Resurfacing Menu,W CHARLESTON ST &  N LEAVITT ST&N OAKLEY AVE &  W DICKENS AVE,44189.25,Alleys
32,2024,Alley Resurfacing Menu,W CORNELIA AVE &  N HOYNE AVE&N HAMILTON AVE &  W ROSCOE ST,60265.6,Alleys
32,2024,Alley Resurfacing Menu,W DICKENS AVE &  N DAMEN AVE&N HOYNE AVE &  W MCLEAN AVE,64822.26,Alleys
32,2024,Alley Resurfacing Menu,W DIVERSEY PKWY &  N LAKEWOOD AVE&N WAYNE AVE &  W SCHUBERT AVE,29324.57,Alleys
32,2024,Alley Resurfacing Menu,W OAKDALE AVE &  N ASHLAND AVE&N GREENVIEW AVE &  W GEORGE ST,42935.08,Alleys
32,2024,Alley Resurfacing Menu,W SCHOOL ST &  N WOLCOTT AVE&N DAMEN AVE &  W MELROSE ST,62447.58,Alleys
32,2024,Alley Resurfacing Menu,W SHAKESPEARE AVE &  N DAMEN AVE&N HOYNE AVE &  W CHARLESTON ST,58815.6,Alleys
32,2024,Alley Resurfacing Menu,W WABANSIA AVE &  N ASHLAND AVE&N BOSWORTH AVE &  W NORTH AVE,27853.32,Alleys
32,2024,Alley Speed Hump Menu,W DICKENS AVE &  N OAKLEY AVE&N WESTERN AVE &  W MCLEAN AVE,3625.0,Alleys
32,2024,Alley Speed Hump Replacement,N WESTERN AVE &  N MILWAUKEE AVE&N WINNEBAGO AVE &  W MOFFAT ST,0.0,Alleys
32,2024,Alley Speed Hump Replacement,W CHARLESTON ST &  N LEAVITT ST&N OAKLEY AVE &  W DICKENS AVE,0.0,Alleys
32,2024,Alley Speed Hump Replacement,W CORNELIA AVE &  N HOYNE AVE&N HAMILTON AVE &  W ROSCOE ST,0.0,Alleys
32,2024,Alley Speed Hump Replacement,W DICKENS AVE &  N DAMEN AVE&N HOYNE AVE &  W MCLEAN AVE,0.0,Alleys
32,2024,Alley Speed Hump Replacement,W WABANSIA AVE &  N ASHLAND AVE&N BOSWORTH AVE &  W NORTH AVE,0.0,Alleys
32,2024,Curb & Gutter Menu,1621 N HERMITAGE AVE,21453.52,Street Resurfacing
32,2024,Curb & Gutter Menu,1711 N HERMITAGE AVE,5323.36,Street Resurfacing
32,2024,Curb & Gutter Menu,2031 W CHURCHILL ST,7978.72,Street Resurfacing
32,2024,Curb & Gutter Menu,2058 N HOYNE AVE,33295.74,Street Resurfacing
32,2024,Curb & Gutter Menu,2636 N BOSWORTH AVE,74527.95,Street Resurfacing
32,2024,Curb & Gutter Menu,3222 N RAVENSWOOD AVE W,4218.43,Street Resurfacing
32,2024,Miscellaneous CDOT Projects,3335 N DAMEN AVE,660.0,Misc. CDOT
32,2024,Pavement Markings Menu,2214 W BARRY AVE,3000.0,Street Redesign
32,2024,Sidewalk Menu,1918 W ROSCOE ST,4070.11,Sidewalk Repair
32,2024,Sidewalk Menu,2010 W WELLINGTON AVE,4275.02,Sidewalk Repair
32,2024,Sidewalk Menu,2014 N LEAVITT ST,5145.13,Sidewalk Repair
32,2024,Sidewalk Menu,3235 N WESTERN AVE,7262.03,Sidewalk Repair
32,2024,Sidewalk Menu,W WABANSIA AVE &  N CLAREMONT AVE,19270.29,Sidewalk Repair
32,2024,Street Bump Outs Menu,N OAKLEY AVE &  W WABANSIA AVE,17117.03,Pedestrian Infrastructure
32,2024,Street Light Upgrade Menu,1653 N DAMEN AVE,500.0,Lighting
32,2024,Street Resurfacing Menu,ON N GREENVIEW AVE FROM W OAKDALE AVE  (2930 N) TO W WELLINGTON AVE  (3000 N),34493.98,Street Resurfacing
32,2024,Street Resurfacing Menu,ON N PAULINA ST FROM W BLOOMINGDALE AVE  (1799 N) TO W CORTLAND ST  (1900 N),65324.89,Street Resurfacing
32,2024,Street Resurfacing Menu,ON W BLOOMINGDALE AVE FROM N WOLCOTT AVE  (1900 W) TO N WINCHESTER AVE  (1932 W),33318.49,Street Resurfacing
32,2024,Street Resurfacing Menu,ON W CHARLESTON ST FROM N HOYNE AVE  (2100 W) TO N LEAVITT ST  (2200 W),62094.65,Street Resurfacing
32,2024,Street Resurfacing Menu,ON W DICKENS AVE FROM N HOYNE AVE  (2100 W) TO N LEAVITT ST  (2200 W),59834.11,Street Resurfacing
32,2024,Street Resurfacing Menu,ON W WRIGHTWOOD AVE FROM N RACINE AVE  (1200 W) TO N LAKEWOOD AVE  (1300 W),74474.38,Street Resurfacing
32,2024,Street Speed Hump Menu,ON N HAMILTON AVE FROM W SCHOOL ST  (3300 N) TO W ROSCOE ST  (3400 N),4880.0,Street Resurfacing
32,2024,Street Speed Hump Menu,ON N OAKLEY AVE FROM N WILMOT AVE  (1910 N) TO W ARMITAGE AVE  (2000 N),2440.0,Street Resurfacing
32,2024,Street Speed Hump Menu,ON N OAKLEY AVE FROM W SCHOOL ST  (3300 N) TO W ROSCOE ST  (3400 N),4880.0,Street Resurfacing
32,2024,Street Speed Hump Menu,ON N WINCHESTER AVE FROM W NORTH AVE  (1600 N) TO W WABANSIA AVE  (1700 N),4880.0,Street Resurfacing
32,2024,Street Speed Hump Menu,ON W MELROSE ST FROM N SOUTHPORT AVE  (1400 W) TO N GREENVIEW AVE  (1500 W),4880.0,Street Resurfacing
32,2024,Street Speed Hump Menu,ON W WELLINGTON AVE FROM N DAMEN AVE  (2000 W) TO N HOYNE AVE  (2100 W),4880.0,Street Resurfacing
32,2024,Street Speed Hump Menu,ON W WOLFRAM ST FROM N ASHLAND AVE  (1600 W) TO N PAULINA ST  (1700 W),4880.0,Street Resurfacing
32,2024,Street Speed Hump Menu,ON W WOLFRAM ST FROM N GREENVIEW AVE  (1500 W) TO N ASHLAND AVE  (1600 W),4880.0,Street Resurfacing
32,2024,Street Speed Hump Replacement,ON N GREENVIEW AVE FROM W OAKDALE AVE  (2930 N) TO W WELLINGTON AVE  (3000 N),0.0,Street Resurfacing
33,2024,Alley Resurfacing Menu,3746 W EASTWOOD AVE; W LELAND AVE &  N HAMLIN AVE&N LAWNDALE AVE &  W LELAND AVE,14615.94,Alleys
33,2024,Alley Resurfacing Menu,4011 N FRANCISCO AVE; N FRANCISCO AVE &  W IRVING PARK RD&W BELLE PLAINE AVE & N MOZART ST,33061.21,Alleys
33,2024,Alley Resurfacing Menu,N BERNARD ST &  W AINSLIE ST&W AINSLIE ST &  N KIMBALL AVE,33527.04,Alleys
33,2024,Alley Resurfacing Menu,N BERNARD ST &  W LAWRENCE AVE&W AINSLIE ST &  N ST LOUIS AVE,38131.22,Alleys
33,2024,Alley Resurfacing Menu,N KEDZIE AVE &  W MONTROSE AVE&W SUNNYSIDE AVE &  N SAWYER AVE,27791.51,Alleys
33,2024,Alley Resurfacing Menu,N KEDZIE AVE &  W SUNNYSIDE AVE&W WILSON AVE &  N SAWYER AVE,33372.54,Alleys
33,2024,Alley Resurfacing Menu,N MONTICELLO AVE &  W BERTEAU AVE&W CULLOM AVE &  N CENTRAL PARK AVE,48093.13,Alleys
33,2024,Alley Resurfacing Menu,W GUNNISON ST &  N SACRAMENTO AVE&N ALBANY AVE &  W LAWRENCE AVE,18939.68,Alleys
33,2024,Alley Speed Hump Replacement,4011 N FRANCISCO AVE; N FRANCISCO AVE &  W IRVING PARK RD&W BELLE PLAINE AVE & N MOZART ST,0.0,Alleys
33,2024,Alley Speed Hump Replacement,N KEDZIE AVE &  W MONTROSE AVE&W SUNNYSIDE AVE &  N SAWYER AVE,0.0,Alleys
33,2024,Alley Speed Hump Replacement,N MONTICELLO AVE &  W BERTEAU AVE&W CULLOM AVE &  N CENTRAL PARK AVE,0.0,Alleys
33,2024,Alley Speed Hump Replacement,W GUNNISON ST &  N SACRAMENTO AVE&N ALBANY AVE &  W LAWRENCE AVE,0.0,Alleys
33,2024,Carl Von Linne Elementary School - Turf Field Renovations,3221 N SACRAMENTO AVE,40000.0,Schools
33,2024,Chicago Park District,2741 W MONTROSE AVE,20000.0,Parks
33,2024,Concrete Alley Menu,N ALBANY AVE &  W LAWRENCE AVE&W LELAND AVE &  N WHIPPLE ST,115000.0,Alleys
33,2024,Curb & Gutter Menu,4024 N FRANCISCO AVE,4165.39,Street Resurfacing
33,2024,Curb & Gutter Menu,4146 N ST LOUIS AVE,52520.8,Street Resurfacing
33,2024,Curb & Gutter Menu,4225 N FRANCISCO AVE,6852.14,Street Resurfacing
33,2024,Grover Cleveland Elementary School - Nature Play Space,3121 W BYRON ST,180000.0,Parks
33,2024,Installation of Accessible Pedestrian Signals at N. Kimball Ave. & W. Lawrence Ave.,N KIMBALL AVE &  W LAWRENCE AVE,97230.42,Pedestrian Infrastructure
33,2024,LED Traffic Signal Upgrades & Pedestrian Countdown Signal,W MONTROSE AVE &  N CALIFORNIA AVE,71167.06,Pedestrian Infrastructure
33,2024,Miscellaneous CDOT Projects,N ELSTON AVE &  N FRANCISCO AVE,26077.01,Misc. CDOT
33,2024,Miscellaneous Other Projects,4250 N ST LOUIS AVE,250000.0,Misc.
33,2024,Sidewalk Menu,3410 N ALBANY AVE,4200.2,Sidewalk Repair
33,2024,Sidewalk Menu,3717-3723 N SAWYER AVE,11765.93,Sidewalk Repair
33,2024,Sidewalk Menu,3738 N SAWYER AVE,3968.93,Sidewalk Repair
33,2024,Sidewalk Menu,4736 N SAWYER AVE,7327.75,Sidewalk Repair
33,2024,Sidewalk Menu,4934 N MONTICELLO AVE,3645.79,Sidewalk Repair
33,2024,Street Bump Outs Menu,N RICHMOND ST &  W BERTEAU AVE,1158.96,Pedestrian Infrastructure
33,2024,Street Bump Outs Menu,W CARMEN AVE &  N TROY ST,12619.3,Pedestrian Infrastructure
33,2024,Street Resurfacing Menu,ON N LAWNDALE AVE FROM W AGATITE AVE  (4430 N) TO W SUNNYSIDE AVE  (4500 N),23751.84,Street Resurfacing
33,2024,Street Resurfacing Menu,ON N LAWNDALE AVE FROM W SUNNYSIDE AVE  (4500 N) TO W WILSON AVE  (4600 N),53543.77,Street Resurfacing
33,2024,Street Resurfacing Menu,ON N MONTICELLO AVE FROM W BERTEAU AVE  (4200 N) TO W CULLOM AVE  (4300 N),49274.91,Street Resurfacing
33,2024,Street Resurfacing Menu,ON N RICHMOND ST FROM W IRVING PARK RD  (4000 N) TO W BELLE PLAINE AVE  (4100 N),40687.0,Street Resurfacing
33,2024,Street Resurfacing Menu,ON W SCHOOL ST FROM N ALBANY AVE  (3100 W) TO N TROY ST  (3130 W),35845.27,Street Resurfacing
33,2024,Street Resurfacing Menu,ON W SUNNYSIDE AVE FROM N MONTICELLO AVE  (3630 W) TO N HAMLIN AVE  (3800 W),80337.41,Street Resurfacing
33,2024,Street Speed Hump Menu,ON N AVERS AVE FROM W WILSON AVE  (4600 N) TO W LELAND AVE  (4700 N),4880.0,Street Resurfacing
33,2024,Street Speed Hump Menu,ON N LAWNDALE AVE FROM W SUNNYSIDE AVE  (4500 N) TO W WILSON AVE  (4600 N),0.0,Street Resurfacing
33,2024,Street Speed Hump Menu,ON N SACRAMENTO AVE FROM W MONTROSE AVE  (4400 N) TO W SUNNYSIDE AVE  (4500 N),4880.0,Street Resurfacing
33,2024,Street Speed Hump Menu,ON N SAWYER AVE FROM W SUNNYSIDE AVE  (4500 N) TO W WILSON AVE  (4600 N),4880.0,Street Resurfacing
33,2024,Street Speed Hump Replacement,ON W SUNNYSIDE AVE FROM N MONTICELLO AVE  (3630 W) TO N HAMLIN AVE  (3800 W),0.0,Street Resurfacing
34,2024,Alley Apron Menu,910 W VAN BUREN ST,76264.2,Alleys
34,2024,Alley Apron Menu,S CLINTON ST &  W ARCADE PL,70144.75,Alleys
34,2024,Alley Resurfacing Menu,725 S CARPENTER ST; S CARPENTER ST &  W POLK ST,3708.06,Alleys
34,2024,Alley Resurfacing Menu,W ADAMS ST &  S STATE ST&S WABASH AVE &  E JACKSON BLVD,23467.76,Alleys
34,2024,Alley Resurfacing Menu,W VAN BUREN ST &  S PEORIA ST&S SANGAMON ST &  W JACKSON BLVD,27732.03,Alleys
34,2024,Arterial Street Bump Outs Menu,S JEFFERSON ST &  W HARRISON ST; ON S JEFFERSON ST FROM W JACKSON BLVD  (300 S) TO W HARRISON ST  (600 S),171139.99,Pedestrian Infrastructure
34,2024,Arterial Street Bump Outs Menu,W ADAMS ST &  S PEORIA ST,72171.11,Pedestrian Infrastructure
34,2024,Arterial Street Bump Outs Menu,W FULTON MARKET &  N UNION AVE,130000.0,Pedestrian Infrastructure
34,2024,Arterial Street Bump Outs Menu,W VAN BUREN ST &  S ABERDEEN ST,50000.0,Pedestrian Infrastructure
34,2024,Bollard Menu,E ADAMS ST &  S MICHIGAN AVE,10000.0,Pedestrian Infrastructure
34,2024,Miscellaneous CDOT Projects,400 S HALSTED ST,660.0,Misc. CDOT
34,2024,Miscellaneous CDOT Projects,W POLK ST &  S RACINE AVE,17736.0,Misc. CDOT
34,2024,Pavement Markings Menu,ON W CONGRESS PKWY FROM S RACINE AVE  (1200 W) TO S ASHLAND AVE  (1600 W),8000.0,Street Redesign
34,2024,Pavement Markings Menu,ON W MADISON ST FROM N CLINTON ST  (540 W) TO N DESPLAINES ST  (640 W); N DESPLAINES ST &  W MADISON ST,6000.0,Street Redesign
34,2024,Pavement Markings Menu,ON W MONROE ST FROM S LAFLIN ST  (1500 W) TO W OGDEN AVE  (1630 W),3500.0,Street Redesign
34,2024,Pavement Markings Menu,ON W VAN BUREN ST FROM S MORGAN ST  (1000 W) TO S RACINE AVE  (1200 W),4089.24,Street Redesign
34,2024,Pavement Markings Menu,S MORGAN ST &  W TAYLOR ST,500.0,Street Redesign
34,2024,Sidewalk Menu,100 S DESPLAINES ST; ON S DESPLAINES ST FROM W MONROE ST  (100 S) TO W ADAMS ST (200 S),36494.59,Sidewalk Repair
34,2024,Sidewalk Menu,1111 W MADISON ST,5682.17,Sidewalk Repair
34,2024,Sidewalk Menu,1454 W FLOURNOY ST,4635.87,Sidewalk Repair
34,2024,Sidewalk Menu,310 N CLINTON ST; ON N CLINTON ST FROM W KINZIE ST  (400 N) TO W FULTON ST  (300 N),24606.06,Sidewalk Repair
34,2024,Sidewalk Menu,47 N WELLS ST,37749.99,Sidewalk Repair
34,2024,Sidewalk Menu,713-723 S ABERDEEN ST,20432.61,Sidewalk Repair
34,2024,Sidewalk Menu,932 W MADISON ST,23677.09,Sidewalk Repair
34,2024,Sidewalk Menu,ON N JEFFERSON ST FROM W FULTON ST  (300 N) TO W KINZIE ST  (400 N),1871.6,Sidewalk Repair
34,2024,Street Bump Outs Menu,W FLOURNOY ST &  S LAFLIN ST,24500.0,Pedestrian Infrastructure
34,2024,Street Bump Outs Menu,W JACKSON BLVD &  S THROOP ST,11231.0,Pedestrian Infrastructure
34,2024,Street Bump Outs Menu,W MONROE ST &  S LAFLIN ST,8000.0,Pedestrian Infrastructure
34,2024,Street Light Residential Staggered Piggy Back Menu,ON S MILLER ST FROM W POLK ST  (800 S) TO W TAYLOR ST  (1000 S),337000.0,Lighting
34,2024,Street Resurfacing Menu,ON S ABERDEEN ST FROM 717 S TO W POLK ST  (800 S),25309.53,Street Resurfacing
34,2024,Street Resurfacing Menu,ON W FLOURNOY ST FROM S RACINE AVE  (1200 W) TO S LOOMIS ST  (1400 W),128283.04,Street Resurfacing
34,2024,Street Speed Hump Menu,ON N DESPLAINES ST FROM W MONROE ST  (100 S) TO W ADAMS ST  (200 S),3500.0,Street Resurfacing
34,2024,Street Speed Hump Menu,ON S GREEN ST FROM W ADAMS ST  (200 S) TO W JACKSON BLVD  (300 S),2440.0,Street Resurfacing
34,2024,Street Speed Hump Menu,ON W ADAMS ST FROM S LAFLIN ST  (1500 W) TO S ASHLAND AVE  (1600 W),4880.0,Street Resurfacing
34,2024,Street Speed Hump Menu,ON W FLOURNOY ST FROM S RACINE AVE  (1200 W) TO S LOOMIS ST  (1400 W),7320.0,Street Resurfacing
34,2024,Street Speed Hump Menu,ON W POLK ST FROM 1401 W TO S LAFLIN ST  (1500 W),4880.0,Street Resurfacing
34,2024,Street Speed Hump Menu,W CONGRESS PKWY &  S THROOP ST,2440.0,Street Resurfacing
35,2024,Alley Apron Menu,2849 W BARRY AVE,5596.44,Alleys
35,2024,Alley Apron Menu,3040 W BELDEN AVE,14776.19,Alleys
35,2024,Alley Resurfacing Menu,N AVERS AVE &  W WRIGHTWOOD AVE&W SCHUBERT AVE &  N SPRINGFIELD AVE,57684.25,Alleys
35,2024,Alley Resurfacing Menu,N SPRINGFIELD AVE &  W BELDEN AVE&W FULLERTON AVE &  N HARDING AVE,48154.94,Alleys
35,2024,Alley Resurfacing Menu,N ST LOUIS AVE &  W SCHUBERT AVE&W PARKER AVE &  N KIMBALL AVE,66210.46,Alleys
35,2024,Alley Speed Hump Menu,N SACRAMENTO AVE &  W WAVELAND AVE&W ADDISON ST &  N RICHMOND ST,1450.0,Alleys
35,2024,Alley Speed Hump Menu,W ALTGELD ST &  N KEDZIE BLVD E&N SAWYER AVE &  W WRIGHTWOOD AVE,725.0,Alleys
35,2024,Alley Speed Hump Replacement,N AVERS AVE &  W WRIGHTWOOD AVE&W SCHUBERT AVE &  N SPRINGFIELD AVE,0.0,Alleys
35,2024,Alley Speed Hump Replacement,N SPRINGFIELD AVE &  W BELDEN AVE&W FULLERTON AVE &  N HARDING AVE,0.0,Alleys
35,2024,Alley Speed Hump Replacement,N ST LOUIS AVE &  W SCHUBERT AVE&W PARKER AVE &  N KIMBALL AVE,0.0,Alleys
35,2024,Arterial Street Bump Outs Menu,N CENTRAL PARK AVE &  W LYNDALE ST,50000.0,Pedestrian Infrastructure
35,2024,Arterial Street Bump Outs Menu,ON N KIMBALL AVE FROM W DRUMMOND PL  (2630 N) TO W SCHUBERT AVE  (2700 N),35818.13,Pedestrian Infrastructure
35,2024,Bike Lane/Marked Shared Lane Menu,ON N HAMLIN AVE FROM 1801 N TO W DIVERSEY AVE  (2800 N); ON N AVERS AVE FROM W ARMITAGE AVE  (2000 N) TO W DIVERSEY AVE  (2800 N),180000.0,Bicycle Infrastructure
35,2024,Bike Lane/Marked Shared Lane Menu,ON W WELLINGTON AVE FROM N SACRAMENTO AVE  (3000 W) TO N KEDZIE AVE  (3200 W),45000.0,Bicycle Infrastructure
35,2024,Bollard Menu,3400 W FULLERTON AVE,2185.83,Pedestrian Infrastructure
35,2024,Curb & Gutter Menu,3057 W GRACE ST,3313.3,Street Resurfacing
35,2024,Curb & Gutter Menu,N WOODARD ST &  N CHRISTIANA AVE,90000.0,Street Resurfacing
35,2024,"In-Road ""State Law Stop For Pedestrians"" Sign Menu",N CENTRAL PARK AVE &  W GEORGE ST,600.0,Pedestrian Infrastructure
35,2024,"In-Road ""State Law Stop For Pedestrians"" Sign Menu",N CENTRAL PARK AVE &  W WOLFRAM ST,600.0,Pedestrian Infrastructure
35,2024,"In-Road ""State Law Stop For Pedestrians"" Sign Menu",N ELSTON AVE &  N DRAKE AVE,350.0,Pedestrian Infrastructure
35,2024,"In-Road ""State Law Stop For Pedestrians"" Sign Menu",N KEDVALE AVE &  W ARMITAGE AVE,600.0,Pedestrian Infrastructure
35,2024,"In-Road ""State Law Stop For Pedestrians"" Sign Menu",N KEDZIE AVE &  W BARRY AVE,350.0,Pedestrian Infrastructure
35,2024,"In-Road ""State Law Stop For Pedestrians"" Sign Menu",N KIMBALL AVE &  W DRUMMOND PL,700.0,Pedestrian Infrastructure
35,2024,"In-Road ""State Law Stop For Pedestrians"" Sign Menu",N KIMBALL AVE &  W PARKER AVE,600.0,Pedestrian Infrastructure
35,2024,"In-Road ""State Law Stop For Pedestrians"" Sign Menu",N MILWAUKEE AVE &  N SAWYER AVE,350.0,Pedestrian Infrastructure
35,2024,"In-Road ""State Law Stop For Pedestrians"" Sign Menu",N MILWAUKEE AVE &  N SPAULDING AVE,600.0,Pedestrian Infrastructure
35,2024,"In-Road ""State Law Stop For Pedestrians"" Sign Menu",N MILWAUKEE AVE &  N WISNER AVE,350.0,Pedestrian Infrastructure
35,2024,"In-Road ""State Law Stop For Pedestrians"" Sign Menu",N SACRAMENTO AVE &  W GEORGE ST,700.0,Pedestrian Infrastructure
35,2024,"In-Road ""State Law Stop For Pedestrians"" Sign Menu",W ARMITAGE AVE &  N KEDVALE AVE,600.0,Pedestrian Infrastructure
35,2024,"In-Road ""State Law Stop For Pedestrians"" Sign Menu",W ARMITAGE AVE &  N TRIPP AVE,700.0,Pedestrian Infrastructure
35,2024,"In-Road ""State Law Stop For Pedestrians"" Sign Menu",W DIVERSEY AVE &  N DRAKE AVE,350.0,Pedestrian Infrastructure
35,2024,"In-Road ""State Law Stop For Pedestrians"" Sign Menu",W DIVERSEY AVE &  N SPAULDING AVE,1200.0,Pedestrian Infrastructure
35,2024,"In-Road ""State Law Stop For Pedestrians"" Sign Menu",W DIVERSEY AVE &  N SPRINGFIELD AVE,700.0,Pedestrian Infrastructure
35,2024,"In-Road ""State Law Stop For Pedestrians"" Sign Menu",W DIVERSEY AVE &  N ST LOUIS AVE,700.0,Pedestrian Infrastructure
35,2024,"In-Road ""State Law Stop For Pedestrians"" Sign Menu",W DIVERSEY AVE &  N WHIPPLE ST,350.0,Pedestrian Infrastructure
35,2024,Miscellaneous CDOT Projects,2358 N KEYSTONE AVE,660.0,Misc. CDOT
35,2024,Miscellaneous CDOT Projects,2415 N ALBANY AVE; 2439 N ALBANY AVE,40000.0,Misc. CDOT
35,2024,Miscellaneous CDOT Projects,W WELLINGTON AVE &  N KIMBALL AVE,150000.0,Misc. CDOT
35,2024,Pavement Markings Menu,N ELSTON AVE &  N BERNARD ST; W GRACE ST &  N ELSTON AVE,26000.0,Street Redesign
35,2024,Pavement Markings Menu,N KIMBALL AVE &  W NEWPORT AVE; ON N KIMBALL AVE FROM N AVONDALE AVE  (3400 N) TO W ADDISON ST  (3600 N),5000.0,Street Redesign
35,2024,Pavement Markings Menu,W ADDISON ST &  N DRAKE AVE,2500.0,Street Redesign
35,2024,Pavement Markings Menu,W DIVERSEY AVE &  N SAWYER AVE,1650.0,Street Redesign
35,2024,Sidewalk Menu,2100 N TRIPP AVE,9343.68,Sidewalk Repair
35,2024,Sidewalk Menu,2108-2110 N KILDARE AVE,7927.97,Sidewalk Repair
35,2024,Sidewalk Menu,2137 N LAWNDALE AVE,10790.97,Sidewalk Repair
35,2024,Sidewalk Menu,2211 N KEELER AVE,4143.65,Sidewalk Repair
35,2024,Sidewalk Menu,2304-2312 N CENTRAL PARK AVE,14770.34,Sidewalk Repair
35,2024,Sidewalk Menu,2314 N MONTICELLO AVE,5457.76,Sidewalk Repair
35,2024,Sidewalk Menu,2417-2419 N SPRINGFIELD AVE,9308.29,Sidewalk Repair
35,2024,Sidewalk Menu,2643 N TROY ST,7791.47,Sidewalk Repair
35,2024,Sidewalk Menu,2657 N CENTRAL PARK AVE,4483.89,Sidewalk Repair
35,2024,Sidewalk Menu,2738 N LAWNDALE AVE,6030.94,Sidewalk Repair
35,2024,Sidewalk Menu,2828-2832 N LAWNDALE AVE; 2814 N LAWNDALE AVE,12612.8,Sidewalk Repair
35,2024,Sidewalk Menu,2847-2851 N FRANCISCO AVE,16699.66,Sidewalk Repair
35,2024,Sidewalk Menu,2905-2909 N DAWSON AVE,8244.66,Sidewalk Repair
35,2024,Sidewalk Menu,2911 N RIDGEWAY AVE,3944.83,Sidewalk Repair
35,2024,Sidewalk Menu,2952 N GRESHAM AVE,1060.65,Sidewalk Repair
35,2024,Sidewalk Menu,3017 N CALIFORNIA AVE,4695.3,Sidewalk Repair
35,2024,Sidewalk Menu,3048 N SAWYER AVE,1016.1,Sidewalk Repair
35,2024,Sidewalk Menu,3052-3054 N MONTICELLO AVE,9358.24,Sidewalk Repair
35,2024,Sidewalk Menu,3081 N ELBRIDGE AVE; 3076-3080 N ELBRIDGE AVE,14102.56,Sidewalk Repair
35,2024,Sidewalk Menu,3106 N MONTICELLO AVE; 3125 N MONTICELLO AVE,12690.64,Sidewalk Repair
35,2024,Sidewalk Menu,3108-3110 N ST LOUIS AVE,5263.18,Sidewalk Repair
35,2024,Sidewalk Menu,3123-3129 N RICHMOND ST,6062.32,Sidewalk Repair
35,2024,Sidewalk Menu,3407 N KIMBALL AVE,7934.43,Sidewalk Repair
35,2024,Sidewalk Menu,3442-3524 W BELMONT AVE,101720.2,Sidewalk Repair
35,2024,Sidewalk Menu,3650 N FRANCISCO AVE,5441.53,Sidewalk Repair
35,2024,Sidewalk Menu,3819 W DIVERSEY AVE,4660.37,Sidewalk Repair
35,2024,Sidewalk Menu,3908 N KIMBALL AVE,1914.81,Sidewalk Repair
35,2024,Sidewalk Menu,ON N KIMBALL AVE FROM N WISNER AVE  (3000 N) TO W WELLINGTON AVE  (3000 N),1016.1,Sidewalk Repair
35,2024,Sidewalk Menu,ON W WOLFRAM ST FROM N DRAKE AVE  (3560 W) TO N CENTRAL PARK AVE  (3600 W),19687.73,Sidewalk Repair
35,2024,Street Bump Outs Menu,N KARLOV AVE &  W BELDEN AVE,35816.56,Pedestrian Infrastructure
35,2024,Street Bump Outs Menu,N SACRAMENTO AVE &  W GEORGE ST,34132.02,Pedestrian Infrastructure
35,2024,Street Bump Outs Menu,W PALMER ST &  N KEDZIE AVE,24000.0,Pedestrian Infrastructure
35,2024,Street Bump Outs Menu,W SHAKESPEARE AVE &  N DRAKE AVE,29192.43,Pedestrian Infrastructure
35,2024,Street Bump Outs Menu,W WAVELAND AVE &  N CENTRAL PARK AVE,33833.07,Pedestrian Infrastructure
35,2024,Street Bump Outs Menu,W WAVELAND AVE &  N DRAKE AVE,12432.4,Pedestrian Infrastructure
35,2024,Street Light Upgrade Menu,3116 N ROCKWELL ST,500.0,Lighting
35,2024,Street Light Upgrade Menu,3320 W FULLERTON AVE,500.0,Lighting
35,2024,Street Light Upgrade Menu,3656 N RICHMOND ST,500.0,Lighting
35,2024,Street Light Upgrade Menu,3916 N ELSTON AVE,500.0,Lighting
35,2024,Street Resurfacing Menu,ON N ALBANY AVE FROM W FULLERTON AVE  (2400 N) TO N KEDZIE BLVD E (2500 N),45252.48,Street Resurfacing
35,2024,Street Resurfacing Menu,ON W GEORGE ST FROM N KEDZIE AVE  (3200 W) TO N CHRISTIANA AVE  (3330 W),65407.79,Street Resurfacing
35,2024,Street Speed Hump Menu,ON N TRIPP AVE FROM W DICKENS AVE  (2100 N) TO W PALMER ST  (2200 N),4880.0,Street Resurfacing
35,2024,Street Speed Hump Menu,ON W BELDEN AVE FROM N KARLOV AVE  (4100 W) TO N KEDVALE AVE  (4130 W),2440.0,Street Resurfacing
35,2024,Street Speed Hump Menu,ON W SHAKESPEARE AVE FROM N LAWNDALE AVE  (3700 W) TO N HAMLIN AVE  (3800 W),4880.0,Street Resurfacing
35,2024,Street Traffic Circle Menu,N ST LOUIS AVE &  W BELDEN AVE,14090.82,Street Redesign
35,2024,Street Traffic Circle Menu,W WAVELAND AVE &  N BERNARD ST,18978.26,Street Redesign
35,2024,Street Traffic Circle Menu,W WAVELAND AVE &  N ST LOUIS AVE,15616.7,Street Redesign
36,2024,Alley Apron Menu,2559 N RUTHERFORD AVE,62501.5,Alleys
36,2024,Alley Resurfacing Menu,1921 W ERIE ST; W ERIE ST &  N WOLCOTT AVE&N DAMEN AVE &  W OHIO ST,36707.47,Alleys
36,2024,Alley Resurfacing Menu,2134 N MARMORA AVE; N MARMORA AVE &  W DICKENS AVE&W GRAND AVE &  N MASON AVE,56248.55,Alleys
36,2024,Alley Resurfacing Menu,2648 W SUPERIOR ST; W SUPERIOR ST &  N WASHTENAW AVE&N ROCKWELL ST &  W CHICAGO AVE,38837.28,Alleys
36,2024,Alley Resurfacing Menu,N KEDZIE AVE &  W GRAND AVE&W WALTON ST &  N SACRAMENTO BLVD E; 876 N SACRAMENTO BLVD,22785.63,Alleys
36,2024,Alley Resurfacing Menu,N KEELER AVE &  W HIRSCH ST&W GRAND AVE &  N KEDVALE AVE; 1405 N KEELER AVE,42502.47,Alleys
36,2024,Alley Resurfacing Menu,N RUTHERFORD AVE &  W GRAND AVE&W ALTGELD ST &  N NORMANDY AVE; 2417 N RUTHERFORD AVE,46025.13,Alleys
36,2024,Alley Resurfacing Menu,N WOLCOTT AVE &  W CHICAGO AVE&W IOWA ST &  N WINCHESTER AVE; 852 N WOLCOTT AVE,40123.13,Alleys
36,2024,Alley Resurfacing Menu,W CORTEZ ST &  N CAMPBELL AVE&N ROCKWELL ST &  W THOMAS ST; 2548 W CORTEZ ST,32783.11,Alleys
36,2024,Alley Resurfacing Menu,W HADDON AVE &  N WESTERN AVE&N CAMPBELL AVE &  W DIVISION ST; 2450 W HADDON AVE,26881.11,Alleys
36,2024,Alley Speed Hump Replacement,1921 W ERIE ST; W ERIE ST &  N WOLCOTT AVE&N DAMEN AVE &  W OHIO ST,0.0,Alleys
36,2024,Alley Speed Hump Replacement,2134 N MARMORA AVE; N MARMORA AVE &  W DICKENS AVE&W GRAND AVE &  N MASON AVE,0.0,Alleys
36,2024,Alley Speed Hump Replacement,2648 W SUPERIOR ST; N ROCKWELL ST &  W CHICAGO AVE&W SUPERIOR ST &  N WASHTENAW AVE,0.0,Alleys
36,2024,Alley Speed Hump Replacement,N KEDZIE AVE &  W GRAND AVE&W WALTON ST &  N SACRAMENTO BLVD E; 876 N SACRAMENTO BLVD,0.0,Alleys
36,2024,Alley Speed Hump Replacement,W CORTEZ ST &  N CAMPBELL AVE&N ROCKWELL ST &  W THOMAS ST; 2548 W CORTEZ ST,0.0,Alleys
36,2024,Alley Speed Hump Replacement,W HADDON AVE &  N WESTERN AVE&N CAMPBELL AVE &  W DIVISION ST; 2450 W HADDON AVE,0.0,Alleys
36,2024,Curb & Gutter Menu,1545 N KOLIN AVE,4571.58,Street Resurfacing
36,2024,Curb & Gutter Menu,2329 W CORTEZ ST,9190.11,Street Resurfacing
36,2024,Curb & Gutter Menu,3044 N NORMANDY AVE,6025.03,Street Resurfacing
36,2024,Curb & Gutter Menu,4329 W GRAND AVE; N KOLIN AVE &  W GRAND AVE,14387.34,Street Resurfacing
36,2024,Left-Turn Arrow Menu,N OAK PARK AVE &  W DIVERSEY AVE,31124.94,Street Redesign
36,2024,Miscellaneous CDOT Projects,2358 N MEADE AVE,660.0,Misc. CDOT
36,2024,Miscellaneous CDOT Projects,3058 N OAK PARK AVE,660.0,Misc. CDOT
36,2024,Sidewalk Menu,1101 N LAWNDALE AVE,22368.56,Sidewalk Repair
36,2024,Sidewalk Menu,1248 N LAWNDALE AVE,19357.46,Sidewalk Repair
36,2024,Sidewalk Menu,1831 W RACE AVE,14094.81,Sidewalk Repair
36,2024,Sidewalk Menu,2120 N MONITOR AVE,6534.13,Sidewalk Repair
36,2024,Sidewalk Menu,2144 N MERRIMAC AVE; 2136 N MERRIMAC AVE,34155.82,Sidewalk Repair
36,2024,Sidewalk Menu,2201 N MERRIMAC AVE; 6224 W PALMER ST,20022.6,Sidewalk Repair
36,2024,Sidewalk Menu,2334 N PARKSIDE AVE,6538.09,Sidewalk Repair
36,2024,Sidewalk Menu,2417 N RUTHERFORD AVE,8802.55,Sidewalk Repair
36,2024,Sidewalk Menu,2501 N NEW ENGLAND AVE,8934.76,Sidewalk Repair
36,2024,Sidewalk Menu,2529 N NEWCASTLE AVE,6389.45,Sidewalk Repair
36,2024,Sidewalk Menu,2705 W IOWA ST,7034.69,Sidewalk Repair
36,2024,Sidewalk Menu,2826 N NAGLE AVE,5480.38,Sidewalk Repair
36,2024,Sidewalk Menu,2911 N NEWLAND AVE,3652.41,Sidewalk Repair
36,2024,Sidewalk Menu,2935 N NATCHEZ AVE,559.34,Sidewalk Repair
36,2024,Sidewalk Menu,3045 N OAK PARK AVE,15264.15,Sidewalk Repair
36,2024,Sidewalk Menu,3113 N NEW ENGLAND AVE,652.78,Sidewalk Repair
36,2024,Sidewalk Menu,6343 W GRAND AVE,16846.78,Sidewalk Repair
36,2024,Sidewalk Menu,958 N LEAVITT ST,33000.99,Sidewalk Repair
36,2024,Street Light Residential Staggered Piggy Back Menu,ON N NEW ENGLAND AVE FROM W BELMONT AVE  (3200 N) TO W SCHOOL ST  (3300 N),40297.4,Lighting
36,2024,Street Light Upgrade Menu,3121 N NEWLAND AVE,500.0,Lighting
36,2024,Street Resurfacing Menu,ON N NAGLE AVE FROM W DIVERSEY AVE  (2800 N) TO W GEORGE ST  (2900 N),58067.02,Street Resurfacing
36,2024,Street Resurfacing Menu,ON N NATOMA AVE FROM W DIVERSEY AVE  (2800 N) TO W GEORGE ST  (2900 N),58689.57,Street Resurfacing
36,2024,Street Resurfacing Menu,ON N NATOMA AVE FROM W GEORGE ST  (2900 N) TO W WELLINGTON AVE  (3000 N),61089.02,Street Resurfacing
36,2024,Street Resurfacing Menu,ON N NEW ENGLAND AVE FROM W BARRY AVE  (3100 N) TO W BELMONT AVE  (3200 N),57016.08,Street Resurfacing
36,2024,Street Resurfacing Menu,ON W BELDEN AVE FROM N NAGLE AVE  (6432 W) TO N NATCHEZ AVE  (6500 W),40060.31,Street Resurfacing
36,2024,Street Resurfacing Menu,ON W IOWA ST FROM N OAKLEY BLVD  (2300 W) TO N WESTERN AVE  (2400 W),59818.37,Street Resurfacing
36,2024,Street Resurfacing Menu,ON W IOWA ST FROM N WASHTENAW AVE  (2700 W) TO N FAIRFIELD AVE  (2740 W),29977.12,Street Resurfacing
36,2024,Street Resurfacing Menu,ON W OAKDALE AVE FROM N NEWLAND AVE  (6930 W) TO N SAYRE AVE  (7000 W),42716.05,Street Resurfacing
36,2024,Street Resurfacing Menu,ON W POTOMAC AVE FROM N SPRINGFIELD AVE  (3900 W) TO N HARDING AVE  (3940 W),25042.7,Street Resurfacing
36,2024,Street Resurfacing Menu,ON W RICE ST FROM N OAKLEY BLVD  (2300 W) TO N WESTERN AVE  (2400 W),56624.29,Street Resurfacing
36,2024,Street Speed Hump Menu,ON N PARKSIDE AVE FROM W BELDEN AVE  (2300 N) TO W FULLERTON AVE  (2400 N),4880.0,Street Resurfacing
36,2024,Street Speed Hump Replacement,ON W IOWA ST FROM N WASHTENAW AVE  (2700 W) TO N FAIRFIELD AVE  (2740 W),0.0,Street Resurfacing
36,2024,Street Speed Hump Replacement,ON W POTOMAC AVE FROM N SPRINGFIELD AVE  (3900 W) TO N HARDING AVE  (3940 W),0.0,Street Resurfacing
37,2024,Alley Apron Menu,1101 N LEAMINGTON AVE,21452.45,Alleys
37,2024,Alley Apron Menu,1206-1208 N PINE AVE,27105.07,Alleys
37,2024,Alley Apron Menu,5401 W KAMERLING AVE; W KAMERLING AVE &  N LONG AVE&N CENTRAL AVE &  W POTOMAC AVE,17397.51,Alleys
37,2024,Alley Resurfacing Menu,900 N LAWLER AVE; N LAWLER AVE &  W IOWA ST&W AUGUSTA BLVD &  N LECLAIRE AVE,34078.6,Alleys
37,2024,Alley Resurfacing Menu,N LECLAIRE AVE &  W CHICAGO AVE&W SUPERIOR ST &  N LAVERGNE AVE,41727.63,Alleys
37,2024,Alley Resurfacing Menu,N LOTUS AVE &  W BLOOMINGDALE AVE&W CORTLAND ST &  N LINDER AVE; 1800 N LOTUS AVE,22229.42,Alleys
37,2024,Alley Resurfacing Menu,W KAMERLING AVE &  N KARLOV AVE&N KEELER AVE &  W POTOMAC AVE,33850.33,Alleys
37,2024,Alley Resurfacing Menu,W POTOMAC AVE &  N LATROBE AVE&N LOCKWOOD AVE &  W KAMERLING AVE,40351.4,Alleys
37,2024,Alley Speed Hump Menu,N KEYSTONE AVE &  W IOWA ST&W CHICAGO AVE &  N PULASKI RD,2175.0,Alleys
37,2024,Alley Speed Hump Menu,W HURON ST &  N LECLAIRE AVE&N LEAMINGTON AVE &  W OHIO ST,1450.0,Alleys
37,2024,Alley Speed Hump Replacement,900 N LAWLER AVE; N LAWLER AVE &  W IOWA ST&W AUGUSTA BLVD &  N LECLAIRE AVE,0.0,Alleys
37,2024,Alley Speed Hump Replacement,N LECLAIRE AVE &  W CHICAGO AVE&W SUPERIOR ST &  N LAVERGNE AVE,0.0,Alleys
37,2024,Alley Speed Hump Replacement,N LOTUS AVE &  W BLOOMINGDALE AVE&W CORTLAND ST &  N LINDER AVE; 1800 N LOTUS AVE,0.0,Alleys
37,2024,Alley Speed Hump Replacement,W POTOMAC AVE &  N LATROBE AVE&N LOCKWOOD AVE &  W KAMERLING AVE,0.0,Alleys
37,2024,Curb & Gutter Menu,1400 N LAVERGNE AVE,53188.55,Street Resurfacing
37,2024,Curb & Gutter Menu,1800 N LOTUS AVE,4961.45,Street Resurfacing
37,2024,Curb & Gutter Menu,325 N LOTUS AVE,1358.23,Street Resurfacing
37,2024,Curb & Gutter Menu,N KOLIN AVE &  W IOWA ST,50000.0,Street Resurfacing
37,2024,Miscellaneous CDOT Projects,100-130 N LOTUS AVE,300.0,Misc. CDOT
37,2024,Miscellaneous CDOT Projects,101-143 N PINE AVE,450.0,Misc. CDOT
37,2024,Sidewalk Menu,1400 N LAVERGNE AVE,21053.1,Sidewalk Repair
37,2024,Sidewalk Menu,1401 N LARAMIE AVE,7625.69,Sidewalk Repair
37,2024,Sidewalk Menu,1444 N LARAMIE AVE,2096.56,Sidewalk Repair
37,2024,Sidewalk Menu,323 N PINE AVE; 320 N PINE AVE,15134.65,Sidewalk Repair
37,2024,Sidewalk Menu,4111 W KAMERLING AVE,5815.45,Sidewalk Repair
37,2024,Sidewalk Menu,5101 W POTOMAC AVE,13705.45,Sidewalk Repair
37,2024,Sidewalk Menu,634 N LONG AVE,5415.33,Sidewalk Repair
37,2024,Sidewalk Menu,900 N KEDVALE AVE; W IOWA ST &  N KEDVALE AVE,29370.23,Sidewalk Repair
37,2024,Sidewalk Menu,ON N LAVERGNE AVE FROM W POTOMAC AVE  (1300 N) TO W HIRSCH ST  (1400 N),158517.57,Sidewalk Repair
37,2024,Street Light Residential Staggered Piggy Back Menu,ON W BLOOMINGDALE AVE FROM N LAMON AVE  (4900 W) TO N LARAMIE AVE  (5200 W),422000.0,Lighting
37,2024,Street Light Residential Staggered Piggy Back Menu,ON W HURON ST FROM N LAVERGNE AVE  (5000 W) TO N LECLAIRE AVE  (5100 W),15126.35,Lighting
37,2024,Street Light Residential Staggered Piggy Back Menu,ON W OHIO ST FROM N LAVERGNE AVE  (5000 W) TO N LECLAIRE AVE  (5100 W),98148.78,Lighting
37,2024,Street Light Upgrade Menu,300 N LONG AVE,500.0,Lighting
37,2024,Street Light Upgrade Menu,303 N LOCKWOOD AVE,1000.0,Lighting
37,2024,Street Resurfacing Menu,ON W ERIE ST FROM N LAVERGNE AVE  (5000 W) TO N LECLAIRE AVE  (5100 W); 5000 W ERIE ST,59018.08,Street Resurfacing
37,2024,Street Speed Hump Menu,ON N LAVERGNE AVE FROM W HIRSCH ST  (1400 N) TO W LE MOYNE ST  (1500 N),4880.0,Street Resurfacing
37,2024,Street Speed Hump Menu,ON N LOTUS AVE FROM W HIRSCH ST  (1400 N) TO W LE MOYNE ST  (1500 N); 1400 N LOTUS AVE,4880.0,Street Resurfacing
37,2024,Street Speed Hump Menu,ON N SPRINGFIELD AVE FROM W AUGUSTA BLVD  (1000 N) TO W THOMAS ST  (1100 N),4880.0,Street Resurfacing
37,2024,Street Speed Hump Menu,ON W HIRSCH ST FROM N LARAMIE AVE  (5200 W) TO N CENTRAL AVE  (5600 W),21960.0,Street Resurfacing
37,2024,Street Speed Hump Menu,ON W LE MOYNE ST FROM N KILPATRICK AVE  (4700 W) TO N KEATING AVE  (4730 W),2440.0,Street Resurfacing
37,2024,Street Speed Hump Menu,ON W WALTON ST FROM N LAMON AVE  (4900 W) TO N LAVERGNE AVE  (5000 W),4880.0,Street Resurfacing
38,2024,Alley Apron Menu,3215 N OSAGE AVE,30944.12,Alleys
38,2024,Alley Apron Menu,3217 N OZANAM AVE,17298.15,Alleys
38,2024,Alley Apron Menu,3542 N NORA AVE,15312.97,Alleys
38,2024,Alley Apron Menu,3542 N NORDICA AVE,16679.36,Alleys
38,2024,Alley Apron Menu,3941 N PARIS AVE,30434.43,Alleys
38,2024,Alley Apron Menu,5300 W CUYLER AVE,24141.25,Alleys
38,2024,Alley Apron Menu,5456 W HUTCHINSON ST,17410.28,Alleys
38,2024,Alley Apron Menu,5500 W HUTCHINSON ST,20289.9,Alleys
38,2024,Alley Apron Menu,6345 W GRACE ST,29205.19,Alleys
38,2024,Curb & Gutter Menu,ON N NORDICA AVE FROM W SCHOOL ST  (3300 N) TO W ROSCOE ST  (3400 N),4473.93,Street Resurfacing
38,2024,Miscellaneous CDOT Projects,4500 N MULLIGAN AVE,660.0,Misc. CDOT
38,2024,Sidewalk Menu,3301 N ODELL AVE,5568.77,Sidewalk Repair
38,2024,Street Light Upgrade Menu,4130-4132 N MOODY AVE,500.0,Lighting
38,2024,Street Resurfacing Menu,ON N FORESTVIEW AVE FROM 4553 N TO W WILSON AVE  (4600 N),15173.91,Street Resurfacing
38,2024,Street Resurfacing Menu,ON N FORESTVIEW AVE FROM 4553 N TO W WILSON AVE  (4600 N); 4459-4521 N FORESTVIEW AVE,35282.46,Street Resurfacing
38,2024,Street Resurfacing Menu,ON N MARIA CT FROM W CASTLEISLAND AVE  (4540 N) TO W WINDSOR AVE  (4600 N),36663.22,Street Resurfacing
38,2024,Street Resurfacing Menu,ON N MOBILE AVE FROM W ADDISON ST  (3600 N) TO W WAVELAND AVE  (3700 N),70227.37,Street Resurfacing
38,2024,Street Resurfacing Menu,ON N NEVA AVE FROM W SCHOOL ST  (3300 N) TO W ROSCOE ST  (3400 N),55976.63,Street Resurfacing
38,2024,Street Resurfacing Menu,ON N NEWCASTLE AVE FROM W BELMONT AVE  (3200 N) TO W SCHOOL ST  (3300 N),53727.89,Street Resurfacing
38,2024,Street Resurfacing Menu,ON N NORDICA AVE FROM W SCHOOL ST  (3300 N) TO W ROSCOE ST  (3400 N),60194.12,Street Resurfacing
38,2024,Street Resurfacing Menu,ON N OCONTO AVE FROM W CORNELIA AVE  (3500 N) TO W ADDISON ST  (3600 N),58607.89,Street Resurfacing
38,2024,Street Resurfacing Menu,ON N ODELL AVE FROM W WAVELAND AVE  (3700 N) TO W GRACE ST  (3800 N),56248.97,Street Resurfacing
38,2024,Street Resurfacing Menu,ON N OLCOTT AVE FROM W ROSCOE ST  (3400 N) TO W CORNELIA AVE  (3500 N),69294.74,Street Resurfacing
38,2024,Street Resurfacing Menu,ON N ORANGE AVE FROM W SCHOOL ST  (3300 N) TO W ROSCOE ST  (3400 N),59934.26,Street Resurfacing
38,2024,Street Resurfacing Menu,ON N OSAGE AVE FROM W ROSCOE ST  (3400 N) TO W CORNELIA AVE  (3500 N),63947.27,Street Resurfacing
38,2024,Street Resurfacing Menu,ON N OZANAM AVE FROM W ROSCOE ST  (3400 N) TO W CORNELIA AVE  (3500 N),56017.93,Street Resurfacing
38,2024,Street Resurfacing Menu,ON N PAGE AVE FROM W BYRON ST  (3900 N) TO W IRVING PARK RD  (4000 N),63835.95,Street Resurfacing
38,2024,Street Resurfacing Menu,ON N PANAMA AVE FROM W ROSCOE ST  (3400 N) TO W CORNELIA AVE  (3500 N),63276.05,Street Resurfacing
38,2024,Street Resurfacing Menu,ON N PANAMA AVE FROM W SCHOOL ST  (3300 N) TO W ROSCOE ST  (3400 N),58092.4,Street Resurfacing
38,2024,Street Resurfacing Menu,ON N PARIS AVE FROM 3610 N TO W WAVELAND AVE  (3700 N),41690.49,Street Resurfacing
38,2024,Street Resurfacing Menu,ON N PARKSIDE AVE FROM 4433 N TO W SUNNYSIDE AVE  (4500 N),26925.82,Street Resurfacing
38,2024,Street Resurfacing Menu,ON W BELLE PLAINE AVE FROM N AUSTIN AVE  (6000 W) TO N MCVICKER AVE  (6030 W),26568.32,Street Resurfacing
38,2024,Street Resurfacing Menu,ON W BERTEAU AVE FROM N MOBILE AVE  (6300 W) TO N MULLIGAN AVE  (6330 W),32735.67,Street Resurfacing
38,2024,Street Resurfacing Menu,ON W BYRON ST FROM N MENARD AVE  (5800 W) TO N MARMORA AVE  (5900 W),50199.17,Street Resurfacing
38,2024,Street Resurfacing Menu,ON W GRACE ST FROM N MOBILE AVE  (6300 W) TO N NARRAGANSETT AVE  (6400 W),49165.72,Street Resurfacing
38,2024,Street Resurfacing Menu,ON W NEWPORT AVE FROM N SAYRE AVE  (7000 W) TO N NORDICA AVE  (7050 W),39165.57,Street Resurfacing
38,2024,Street Resurfacing Menu,ON W SCHOOL ST FROM N PACIFIC AVE  (8000 W) TO N PAGE AVE  (8030 W),10451.98,Street Resurfacing
38,2024,Street Resurfacing Menu,ON W WARWICK AVE FROM N MEADE AVE  (6100 W) TO N MELVINA AVE  (6200 W),50482.56,Street Resurfacing
38,2024,Street Speed Hump Menu,ON N LEAMINGTON AVE FROM W BELLE PLAINE AVE  (4100 N) TO W BERTEAU AVE  (4200 N),4880.0,Street Resurfacing
38,2024,Street Speed Hump Menu,ON N MENARD AVE FROM W MONTROSE AVE  (4400 N) TO W SUNNYSIDE AVE  (4500 N),4880.0,Street Resurfacing
38,2024,Street Speed Hump Menu,ON N OCTAVIA AVE FROM W BYRON ST  (3900 N) TO W IRVING PARK RD  (4000 N),4880.0,Street Resurfacing
38,2024,Street Speed Hump Replacement,ON N OCONTO AVE FROM W CORNELIA AVE  (3500 N) TO W ADDISON ST  (3600 N),0.0,Street Resurfacing
38,2024,Street Speed Hump Replacement,ON N ODELL AVE FROM W WAVELAND AVE  (3700 N) TO W GRACE ST  (3800 N),0.0,Street Resurfacing
38,2024,Street Speed Hump Replacement,ON N OLCOTT AVE FROM W ROSCOE ST  (3400 N) TO W CORNELIA AVE  (3500 N),0.0,Street Resurfacing
38,2024,Street Speed Hump Replacement,ON N OSAGE AVE FROM W ROSCOE ST  (3400 N) TO W CORNELIA AVE  (3500 N),0.0,Street Resurfacing
38,2024,Street Speed Hump Replacement,ON N PAGE AVE FROM W BYRON ST  (3900 N) TO W IRVING PARK RD  (4000 N),0.0,Street Resurfacing
38,2024,Street Speed Hump Replacement,ON N PANAMA AVE FROM W ROSCOE ST  (3400 N) TO W CORNELIA AVE  (3500 N),0.0,Street Resurfacing
38,2024,Street Speed Hump Replacement,ON N PARKSIDE AVE FROM 4433 N TO W SUNNYSIDE AVE  (4500 N),0.0,Street Resurfacing
38,2024,Street Speed Hump Replacement,ON N PONTIAC AVE FROM W BELLE PLAINE AVE  (4100 N) TO W BERTEAU AVE  (4200 N),0.0,Street Resurfacing
38,2024,Street Speed Hump Replacement,ON W BYRON ST FROM N MENARD AVE  (5800 W) TO N MARMORA AVE  (5900 W),0.0,Street Resurfacing
38,2024,Street Speed Hump Replacement,ON W GRACE ST FROM N MOBILE AVE  (6300 W) TO N NARRAGANSETT AVE  (6400 W),0.0,Street Resurfacing
39,2024,ADA - Street Resurfacing Menu,ON N LEAVENWORTH AVE FROM 5553 N TO N LYNCH AVE  (5530 N),14490.0,Street Resurfacing
39,2024,ADA - Street Resurfacing Menu,ON N MCLEOD AVE FROM W PETERSON AVE  (6000 N) TO W HUNTINGTON ST  (6140 N),3622.5,Street Resurfacing
39,2024,ADA - Street Resurfacing Menu,ON W ROSEMONT AVE FROM N PULASKI RD  (4000 W) TO N KEDVALE AVE  (4132 W),14490.0,Street Resurfacing
39,2024,Alley Apron Menu,5811 N KILBOURN AVE,16772.26,Alleys
39,2024,Bollard Menu,6042 W MIAMI AVE,4343.64,Pedestrian Infrastructure
39,2024,Curb & Gutter Menu,5520 N VIRGINIA AVE,7668.48,Street Resurfacing
39,2024,Pavement Markings Menu,5634-5642 N PULASKI RD,1800.0,Street Redesign
39,2024,Pavement Markings Menu,W MONTROSE AVE &  N KOSTNER AVE,2200.0,Street Redesign
39,2024,Street Light Upgrade Menu,4923 N KEYSTONE AVE,500.0,Lighting
39,2024,Street Light Upgrade Menu,5240 N LAPORTE AVE,500.0,Lighting
39,2024,Street Resurfacing Menu,5683-5699 N KERBS AVE,69493.94,Street Resurfacing
39,2024,Street Resurfacing Menu,ON N BERNARD ST FROM 5001 N TO W CARMEN AVE  (5020 N),13270.49,Street Resurfacing
39,2024,Street Resurfacing Menu,ON N CENTRAL PARK AVE FROM W BRYN MAWR AVE  (5600 N) TO W HOLLYWOOD AVE (5700 N),63232.27,Street Resurfacing
39,2024,Street Resurfacing Menu,ON N CLIFFORD AVE FROM 5787 N TO N LANSING AVE  (5770 N),8631.69,Street Resurfacing
39,2024,Street Resurfacing Menu,ON N FOREST GLEN AVE FROM N CALDWELL AVE  (5850 N) TO W THORNDALE AVE  (5900 N),28007.94,Street Resurfacing
39,2024,Street Resurfacing Menu,ON N FOREST GLEN AVE FROM N CICERO AVE  (5750 N) TO N CALDWELL AVE  (5850 N),111635.8,Street Resurfacing
39,2024,Street Resurfacing Menu,ON N HAMLIN AVE FROM 5111 N TO W CARMEN AVE  (5100 N),11765.27,Street Resurfacing
39,2024,Street Resurfacing Menu,ON N KEATING AVE FROM W LELAND AVE  (4700 N) TO W LAWRENCE AVE  (4800 N),61889.83,Street Resurfacing
39,2024,Street Resurfacing Menu,ON N KILDARE AVE FROM W CULLOM AVE  (4300 N) TO W MONTROSE AVE  (4400 N),52817.74,Street Resurfacing
39,2024,Street Resurfacing Menu,ON N KILPATRICK AVE FROM 6321 N TO W DEVON AVE  (6350 N),44154.6,Street Resurfacing
39,2024,Street Resurfacing Menu,ON N KOLMAR AVE FROM N CALDWELL AVE  (5800 N) TO W THORNDALE AVE  (5900 N),60478.3,Street Resurfacing
39,2024,Street Resurfacing Menu,ON N LEAVENWORTH AVE FROM 5553 N TO N LYNCH AVE  (5530 N),30079.42,Street Resurfacing
39,2024,Street Resurfacing Menu,ON N LENOX AVE FROM N CALDWELL AVE  (6120 N) TO N LEOTI AVE  (6230 N),58249.11,Street Resurfacing
39,2024,Street Resurfacing Menu,ON N LENOX AVE FROM N HIAWATHA AVE  (6300 N) TO W DEVON AVE  (6400 N),35951.19,Street Resurfacing
39,2024,Street Resurfacing Menu,ON N LEONARD AVE FROM 5578 N TO N LYNCH AVE  (5570 N),26981.38,Street Resurfacing
39,2024,Street Resurfacing Menu,ON N LINDER AVE FROM 5798 N TO W ARDMORE AVE  (5800 N),12976.9,Street Resurfacing
39,2024,Street Resurfacing Menu,ON N MCLEOD AVE FROM W PETERSON AVE  (6000 N) TO W HUNTINGTON ST  (6140 N),39355.43,Street Resurfacing
39,2024,Street Resurfacing Menu,ON N NAVAJO AVE FROM N CALDWELL AVE  (6220 N) TO W DEVON AVE  (6360 N),109900.22,Street Resurfacing
39,2024,Street Resurfacing Menu,ON N SPRINGFIELD AVE FROM W ARGYLE ST  (5000 N) TO W FOSTER AVE  (5200 N),123890.98,Street Resurfacing
39,2024,Street Resurfacing Menu,ON N ST LOUIS AVE FROM W FOSTER AVE  (5200 N) TO W BALMORAL AVE  (5400 N),126701.43,Street Resurfacing
39,2024,Street Resurfacing Menu,ON N TRIPP AVE FROM W MONTROSE AVE  (4400 N) TO N KEOKUK AVE  (4500 N),52817.53,Street Resurfacing
39,2024,Street Resurfacing Menu,ON W CATALPA AVE FROM 5111 W TO N FOREST GLEN AVE  (5100 W),28554.99,Street Resurfacing
39,2024,Street Resurfacing Menu,ON W CULLOM AVE FROM N KILDARE AVE  (4300 W) TO N KOSTNER AVE  (4400 W),69313.32,Street Resurfacing
39,2024,Street Resurfacing Menu,ON W EASTWOOD AVE FROM 4014 W TO N KENNICOTT AVE  (4120 W),21281.52,Street Resurfacing
39,2024,Street Resurfacing Menu,ON W GLENLAKE AVE FROM N HARDING AVE  (3930 W) TO N PULASKI RD  (4000 W),27300.15,Street Resurfacing
39,2024,Street Resurfacing Menu,ON W ROSEMONT AVE FROM N PULASKI RD  (4000 W) TO N KEDVALE AVE  (4132 W),86936.1,Street Resurfacing
39,2024,Street Resurfacing Menu,ON W SUNNYSIDE AVE FROM N PULASKI RD  (4000 W) TO N KASSON AVE  (4100 W),38771.96,Street Resurfacing
39,2024,Street Resurfacing Menu,ON W WILSON AVE FROM N PULASKI RD  (4000 W) TO N KEYSTONE AVE  (4030 W),19173.61,Street Resurfacing
39,2024,Street Speed Hump Replacement,ON N FOREST GLEN AVE FROM N CALDWELL AVE  (5850 N) TO W THORNDALE AVE  (5900 N),0.0,Street Resurfacing
39,2024,Street Speed Hump Replacement,ON N FOREST GLEN AVE FROM N CICERO AVE  (5750 N) TO N CALDWELL AVE  (5850 N),0.0,Street Resurfacing
40,2024,Alley Resurfacing Menu,W GIDDINGS ST &  N MANOR AVE&N MANOR AVE &  W LAWRENCE AVE,32212.61,Alleys
40,2024,Alley Speed Hump Menu,N CALIFORNIA AVE &  W AINSLIE ST&W LAWRENCE AVE &  N FRANCISCO AVE,2175.0,Alleys
40,2024,Alley Speed Hump Menu,N MOZART ST &  W AINSLIE ST&W ARGYLE ST &  N CALIFORNIA AVE,1450.0,Alleys
40,2024,Alley Speed Hump Menu,W THORNDALE AVE &  N RAVENSWOOD AVE&N HERMITAGE AVE &  W ROSEHILL DR,2175.0,Alleys
40,2024,Alley Speed Hump Removal Menu,6059 N MAPLEWOOD AVE; W GLENLAKE AVE &  N MAPLEWOOD AVE&N CAMPBELL AVE &  W PETERSON AVE,725.0,Alleys
40,2024,Alley Speed Hump Replacement,W GIDDINGS ST &  N MANOR AVE&N MANOR AVE &  W LAWRENCE AVE,0.0,Alleys
40,2024,Bollard Menu,5243 N HOYNE AVE,1402.67,Pedestrian Infrastructure
40,2024,Concrete Alley Menu,N FRANCISCO AVE &  W ARGYLE ST&W AINSLIE ST &  N FRANCISCO AVE,324000.0,Alleys
40,2024,"In-Road ""State Law Stop For Pedestrians"" Sign Menu",N DAMEN AVE &  W WINONA ST,350.0,Pedestrian Infrastructure
40,2024,"In-Road ""State Law Stop For Pedestrians"" Sign Menu",W FOSTER AVE &  N WINCHESTER AVE,350.0,Pedestrian Infrastructure
40,2024,Miscellaneous CDOT Projects,1500 W CATALPA AVE,660.0,Misc. CDOT
40,2024,Miscellaneous CDOT Projects,N RIDGE AVE &  N RAVENSWOOD AVE,90000.0,Misc. CDOT
40,2024,Pavement Markings Menu,ON N RIDGE AVE FROM W DEVON AVE  (6400 N) TO W PRATT BLVD  (6800 N),25534.31,Street Redesign
40,2024,Sidewalk Menu,1834-1836 W FOSTER AVE,38690.91,Sidewalk Repair
40,2024,Sidewalk Menu,1921 W HOOD AVE,13248.26,Sidewalk Repair
40,2024,Sidewalk Menu,2235 W MORSE AVE,7463.58,Sidewalk Repair
40,2024,Sidewalk Menu,2239 W FARRAGUT AVE,10404.51,Sidewalk Repair
40,2024,Sidewalk Menu,2447 W GRANVILLE AVE,45656.65,Sidewalk Repair
40,2024,Sidewalk Menu,5634 N CAMPBELL AVE,2583.36,Sidewalk Repair
40,2024,Sidewalk Menu,5720 N WESTERN AVE,6373.42,Sidewalk Repair
40,2024,Sidewalk Menu,5915-5943 N ROCKWELL ST,17355.17,Sidewalk Repair
40,2024,Sidewalk Menu,6019 N TALMAN AVE,5364.53,Sidewalk Repair
40,2024,Sidewalk Menu,ON N CALIFORNIA AVE FROM W THORNDALE AVE  (5900 N) TO W PETERSON AVE  (6000 N),64450.68,Sidewalk Repair
40,2024,Sidewalk Menu,ON W PETERSON AVE FROM N CALIFORNIA AVE  (2800 W) TO N RICHMOND ST  (2930 W),68615.3,Sidewalk Repair
40,2024,Street Bump Outs Menu,N DAMEN AVE &  W ALBION AVE,32053.5,Pedestrian Infrastructure
40,2024,Street Bump Outs Menu,W EASTWOOD AVE &  N FRANCISCO AVE,30696.97,Pedestrian Infrastructure
40,2024,Street Bump Outs Menu,W LUNT AVE &  N CAMPBELL AVE,19227.19,Pedestrian Infrastructure
40,2024,Street Bump Outs Menu,W WINNEMAC AVE &  N WINCHESTER AVE; W WINNEMAC AVE &  N WOLCOTT AVE,75552.96,Pedestrian Infrastructure
40,2024,Street Resurfacing Menu,ON N ROCKWELL ST FROM W COYLE AVE  (6930 N) TO W LUNT AVE  (7000 N),34656.86,Street Resurfacing
40,2024,Street Resurfacing Menu,ON N ROCKWELL ST FROM W LAWRENCE AVE  (4800 N) TO W AINSLIE ST  (4900 N),67484.86,Street Resurfacing
40,2024,Street Resurfacing Menu,ON N WOLCOTT AVE FROM W FOSTER AVE  (5200 N) TO W FARRAGUT AVE  (5230 N),25660.2,Street Resurfacing
40,2024,Street Resurfacing Menu,ON W ARGYLE ST FROM N ROCKWELL ST  (2600 W) TO N CALIFORNIA AVE  (2800 W),112112.53,Street Resurfacing
40,2024,Street Resurfacing Menu,ON W BERWYN AVE FROM N DAMEN AVE  (2000 W) TO N HOYNE AVE  (2100 W),64599.96,Street Resurfacing
40,2024,Street Resurfacing Menu,ON W BERWYN AVE FROM N LINCOLN AVE  (2500 W) TO N WASHTENAW AVE  (2700 W),100959.53,Street Resurfacing
40,2024,Street Resurfacing Menu,ON W GRANVILLE AVE FROM N DAMEN AVE  (1999 W) TO N HOYNE AVE  (2100 W),60275.05,Street Resurfacing
40,2024,Street Speed Hump Menu,ON N CAMPBELL AVE FROM W GLENLAKE AVE  (6100 N) TO W GRANVILLE AVE  (6200 N),4880.0,Street Resurfacing
40,2024,Street Speed Hump Menu,ON N LEAVITT ST FROM W SUMMERDALE AVE  (5330 N) TO N BOWMANVILLE AVE  (5400 N),2440.0,Street Resurfacing
40,2024,Street Speed Hump Menu,ON N SEELEY AVE FROM 6550 N TO W ARTHUR AVE  (6500 N),4880.0,Street Resurfacing
40,2024,Street Speed Hump Menu,ON W WINNEMAC AVE FROM N PAULINA ST  (1700 W) TO N RAVENSWOOD AVE  (1800 W),2440.0,Street Resurfacing
40,2024,Street Speed Hump Replacement,ON N ROCKWELL ST FROM W LAWRENCE AVE  (4800 N) TO W AINSLIE ST  (4900 N),0.0,Street Resurfacing
40,2024,Street Speed Hump Replacement,ON W BERWYN AVE FROM N DAMEN AVE  (2000 W) TO N HOYNE AVE  (2100 W),0.0,Street Resurfacing
40,2024,Street Speed Hump Replacement,ON W BERWYN AVE FROM N WESTERN AVE  (2400 W) TO N WASHTENAW AVE  (2700 W),0.0,Street Resurfacing
40,2024,Street Traffic Circle Menu,W GRANVILLE AVE &  N CAMPBELL AVE,18146.39,Street Redesign
41,2024,ADA - Street Resurfacing Menu,ON W ROSEDALE AVE FROM N OTTAWA AVE  (7640 W) TO N CANFIELD AVE  (7829 W),18112.5,Street Resurfacing
41,2024,ADA - Street Resurfacing Menu,ON W THORNDALE AVE FROM N AVONDALE AVE  (6700 W) TO N EAST CIRCLE AVE  (6900 W),10867.5,Street Resurfacing
41,2024,ADA - Street Resurfacing Menu,ON W THORNDALE AVE FROM N OZARK AVE  (7730 W) TO N CANFIELD AVE  (7900 W),7245.0,Street Resurfacing
41,2024,Miscellaneous CDOT Projects,6100 N NEVA AVE,660.0,Misc. CDOT
41,2024,Miscellaneous CDOT Projects,7166 N OZARK AVE,660.0,Misc. CDOT
41,2024,Miscellaneous CDOT Projects,7278 W HIGGINS AVE,20485.02,Misc. CDOT
41,2024,Miscellaneous CDOT Projects,7300 N ORIOLE AVE,864.0,Misc. CDOT
41,2024,Street Resurfacing Menu,ON N EAST CIRCLE AVE FROM N NICOLET AVE  (5730 N) TO N NINA AVE  (6000 N),252293.31,Street Resurfacing
41,2024,Street Resurfacing Menu,ON N NASHVILLE AVE FROM W FOSTER AVE  (5200 N) TO W HIGGINS AVE  (5300 N),54872.91,Street Resurfacing
41,2024,Street Resurfacing Menu,ON N NATCHEZ AVE FROM W BALMORAL AVE  (5400 N) TO W GREGORY ST  (5530 N),89649.99,Street Resurfacing
41,2024,Street Resurfacing Menu,ON N NAVARRE AVE FROM N NASHOTAH AVE  (5940 N) TO N NETTLETON AVE  (6100 N),166642.05,Street Resurfacing
41,2024,Street Resurfacing Menu,ON N NEW ENGLAND AVE FROM 4822 N TO W STRONG ST  (4900 N),40486.75,Street Resurfacing
41,2024,Street Resurfacing Menu,ON N NORMANDY AVE FROM W STRONG ST  (4900 N) TO W ARGYLE ST  (5000 N),53434.29,Street Resurfacing
41,2024,Street Resurfacing Menu,ON N OAK PARK AVE FROM W STRONG ST  (4899 N) TO W ARGYLE ST  (5000 N),52578.89,Street Resurfacing
41,2024,Street Resurfacing Menu,ON N OLMSTED AVE FROM N OLIPHANT AVE  (6700 N) TO N OSHKOSH AVE  (6740 N),46021.7,Street Resurfacing
41,2024,Street Resurfacing Menu,ON N OSHKOSH AVE FROM 6700 N TO N NORTHWEST HWY  (6740 N),28185.12,Street Resurfacing
41,2024,Street Resurfacing Menu,ON N RUTHERFORD AVE FROM 5025 N TO W FOSTER AVE  (5200 N),78957.44,Street Resurfacing
41,2024,Street Resurfacing Menu,ON N SAYRE AVE FROM W HIGGINS AVE  (5442 N) TO W BALMORAL AVE  (5400 N),34839.78,Street Resurfacing
41,2024,Street Resurfacing Menu,ON W ARDMORE AVE FROM N OZARK AVE  (7730 W) TO N CANFIELD AVE  (7899 W),62085.5,Street Resurfacing
41,2024,Street Resurfacing Menu,ON W BALMORAL AVE FROM N NEW ENGLAND AVE  (6830 W) TO N NORDICA AVE  (7000 W),98961.47,Street Resurfacing
41,2024,Street Resurfacing Menu,ON W ROSEDALE AVE FROM N OTTAWA AVE  (7640 W) TO N CANFIELD AVE  (7829 W),115232.06,Street Resurfacing
41,2024,Street Resurfacing Menu,ON W THORNDALE AVE FROM N AVONDALE AVE  (6700 W) TO N EAST CIRCLE AVE  (6900 W),125977.36,Street Resurfacing
41,2024,Street Resurfacing Menu,ON W THORNDALE AVE FROM N OZARK AVE  (7730 W) TO N CANFIELD AVE  (7900 W),64502.75,Street Resurfacing
41,2024,Street Resurfacing Menu,ON W VICTORIA ST FROM N OZARK AVE  (7730 W) TO N CANFIELD AVE  (7900 W),62467.17,Street Resurfacing
41,2024,Street Speed Hump Menu,ON W IMLAY ST FROM N NEWCASTLE AVE  (6800 W) TO N NEW ENGLAND AVE  (6830 W),2440.0,Street Resurfacing
42,2024,Alley Apron Menu,411 N DEARBORN ST,20013.84,Alleys
42,2024,Alley Resurfacing Menu,W DELAWARE PL &  N DEARBORN ST&N STATE ST &  W CHESTNUT ST; 15 W DELAWARE PL,21504.42,Alleys
42,2024,Alley Resurfacing Menu,W ILLINOIS ST &  N CLARK ST&N LA SALLE DR &  W HUBBARD ST; 111 W ILLINOIS ST,17613.29,Alleys
42,2024,Alley Speed Hump Menu,N STATE ST &  E RANDOLPH ST&E BENTON PL &  N WABASH AVE,725.0,Alleys
42,2024,Alley Speed Hump Replacement,W DELAWARE PL &  N DEARBORN ST&N STATE ST &  W CHESTNUT ST; 15 W DELAWARE PL,0.0,Alleys
42,2024,Curb & Gutter Menu,ON N NEW ST FROM E RIVER DR  (410 N) TO E NORTH WATER ST  (430 N),16171.14,Street Resurfacing
42,2024,Left-Turn Arrow Menu,N MICHIGAN AVE &  E WACKER DR,43292.42,Street Redesign
42,2024,Miscellaneous CDOT Projects,360 W OHIO ST,563.44,Misc. CDOT
42,2024,Miscellaneous CDOT Projects,ON E GRAND AVE FROM N LAKE SHORE DR  (486 E) TO N STREETER DR  (700 E),3000.0,Misc. CDOT
42,2024,Native/Butterfly Garden 42nd Ward 2024 Menu,337 E RANDOLPH ST,15100.0,Parks
42,2024,Sidewalk Menu,126 E CHESTNUT ST,10715.33,Sidewalk Repair
42,2024,Sidewalk Menu,230 W SUPERIOR ST,42143.77,Sidewalk Repair
42,2024,Sidewalk Menu,530 E GRAND AVE,63099.91,Sidewalk Repair
42,2024,Sidewalk Menu,919 N DEARBORN ST,14627.01,Sidewalk Repair
42,2024,Sidewalk Menu,E DELAWARE PL &  N WABASH AVE,15148.92,Sidewalk Repair
42,2024,Street Bump Outs Menu,N STATE ST &  W HURON ST,36864.44,Pedestrian Infrastructure
42,2024,Street Resurfacing Menu,N LAKE SHORE DR &  N LSD WACKER DR XR; 323 E WACKER DR,47072.71,Street Resurfacing
42,2024,Street Resurfacing Menu,ON E GRAND AVE FROM N LSD GRAND AV ER  (500 E) TO N STREETER DR  (700 E),90036.33,Street Resurfacing
42,2024,Street Resurfacing Menu,ON E ILLINOIS ST FROM 200 E TO N WABASH LOWER AVE  (40 E),52829.25,Street Resurfacing
42,2024,Street Resurfacing Menu,ON N RUSH ST FROM E HUBBARD ST  (430 N) TO E ILLINOIS ST  (500 N),25626.49,Street Resurfacing
42,2024,Street Resurfacing Menu,ON W ERIE ST FROM N KINGSBURY ST  (500 W) TO N LARRABEE ST  (600 W),63494.2,Street Resurfacing
42,2024,Street Resurfacing Menu,ON W HURON ST FROM N STATE ST  (0 E) TO N DEARBORN ST  (50 W),43414.42,Street Resurfacing
42,2024,Street Resurfacing Menu,ON W ILLINOIS ST FROM N CLARK ST  (100 W) TO N LA SALLE DR  (140 W),38927.16,Street Resurfacing
42,2024,Street Resurfacing Menu,ON W ILLINOIS ST FROM N ORLEANS ST  (340 W) TO N KINGSBURY ST  (400 W),80739.59,Street Resurfacing
42,2024,Street Resurfacing Menu,ON W ILLINOIS ST FROM N STATE ST  (0 E) TO N DEARBORN ST  (50 W),56241.11,Street Resurfacing
42,2024,Street Resurfacing Menu,ON W OHIO ST FROM 417 W TO N KINGSBURY ST  (500 W),45068.55,Street Resurfacing
42,2024,Street Speed Hump Replacement,ON W ILLINOIS ST FROM N ORLEANS ST  (340 W) TO N KINGSBURY ST  (400 W),0.0,Street Resurfacing
42,2024,Viaduct Improvement Menu,ON E NORTH WATER ST FROM N WABASH LOWER AVE  (100 E) TO N NEW ST  (350 E); ON E NORTH WATER LOWER ST FROM N MICHIGAN LOWER AVE  (200 E) TO N ST CLAIR ST  (230 E),244468.0,Viaducts
42,2024,Viaduct Improvement Menu,ON N WABASH LOWER AVE FROM E KINZIE ST  (400 N) TO E ILLINOIS ST  (500 N),3382.02,Viaducts
43,2024,Alley Apron Menu,1852 N SHEFFIELD AVE,511.71,Alleys
43,2024,Alley Resurfacing Menu,605 W ARMITAGE AVE; W ARMITAGE AVE &  N LARRABEE ST&N HOWE ST &  W WILLOW ST,11094.74,Alleys
43,2024,Arterial Street Bump Outs Menu,N SHEFFIELD AVE &  W MONTANA ST,18289.55,Pedestrian Infrastructure
43,2024,Miscellaneous CDOT Projects,2534 N SHEFFIELD AVE,660.0,Misc. CDOT
43,2024,Pavement Markings Menu,ON W DICKENS AVE FROM N STOCKTON DR  (280 W) TO N LINCOLN PARK WEST  (300 W),27504.91,Street Redesign
43,2024,Sidewalk Menu,ON N LINCOLN AVE FROM W BELDEN AVE  (2300 N) TO W WEBSTER AVE  (2200 N); 2274 N LINCOLN AVE,22752.61,Sidewalk Repair
43,2024,Street Bump Outs Menu,N CLEVELAND AVE &  W WISCONSIN ST,40254.47,Pedestrian Infrastructure
43,2024,Street Bump Outs Menu,N SEDGWICK ST &  W EUGENIE ST,7146.01,Pedestrian Infrastructure
43,2024,Street Bump Outs Menu,N WELLS ST &  W MENOMONEE ST,23493.92,Pedestrian Infrastructure
43,2024,Street Light Arterial Menu,ON W ARMITAGE AVE FROM N HALSTED ST  (800 W) TO N BISSELL ST  (930 W),600000.0,Lighting
43,2024,Street Light Arterial Menu,ON W FULLERTON AVE FROM N SHEFFIELD AVE  (1000 W) TO N RACINE AVE  (1200 W); ON N SHEFFIELD AVE FROM W BELDEN AVE  (2300 N) TO W FULLERTON AVE  (2400 N),60000.0,Lighting
43,2024,Street Light Residential Staggered Piggy Back Menu,ON N HUDSON AVE FROM W MENOMONEE ST  (1800 N) TO W WISCONSIN ST  (1900 N),172000.0,Lighting
43,2024,Street Light Residential Staggered Piggy Back Menu,ON N LAKEVIEW AVE FROM W FULLERTON PKWY  (2400 N) TO W DEMING PL  (2600 N),30000.0,Lighting
43,2024,Street Light Residential Staggered Piggy Back Menu,ON W WRIGHTWOOD AVE FROM N LAKEVIEW AVE  (400 W) TO N CLARK ST  (600 W),295206.91,Lighting
43,2024,Street Resurfacing Menu,1 W BURTON PL,27257.0,Street Resurfacing
43,2024,Street Resurfacing Menu,ON N ASTOR ST FROM E SCOTT ST  (1230 N) TO E GOETHE ST  (1300 N),28525.5,Street Resurfacing
43,2024,Street Resurfacing Menu,ON W BELDEN AVE FROM N GENEVA TER  (600 W) TO N LINCOLN AVE  (700 W),53753.2,Street Resurfacing
43,2024,Street Resurfacing Menu,ON W BELDEN AVE FROM N SHEFFIELD AVE  (1000 W) TO N SEMINARY AVE  (1100 W),81549.46,Street Resurfacing
44,2024,ADA - Alley Resurfacing Menu,W WAVELAND AVE &  N LAKEWOOD AVE&N WAYNE AVE &  W GRACE ST; 1314 W WAVELAND AVE,7245.0,Alleys
44,2024,Alley Apron Menu,1242 W WAVELAND AVE,21102.14,Alleys
44,2024,Alley Apron Menu,3014 N KENMORE AVE,16564.42,Alleys
44,2024,Alley Apron Menu,3014 N KENMORE AVE; 3015 N KENMORE AVE,27377.89,Alleys
44,2024,Alley Resurfacing Menu,529 W WELLINGTON AVE,8383.44,Alleys
44,2024,Alley Resurfacing Menu,N KENMORE AVE &  W BARRY AVE&W BELMONT AVE &  N SHEFFIELD AVE; 3131 N KENMORE AVE,21414.05,Alleys
44,2024,Alley Resurfacing Menu,N LAKEWOOD AVE &  W GRACE ST&W WAVELAND AVE &  N MAGNOLIA AVE,37575.01,Alleys
44,2024,Alley Resurfacing Menu,W BYRON ST &  N LAKEWOOD AVE&N WAYNE AVE &  W GRACE ST; 1311 W BYRON ST,26110.92,Alleys
44,2024,Alley Resurfacing Menu,W SURF ST &  N PINE GROVE AVE&N CAMBRIDGE AVE &  W DIVERSEY PKWY,34268.65,Alleys
44,2024,Alley Resurfacing Menu,W WAVELAND AVE &  N LAKEWOOD AVE&N WAYNE AVE &  W GRACE ST; 1314 W WAVELAND AVE,37482.31,Alleys
44,2024,Alley Resurfacing Menu,W WAVELAND AVE &  N WAYNE AVE&N LAKEWOOD AVE &  W ADDISON ST,46983.04,Alleys
44,2024,Alley Speed Hump Menu,3501 N SHEFFIELD AVE; W ADDISON ST &  N SHEFFIELD AVE&N WILTON AVE &  W CORNELIA AVE,2175.0,Alleys
44,2024,Alley Speed Hump Menu,N CLARK ST &  W NEWPORT AVE&W CORNELIA AVE &  N SEMINARY AVE,2900.0,Alleys
44,2024,Chicago Park District,500 N LAKE SHORE DR,100000.0,Parks
44,2024,Concrete Alley Menu,W ROSCOE ST &  N RACINE AVE&N LAKEWOOD AVE &  W HENDERSON ST; 1243 W ROSCOE ST,50359.91,Alleys
44,2024,"In-Road ""State Law Stop For Pedestrians"" Sign Menu",W BELMONT AVE &  N ORCHARD ST,350.0,Pedestrian Infrastructure
44,2024,Miscellaneous CDOT Projects,N ORCHARD ST &  W BELMONT AVE,70000.0,Misc. CDOT
44,2024,Street Light Arterial Menu,ON W BELMONT AVE FROM N CLARK ST  (840 W) TO N SHEFFIELD AVE  (999 W),250000.0,Lighting
44,2024,Street Resurfacing Menu,ON N JANSSEN AVE FROM W ROSCOE ST  (3400 N) TO W ADDISON ST  (3600 N),67358.24,Street Resurfacing
44,2024,Street Resurfacing Menu,ON N WAYNE AVE FROM W GRACE ST  (3800 N) TO W BYRON ST  (3900 N),49998.41,Street Resurfacing
44,2024,Street Resurfacing Menu,ON W EDDY ST FROM N RACINE AVE  (1200 W) TO N LAKEWOOD AVE  (1300 W),60713.81,Street Resurfacing
44,2024,Street Resurfacing Menu,ON W GRACE ST FROM 1157 W TO N CLIFTON AVE  (1120 W),35104.18,Street Resurfacing
44,2024,Street Resurfacing Menu,ON W OAKDALE AVE FROM N HALSTED ST  (800 W) TO N MILDRED AVE  (900 W),29095.21,Street Resurfacing
44,2024,Street Resurfacing Menu,ON W OAKDALE AVE FROM N MILDRED AVE  (900 W) TO N SHEFFIELD AVE  (999 W),52817.74,Street Resurfacing
44,2024,Street Resurfacing Menu,ON W OAKDALE AVE FROM N SHEFFIELD AVE  (999 W) TO N SEMINARY AVE  (1100 W),48347.91,Street Resurfacing
44,2024,Street Resurfacing Menu,ON W WAVELAND AVE FROM N HALSTED ST  (800 W) TO N FREMONT ST  (900 W),23458.24,Street Resurfacing
44,2024,Street Speed Hump Replacement,ON N WAYNE AVE FROM W GRACE ST  (3800 N) TO W BYRON ST  (3900 N),0.0,Street Resurfacing
44,2024,Street Speed Hump Replacement,ON W EDDY ST FROM N RACINE AVE  (1200 W) TO N LAKEWOOD AVE  (1300 W),0.0,Street Resurfacing
44,2024,Street Speed Hump Replacement,ON W OAKDALE AVE FROM N SHEFFIELD AVE  (999 W) TO N SEMINARY AVE  (1100 W),0.0,Street Resurfacing
45,2024,ADA - Alley Resurfacing Menu,N CALDWELL AVE &  N TONTY AVE&N WILDWOOD AVE &  N LEOTI AVE; 6755 N CALDWELL AVE,7245.0,Alleys
45,2024,ADA - Alley Resurfacing Menu,N MINNETONKA AVE &  N LEHIGH AVE&N CALDWELL AVE &  N ALGONQUIN AVE; 6515 N MINNETONKA AVE,7245.0,Alleys
45,2024,ADA - Alley Resurfacing Menu,W TOUHY AVE &  N MOBILE AVE&N NAGLE AVE &  W FITCH AVE; 6301 W TOUHY AVE,7245.0,Alleys
45,2024,ADA - Street Resurfacing Menu,ON N ALGONQUIN AVE FROM 6471 N TO N TAHOMA AVE  (6530 N),21735.0,Street Resurfacing
45,2024,ADA - Street Resurfacing Menu,ON N LIEB AVE FROM N LONG AVE  (5240 N) TO N LIANO AVE  (5340 N),36225.0,Street Resurfacing
45,2024,ADA - Street Resurfacing Menu,ON N TAHOMA AVE FROM N MCALPIN AVE  (6970 N) TO W ESTES AVE  (7100 N),7245.0,Street Resurfacing
45,2024,Alley Resurfacing Menu,N CALDWELL AVE &  N TONTY AVE&N WILDWOOD AVE &  N LEOTI AVE; 6755 N CALDWELL AVE,13394.2,Alleys
45,2024,Alley Resurfacing Menu,N MULLIGAN AVE &  W BRYN MAWR AVE&W BRYN MAWR AVE &  N AVONDALE AVE; 5621 N MULLIGAN AVE,41107.3,Alleys
45,2024,Alley Resurfacing Menu,W TOUHY AVE &  N MOBILE AVE&N NAGLE AVE &  W FITCH AVE; 6301 W TOUHY AVE,12520.51,Alleys
45,2024,Alley Speed Hump Menu,W MONTROSE AVE &  N CICERO AVE&N CICERO AVE &  W PENSACOLA AVE,2175.0,Alleys
45,2024,Alley Speed Hump Replacement,N MULLIGAN AVE &  W BRYN MAWR AVE&W BRYN MAWR AVE &  N AVONDALE AVE; 5621 N MULLIGAN AVE,0.0,Alleys
45,2024,Speed Indicator Signs,N CENTRAL AVE &  W CATALPA AVE,7879.96,Traffic Signals
45,2024,Street Light Upgrade Menu,4958 N MILWAUKEE AVE,500.0,Lighting
45,2024,Street Light Upgrade Menu,5329 N MELVINA AVE,500.0,Lighting
45,2024,Street Resurfacing Menu,ON N ALGONQUIN AVE FROM 6471 N TO N TAHOMA AVE  (6530 N),35583.2,Street Resurfacing
45,2024,Street Resurfacing Menu,ON N KOLMAR AVE FROM W IRVING PARK RD  (4000 N) TO W BERTEAU AVE  (4200 N),149118.42,Street Resurfacing
45,2024,Street Resurfacing Menu,ON N LAMON AVE FROM W HUTCHINSON ST  (4230 N) TO W CULLOM AVE  (4300 N),18633.4,Street Resurfacing
45,2024,Street Resurfacing Menu,ON N LEOTI AVE FROM 6833 N TO N TONTY AVE  (6850 N),14777.57,Street Resurfacing
45,2024,Street Resurfacing Menu,ON N LIEB AVE FROM N LONG AVE  (5240 N) TO N LIANO AVE  (5340 N),75183.09,Street Resurfacing
45,2024,Street Resurfacing Menu,ON N LOLETA AVE FROM N CALDWELL AVE  (6600 N) TO N HIAWATHA AVE  (6800 N),124110.36,Street Resurfacing
45,2024,Street Resurfacing Menu,ON N LORON AVE FROM N HIAWATHA AVE  (6800 N) TO N LOLETA AVE  (6900 N),118406.86,Street Resurfacing
45,2024,Street Resurfacing Menu,ON N LOTUS AVE FROM W BALMORAL AVE  (5400 N) TO W CATALPA AVE  (5500 N),55254.58,Street Resurfacing
45,2024,Street Resurfacing Menu,ON N MCALPIN AVE FROM N MEDFORD AVE  (7000 N) TO N CALDWELL AVE  (7000 N),29333.98,Street Resurfacing
45,2024,Street Resurfacing Menu,ON N MCALPIN AVE FROM N SIOUX AVE  (7100 N) TO N IONIA AVE  (7200 N),70286.16,Street Resurfacing
45,2024,Street Resurfacing Menu,ON N MCALPIN AVE FROM N TAHOMA AVE  (7030 N) TO N HIAWATHA AVE  (7100 N),50165.3,Street Resurfacing
45,2024,Street Resurfacing Menu,ON N MENARD AVE FROM N MILWAUKEE AVE  (5530 N) TO W BRYN MAWR AVE  (5600 N),39640.33,Street Resurfacing
45,2024,Street Resurfacing Menu,ON N NOKOMIS AVE FROM W DEVON AVE  (6400 N) TO N IONIA AVE  (6500 N),76285.45,Street Resurfacing
45,2024,Street Resurfacing Menu,ON N PARKSIDE AVE FROM N LOVEJOY AVE  (5430 N) TO N MILWAUKEE AVE  (5340 N),22606.82,Street Resurfacing
45,2024,Street Resurfacing Menu,ON N PARKSIDE AVE FROM N LOVEJOY AVE  (5430 N) TO W CATALPA AVE  (5500 N),54890.4,Street Resurfacing
45,2024,Street Resurfacing Menu,ON N SIOUX AVE FROM W TOUHY AVE  (7200 N) TO N MANKATO AVE  (7130 N),25865.72,Street Resurfacing
45,2024,Street Resurfacing Menu,ON N TAHOMA AVE FROM N MCALPIN AVE  (6970 N) TO W ESTES AVE  (7100 N),97531.78,Street Resurfacing
45,2024,Street Resurfacing Menu,ON N TONTY AVE FROM N HIAWATHA AVE  (6900 N) TO N LEHIGH AVE  (7000 N),157576.28,Street Resurfacing
45,2024,Street Resurfacing Menu,ON N WAUKESHA AVE FROM N CALDWELL AVE  (6500 N) TO N LEHIGH AVE  (6599 N),81149.66,Street Resurfacing
45,2024,Street Resurfacing Menu,ON W HIGHLAND AVE FROM 6527 W TO N NEENAH AVE  (6500 W),28097.04,Street Resurfacing
45,2024,Street Speed Hump Menu,ON N HAMLIN AVE FROM W IRVING PARK RD  (4000 N) TO W BELLE PLAINE AVE  (4100 N),4880.0,Street Resurfacing
45,2024,Street Speed Hump Menu,ON N MENARD AVE FROM N MILWAUKEE AVE  (5530 N) TO W BRYN MAWR AVE  (5600 N),726.62,Street Resurfacing
45,2024,Street Speed Hump Menu,ON W CARMEN AVE FROM N LAMON AVE  (4900 W) TO N LAVERGNE AVE  (5000 W),4880.0,Street Resurfacing
45,2024,Street Speed Hump Replacement,ON N KOLMAR AVE FROM W IRVING PARK RD  (4000 N) TO W BERTEAU AVE  (4200 N),0.0,Street Resurfacing
46,2024,Alley Apron Menu,1521 W BYRON ST,120451.21,Alleys
46,2024,Concrete Alley Menu,N CLARENDON AVE &  W EASTWOOD AVE; 826 W WILSON AVE; N CLARENDON AVE &  W WILSON AVE,22193.66,Alleys
46,2024,Concrete Alley Menu,W LAWRENCE AVE &  N WINTHROP AVE&N KENMORE AVE &  W AINSLIE ST,17650.32,Alleys
46,2024,Concrete Alley Menu,W LELAND AVE &  N CLARENDON AVE; W EASTWOOD AVE &  N CLARENDON AVE; 851 W LELAND AVE,178000.0,Alleys
46,2024,Curb & Gutter Menu,4231-4233 N KENMORE AVE,16373.86,Street Resurfacing
46,2024,LED Traffic Signal Upgrades & Pedestrian Countdown Signal,W IRVING PARK RD &  N MARINE DR,26845.91,Pedestrian Infrastructure
46,2024,Miscellaneous CDOT Projects,N BROADWAY &  N CLARENDON AVE,70000.0,Misc. CDOT
46,2024,Miscellaneous CDOT Projects,ON W LAWRENCE AVE FROM N SHERIDAN RD  (1000 W) TO N BROADWAY  (1200 W),20829.1,Misc. CDOT
46,2024,Park District - Gill Park - Multi-sport Court,825 W SHERIDAN RD,100000.0,Parks
46,2024,Pavement Markings Menu,N FREMONT ST &  W BRADLEY PL,500.0,Street Redesign
46,2024,Pavement Markings Menu,ON N BROADWAY FROM W WAVELAND AVE  (3699 N) TO W GRACE ST  (3799 N),1800.0,Street Redesign
46,2024,Sidewalk Menu,4007 N CLARENDON AVE,3554.7,Sidewalk Repair
46,2024,Sidewalk Menu,4147 N BROADWAY,17340.95,Sidewalk Repair
46,2024,Sidewalk Menu,4850 N KENMORE AVE,53378.01,Sidewalk Repair
46,2024,Sidewalk Menu,727-737 W HUTCHINSON ST,139236.72,Sidewalk Repair
46,2024,Sidewalk Menu,730 W HUTCHINSON ST,13034.08,Sidewalk Repair
46,2024,Sidewalk Menu,826 W WILSON AVE,17784.16,Sidewalk Repair
46,2024,Sidewalk Menu,ON W WINDSOR AVE FROM N CLARENDON AVE  (800 W) TO N SHERIDAN RD  (1000 W); 902 W WINDSOR AVE,60768.11,Sidewalk Repair
46,2024,Street Bump Outs Menu,N HAZEL ST &  W SUNNYSIDE AVE,23687.23,Pedestrian Infrastructure
46,2024,Street Bump Outs Menu,W LAWRENCE AVE &  N KENMORE AVE,6395.05,Pedestrian Infrastructure
46,2024,Street Resurfacing Menu,1311 W LAWRENCE AVE,2527.84,Street Resurfacing
46,2024,Street Resurfacing Menu,ON W WAVELAND AVE FROM N HALSTED ST  (800 W) TO N FREMONT ST  (900 W),23419.09,Street Resurfacing
46,2024,Street Speed Hump Menu,ON N HAZEL ST FROM W AGATITE AVE  (4430 N) TO W WINDSOR AVE  (4530 N),4880.0,Street Resurfacing
47,2024,Alley Apron Menu,3141 N CAMPBELL AVE,2843.25,Alleys
47,2024,Alley Resurfacing Menu,W ADDISON ST &  N LINCOLN AVE&N WOLCOTT AVE &  W PATTERSON AVE,28504.54,Alleys
47,2024,Alley Speed Hump Menu,2544 W IRVING PARK RD; W IRVING PARK RD &  N MAPLEWOOD AVE&N ROCKWELL ST &  W BELLE PLAINE AVE,1450.0,Alleys
47,2024,Alley Speed Hump Menu,W IRVING PARK RD &  N CAMPBELL AVE&N MAPLEWOOD AVE &  W BELLE PLAINE AVE; 2510 W IRVING PARK RD,1450.0,Alleys
47,2024,Bike Lane/Marked Shared Lane Menu,N LINCOLN AVE &  W ADDISON ST,100000.0,Bicycle Infrastructure
47,2024,Curb & Gutter Menu,1457-1459 W SUNNYSIDE AVE,9281.87,Street Resurfacing
47,2024,Curb & Gutter Menu,1520 W BELLE PLAINE AVE,6560.42,Street Resurfacing
47,2024,Curb & Gutter Menu,2113 W GIDDINGS ST,8863.91,Street Resurfacing
47,2024,Curb & Gutter Menu,2620 W WILSON AVE,6752.81,Street Resurfacing
47,2024,Curb & Gutter Menu,3847 N HOYNE AVE,82036.08,Street Resurfacing
47,2024,Curb & Gutter Menu,4554 N PAULINA ST,2436.9,Street Resurfacing
47,2024,Curb & Gutter Menu,ON W GRACE ST FROM N RAVENSWOOD AVE  (1759 W) TO N LINCOLN AVE  (1900 W),85000.0,Street Resurfacing
47,2024,"In-Road ""State Law Stop For Pedestrians"" Sign Menu",N DAMEN AVE &  W EASTWOOD AVE,350.0,Pedestrian Infrastructure
47,2024,"In-Road ""State Law Stop For Pedestrians"" Sign Menu",W ADDISON ST &  N HERMITAGE AVE,600.0,Pedestrian Infrastructure
47,2024,"In-Road ""State Law Stop For Pedestrians"" Sign Menu",W MONTROSE AVE &  N CLAREMONT AVE,600.0,Pedestrian Infrastructure
47,2024,"In-Road ""State Law Stop For Pedestrians"" Sign Menu",W MONTROSE AVE &  N HERMITAGE AVE,350.0,Pedestrian Infrastructure
47,2024,"In-Road ""State Law Stop For Pedestrians"" Sign Menu",W MONTROSE AVE &  N MAPLEWOOD AVE,600.0,Pedestrian Infrastructure
47,2024,"In-Road ""State Law Stop For Pedestrians"" Sign Menu",W WILSON AVE &  N CLAREMONT AVE,600.0,Pedestrian Infrastructure
47,2024,Installation of pedestrian countdown signals at N. Ashland Ave. & W. Wilson Ave.,N ASHLAND AVE &  W WILSON AVE,175637.64,Pedestrian Infrastructure
47,2024,Miscellaneous CDOT Projects,N LINCOLN AVE &  W MONTROSE AVE; N LINCOLN AVE &  W LAWRENCE AVE; N LINCOLNAVE &  W EASTWOOD AVE; N LINCOLN AVE &  W WILSON AVE; N LINCOLN AVE &  W SUNNYSIDE AVE; N LINCOLN AVE &  W GIDDINGS ST,48000.0,Misc. CDOT
47,2024,Miscellaneous CDOT Projects,W LAWRENCE AVE &  N HERMITAGE AVE,5200.0,Misc. CDOT
47,2024,Miscellaneous CDOT Projects,W LAWRENCE AVE &  N WINCHESTER AVE,100000.0,Misc. CDOT
47,2024,Pavement Markings Menu,N DAMEN AVE &  W GRACE ST,2000.0,Street Redesign
47,2024,Pavement Markings Menu,W LAWRENCE AVE &  N WINCHESTER AVE,5500.0,Street Redesign
47,2024,Sidewalk Menu,1765 W AINSLIE ST,8286.57,Sidewalk Repair
47,2024,Sidewalk Menu,2042 W GRACE ST,4877.9,Sidewalk Repair
47,2024,Sidewalk Menu,2316 W GRACE ST,14178.92,Sidewalk Repair
47,2024,Sidewalk Menu,2429 W IRVING PARK RD,3825.62,Sidewalk Repair
47,2024,Sidewalk Menu,2448 W ADDISON ST,12523.85,Sidewalk Repair
47,2024,Sidewalk Menu,2559 W CULLOM AVE,11960.83,Sidewalk Repair
47,2024,Sidewalk Menu,3522-3526 N DAMEN AVE,9797.08,Sidewalk Repair
47,2024,Sidewalk Menu,3534 N HERMITAGE AVE,7496.8,Sidewalk Repair
47,2024,Sidewalk Menu,3733 N OAKLEY AVE,6259.62,Sidewalk Repair
47,2024,Sidewalk Menu,3819-3821 N RAVENSWOOD AVE E,6529.48,Sidewalk Repair
47,2024,Sidewalk Menu,3834 N HAMILTON AVE,1796.62,Sidewalk Repair
47,2024,Sidewalk Menu,3934 N PAULINA ST,10661.09,Sidewalk Repair
47,2024,Sidewalk Menu,4053 N LEAVITT ST,18799.44,Sidewalk Repair
47,2024,Sidewalk Menu,4157 N BELL AVE,2994.73,Sidewalk Repair
47,2024,Sidewalk Menu,4518 N MAPLEWOOD AVE,8901.66,Sidewalk Repair
47,2024,Sidewalk Menu,4737 N LINCOLN AVE,142257.36,Sidewalk Repair
47,2024,Sidewalk Menu,4751-4757 N LEAVITT ST,16902.11,Sidewalk Repair
47,2024,Sidewalk Menu,W SUNNYSIDE AVE &  N CLAREMONT AVE; 2340 W SUNNYSIDE AVE,27755.02,Sidewalk Repair
47,2024,Street Bump Outs Menu,ON N RAVENSWOOD AVE FROM W WAVELAND AVE  (3700 N) TO W GRACE ST  (3800 N),32120.0,Pedestrian Infrastructure
47,2024,Street Bump Outs Menu,ON N ROCKWELL ST FROM W SUNNYSIDE AVE  (4500 N) TO W WINDSOR AVE  (4530 N),32000.0,Pedestrian Infrastructure
47,2024,Street Resurfacing Menu,N PAULINA ST &  W BERTEAU AVE; ON N PAULINA ST FROM W BELLE PLAINE AVE  (4100 N) TO W BERTEAU AVE  (4200 N),7939.65,Street Resurfacing
47,2024,Street Resurfacing Menu,ON N PAULINA ST FROM W BELLE PLAINE AVE  (4100 N) TO W BERTEAU AVE  (4200 N),58983.03,Street Resurfacing
47,2024,Street Resurfacing Menu,ON W BERTEAU AVE FROM N WESTERN AVE  (2400 W) TO N CAMPBELL AVE  (2520 W),76064.16,Street Resurfacing
47,2024,Street Resurfacing Menu,ON W CULLOM AVE FROM N BELL AVE  (2230 W) TO N WESTERN AVE  (2400 W),102984.56,Street Resurfacing
47,2024,Street Resurfacing Menu,ON W SUNNYSIDE AVE FROM N WESTERN AVE  (2400 W) TO N CAMPBELL AVE  (2500 W),68121.41,Street Resurfacing
47,2024,Street Speed Hump Menu,ON N ARTESIAN AVE FROM W ADDISON ST  (3600 N) TO W WAVELAND AVE  (3700 N),4880.0,Street Resurfacing
47,2024,Street Speed Hump Menu,ON N CAMPBELL AVE FROM W SUNNYSIDE AVE  (4500 N) TO W WILSON AVE  (4600 N),4880.0,Street Resurfacing
47,2024,Street Speed Hump Menu,ON N OAKLEY AVE FROM W CULLOM AVE  (4300 N) TO W MONTROSE AVE  (4400 N),4880.0,Street Resurfacing
47,2024,Street Speed Hump Menu,ON N RAVENSWOOD AVE FROM W WAVELAND AVE  (3700 N) TO W GRACE ST  (3800 N),4880.0,Street Resurfacing
47,2024,Street Speed Hump Menu,ON W BERTEAU AVE FROM N WOLCOTT AVE  (1900 W) TO N WINCHESTER AVE  (1920 W),2440.0,Street Resurfacing
47,2024,Street Speed Hump Menu,ON W LARCHMONT AVE FROM N WOLCOTT AVE  (1900 W) TO N LINCOLN AVE  (1940 W),2440.0,Street Resurfacing
47,2024,Street Speed Hump Menu,ON W PATTERSON AVE FROM N WOLCOTT AVE  (1900 W) TO N DAMEN AVE  (2000 W),4880.0,Street Resurfacing
47,2024,Street Speed Hump Menu,ON W WINNEMAC AVE FROM N PAULINA ST  (1700 W) TO N RAVENSWOOD AVE  (1800 W),2440.0,Street Resurfacing
47,2024,Street Speed Hump Replacement,ON W BERTEAU AVE FROM N WESTERN AVE  (2400 W) TO N CAMPBELL AVE  (2520 W),0.0,Street Resurfacing
47,2024,Street Speed Hump Replacement,ON W CULLOM AVE FROM N BELL AVE  (2230 W) TO N WESTERN AVE  (2400 W); 4300 N WESTERN AVE,0.0,Street Resurfacing
48,2024,Alley Resurfacing Menu,5807 N WINTHROP AVE; W THORNDALE AVE &  N KENMORE AVE&N WINTHROP AVE &  W ARDMORE AVE,57841.08,Alleys
48,2024,Alley Resurfacing Menu,6022 N KENMORE AVE; N KENMORE AVE &  W GLENLAKE AVE&W THORNDALE AVE &  N WINTHROP AVE,38281.07,Alleys
48,2024,Alley Resurfacing Menu,N KENMORE AVE &  W GRANVILLE AVE&W ROSEMONT AVE &  N SHERIDAN RD; 6225 N KENMORE AVE,16347.72,Alleys
48,2024,Alley Speed Hump Menu,W CATALPA AVE &  N KENMORE AVE&N WINTHROP AVE &  W BRYN MAWR AVE,1450.0,Alleys
48,2024,Alley Speed Hump Replacement,5807 N WINTHROP AVE; W THORNDALE AVE &  N KENMORE AVE&N WINTHROP AVE &  W ARDMORE AVE,0.0,Alleys
48,2024,Alley Speed Hump Replacement,6022 N KENMORE AVE; N KENMORE AVE &  W GLENLAKE AVE&W THORNDALE AVE &  N WINTHROP AVE,0.0,Alleys
48,2024,Alley Speed Hump Replacement,N KENMORE AVE &  W GRANVILLE AVE&W ROSEMONT AVE &  N SHERIDAN RD; 6225 N KENMORE AVE,0.0,Alleys
48,2024,Arterial Street Bump Outs Menu,5531 N CLARK ST; N CLARK ST &  W GREGORY ST,160000.0,Pedestrian Infrastructure
48,2024,Bollard Menu,ON W ARGYLE ST FROM N SHERIDAN RD  (1000 W) TO N BROADWAY  (1200 W),1442.89,Pedestrian Infrastructure
48,2024,Curb & Gutter Menu,5013 N WINTHROP AVE,3184.87,Street Resurfacing
48,2024,Curb & Gutter Menu,5800 N RIDGE AVE,19013.69,Street Resurfacing
48,2024,Curb & Gutter Menu,N GLENWOOD AVE &  W ARDMORE AVE,250000.0,Street Resurfacing
48,2024,Curb & Gutter Menu,N SHERIDAN RD &  W ARDMORE AVE,27369.94,Street Resurfacing
48,2024,Curb & Gutter Menu,N SHERIDAN RD &  W GLENLAKE AVE,27369.94,Street Resurfacing
48,2024,Curb & Gutter Menu,N SHERIDAN RD &  W ROSEMONT AVE,28437.86,Street Resurfacing
48,2024,Sidewalk Menu,6246-6252 N GREENVIEW AVE,7319.97,Sidewalk Repair
48,2024,Street Bump Outs Menu,N MAGNOLIA AVE &  W ELMDALE AVE,16000.0,Pedestrian Infrastructure
48,2024,Street Bump Outs Menu,W OLIVE AVE &  N GLENWOOD AVE,32000.0,Pedestrian Infrastructure
48,2024,Street Resurfacing Menu,ON N GLENWOOD AVE FROM W BALMORAL AVE  (5400 N) TO W CATALPA AVE  (5500 N),69974.34,Street Resurfacing
48,2024,Street Resurfacing Menu,ON N GLENWOOD AVE FROM W BRYN MAWR AVE  (5600 N) TO N RIDGE AVE  (5800 N),131878.79,Street Resurfacing
48,2024,Street Resurfacing Menu,ON N GLENWOOD AVE FROM W FOSTER AVE  (5200 N) TO W BERWYN AVE  (5300 N),68642.24,Street Resurfacing
48,2024,Street Resurfacing Menu,ON W GLENLAKE AVE FROM N SHERIDAN RD  (1000 W) TO N KENMORE AVE  (1040 W),30708.01,Street Resurfacing
48,2024,Street Speed Hump Menu,ON W ARGYLE ST FROM N MARINE DR  (820 W) TO N SHERIDAN RD  (1000 W),9760.0,Street Resurfacing
48,2024,Street Speed Hump Replacement,ON N GLENWOOD AVE FROM W BALMORAL AVE  (5400 N) TO W CATALPA AVE  (5500 N),0.0,Street Resurfacing
48,2024,Street Speed Hump Replacement,ON N GLENWOOD AVE FROM W BRYN MAWR AVE  (5600 N) TO N RIDGE AVE  (5800 N),0.0,Street Resurfacing
48,2024,Street Speed Hump Replacement,ON N GLENWOOD AVE FROM W FOSTER AVE  (5200 N) TO W BERWYN AVE  (5300 N),0.0,Street Resurfacing
49,2024,ADA - Street Resurfacing Menu,ON W BIRCHWOOD AVE FROM N OAKLEY AVE  (2300 W) TO N WESTERN AVE  (2400 W),4194.21,Street Resurfacing
49,2024,Alley Apron Menu,2001 W GREENLEAF AVE,15713.96,Alleys
49,2024,Alley Resurfacing Menu,W NORTH SHORE AVE &  N SHERIDAN RD; W COLUMBIA AVE &  N SHERIDAN RD; 1100 W NORTH SHORE AVE,4150.68,Alleys
49,2024,Alley Speed Hump Menu,N LAKEWOOD AVE &  W ARTHUR AVE&W DEVON AVE &  N MAGNOLIA AVE,2175.0,Alleys
49,2024,Alley Speed Hump Replacement,W NORTH SHORE AVE &  N SHERIDAN RD; W COLUMBIA AVE &  N SHERIDAN RD; 1100 W NORTH SHORE AVE,0.0,Alleys
49,2024,"CCTV cameras in Pottawattomie Park, located at 7340 N. Rogers Avenue, in the 49th Ward.",7340 N ROGERS AVE,13530.0,Parks
49,2024,Concrete Alley Menu,W ESTES AVE &  N PAULINA ST&N ASHLAND BLVD &  W TOUHY AVE,23466.74,Alleys
49,2024,Curb & Gutter Menu,ON W BIRCHWOOD AVE FROM N EASTLAKE TER  (1320 W) TO N SHERIDAN RD  (1400 W),90628.77,Street Resurfacing
49,2024,Funding 15 new and replacement benches throughout the 49th Ward.,W DEVON AVE &  N LAKEWOOD AVE; N SHERIDAN RD &  W CHASE AVE; N SHERIDAN RD &W ARTHUR AVE; W PRATT BLVD &  N GLENWOOD AVE; N CLARK ST &  W ALBION AVE; WLUNT AVE &  N PAULINA ST; N CLARK ST &  W JARVIS AVE; N CLARK ST &  W PRATT BLVD; WHOWARD ST &  N BOSWORTH AVE; N ASHLAND BLVD &  W FARWELL AVE; W MORSE AVE &N GLENWOOD AVE; W LUNT AVE &  N DAMEN AVE; W LUNT AVE &  N RAVENSWOOD AVE E; N CLARK ST &  W TOUHY AVE; N SHERIDAN RD &  W FARGO AVE,30000.0,Misc.
49,2024,Installation of an exterior water play feature at Willye B. White Park.,1610 W HOWARD ST,200000.0,Parks
49,2024,"Installation of three bike racks at Loyola Park, 1230 W. Greenleaf.",1230 W GREENLEAF AVE,2200.0,Bicycle Infrastructure
49,2024,"Installation of two new benches at Juneway Beach, 7751 N. Eastlake Terrace.",7751 N EASTLAKE TER,12000.0,Misc.
49,2024,Paint-and-post bump out on the north side of the N. Clark St and W. Jarvis Ave. intersection,N CLARK ST &  W JARVIS AVE,10000.0,Misc.
49,2024,Parking access at the Leone Beach parking lot in the 49th Ward.,1222 W TOUHY AVE,100000.0,Parks
49,2024,"Replacement of five benches located at Loyola Park, 1230 W. Greenleaf.",1230 W GREENLEAF AVE,30000.0,Parks
49,2024,Sidewalk Menu,1400-1401 W CHASE AVE,18798.12,Sidewalk Repair
49,2024,Street Bump Outs Menu,W MORSE AVE &  N GREENVIEW AVE,9821.85,Pedestrian Infrastructure
49,2024,Street Resurfacing Menu,ON N PAULINA ST FROM W ESTES AVE  (7100 N) TO W TOUHY AVE  (7200 N),37840.21,Street Resurfacing
49,2024,Street Resurfacing Menu,ON N RAVENSWOOD AVE FROM W FARWELL AVE  (6900 N) TO W LUNT AVE  (7000 N),72165.17,Street Resurfacing
49,2024,Street Resurfacing Menu,ON W ALBION AVE FROM N WINTHROP AVE  (1100 W) TO N GREENVIEW AVE  (1500 W),234425.75,Street Resurfacing
49,2024,Street Resurfacing Menu,ON W BIRCHWOOD AVE FROM N OAKLEY AVE  (2300 W) TO N WESTERN AVE  (2400 W),49088.63,Street Resurfacing
49,2024,Street Resurfacing Menu,ON W BIRCHWOOD AVE FROM N WOLCOTT AVE  (1900 W) TO N WINCHESTER AVE  (1940 W),27586.06,Street Resurfacing
49,2024,Street Resurfacing Menu,ON W CHASE AVE FROM N DAMEN AVE  (2000 W) TO N RIDGE BLVD  (2100 W),64855.14,Street Resurfacing
49,2024,Street Resurfacing Menu,ON W ESTES AVE FROM N ASHLAND BLVD  (1600 W) TO N PAULINA ST  (1700 W),61437.36,Street Resurfacing
49,2024,Street Resurfacing Menu,ON W LUNT AVE FROM N GREENVIEW AVE  (1500 W) TO N ASHLAND BLVD  (1600 W),48938.24,Street Resurfacing
49,2024,Street Speed Hump Menu,ON W BIRCHWOOD AVE FROM N OAKLEY AVE  (2300 W) TO N WESTERN AVE  (2400 W),3499.74,Street Resurfacing
49,2024,Street Speed Hump Replacement,ON W ALBION AVE FROM N WINTHROP AVE  (1100 W) TO N GREENVIEW AVE  (1500 W),0.0,Street Resurfacing
49,2024,Street Speed Hump Replacement,ON W BIRCHWOOD AVE FROM N OAKLEY AVE  (2300 W) TO N WESTERN AVE  (2400 W),0.0,Street Resurfacing
49,2024,Street Traffic Circle Menu,N GREENVIEW AVE &  W NORTH SHORE AVE,9364.31,Street Redesign
50,2024,ADA - Street Resurfacing Menu,ON W BIRCHWOOD AVE FROM N OAKLEY AVE  (2300 W) TO N WESTERN AVE  (2400 W),4194.21,Street Resurfacing
50,2024,Alley Apron Menu,2815 W JEROME ST,15669.17,Alleys
50,2024,Alley Apron Menu,6015 N MOZART ST; ON N MOZART ST FROM W PETERSON AVE  (6000 N) TO W GLENLAKE AVE  (6100 N),21296.66,Alleys
50,2024,Alley Resurfacing Menu,W ARTHUR AVE &  N SEELEY AVE&N HOYNE AVE &  W DEVON AVE; 2039-2061 W ARTHUR AVE,16189.54,Alleys
50,2024,Alley Speed Hump Replacement,W ARTHUR AVE &  N SEELEY AVE&N HOYNE AVE &  W DEVON AVE; 2039-2061 W ARTHUR AVE,0.0,Alleys
50,2024,Concrete Alley Menu,N ARTESIAN AVE &  W DEVON AVE&N WESTERN AVE &  W ARTHUR AVE; 6453 N ARTESIAN AVE,212000.0,Alleys
50,2024,Concrete Alley Menu,N RIDGE BLVD &  W ESTES AVE&W GREENLEAF AVE &  N BELL AVE,249350.23,Alleys
50,2024,Curb & Gutter Menu,6833 N KEDZIE AVE,18887.99,Street Resurfacing
50,2024,Pavement Markings Menu,N LINCOLN AVE &  N KIMBALL AVE,500.0,Street Redesign
50,2024,Street Bump Outs Menu,W HOLLYWOOD AVE &  N MOZART ST,12742.19,Pedestrian Infrastructure
50,2024,Street Light Residential Staggered Piggy Back Menu,ON N ROCKWELL ST FROM W DEVON AVE  (6400 N) TO W ALBION AVE  (6600 N),74689.53,Lighting
50,2024,Street Light Residential Staggered Piggy Back Menu,ON W COYLE AVE FROM N ROCKWELL ST  (2600 W) TO N CALIFORNIA AVE  (2800 W),326000.0,Lighting
50,2024,Street Light Residential Staggered Piggy Back Menu,ON W MORSE AVE FROM N ROCKWELL ST  (2600 W) TO N CALIFORNIA AVE  (2800 W),326000.0,Lighting
50,2024,Street Light Upgrade Menu,2507 W TOUHY AVE,500.0,Lighting
50,2024,Street Light Upgrade Menu,2601 W JEROME ST,500.0,Lighting
50,2024,Street Light Upgrade Menu,7018 N RIDGE BLVD,500.0,Lighting
50,2024,Street Resurfacing Menu,ON N ARTESIAN AVE FROM W GRANVILLE AVE  (6200 N) TO W ROSEMONT AVE  (6300 N),54101.6,Street Resurfacing
50,2024,Street Resurfacing Menu,ON N SACRAMENTO AVE FROM W DEVON AVE  (6400 N) TO W ARTHUR AVE  (6500 N),51790.16,Street Resurfacing
50,2024,Street Resurfacing Menu,ON N SACRAMENTO AVE FROM W PETERSON AVE  (6000 N) TO N LINCOLN AVE  (5900 N),47767.91,Street Resurfacing
50,2024,Street Resurfacing Menu,ON W BIRCHWOOD AVE FROM N OAKLEY AVE  (2300 W) TO N WESTERN AVE  (2400 W),52680.8,Street Resurfacing
50,2024,Street Speed Hump Menu,ON N BELL AVE FROM W LUNT AVE  (7000 N) TO W GREENLEAF AVE  (7040 N),2440.0,Street Resurfacing
50,2024,Street Speed Hump Menu,ON W BIRCHWOOD AVE FROM N CALIFORNIA AVE  (2800 W) TO N FRANCISCO AVE  (2900 W),4880.0,Street Resurfacing
50,2024,Street Speed Hump Menu,ON W ESTES AVE FROM N BELL AVE  (2200 W) TO N OAKLEY AVE  (2300 W),2440.0,Street Resurfacing
50,2024,Street Speed Hump Menu,ON W FARGO AVE FROM N WASHTENAW AVE  (2700 W) TO N CALIFORNIA AVE  (2800 W),4880.0,Street Resurfacing
50,2024,Street Speed Hump Replacement,ON W BIRCHWOOD AVE FROM N OAKLEY AVE  (2300 W) TO N WESTERN AVE  (2400 W),0.0,Street Resurfacing
1,2025,Alley Apron Menu,1300 N BELL AVE,23832.91,Alleys
1,2025,Alley Apron Menu,1300 N LEAVITT ST,18964.45,Alleys
1,2025,Alley Apron Menu,1383 N WOLCOTT AVE,105424.65,Alleys
1,2025,Alley Resurfacing Menu,N CALIFORNIA AVE &  W FULLERTON AVE&W ALTGELD ST &  N MOZART ST,32875.8,Alleys
1,2025,Alley Resurfacing Menu,W ERIE ST &  N ASHLAND AVE&N PAULINA ST &  W HURON ST,44029.02,Alleys
1,2025,Alley Resurfacing Menu,W NORTH AVE &  N CAMPBELL AVE&N MAPLEWOOD AVE &  W LE MOYNE ST,57437.05,Alleys
1,2025,Alley Speed Hump Menu,W DIVISION ST &  N HONORE ST&N WOLCOTT AVE &  W THOMAS ST,725.0,Alleys
1,2025,Alley Speed Hump Replacement,N CALIFORNIA AVE &  W FULLERTON AVE&W ALTGELD ST &  N MOZART ST,0.0,Alleys
1,2025,Alley Speed Hump Replacement,W ERIE ST &  N ASHLAND AVE&N PAULINA ST &  W HURON ST,0.0,Alleys
1,2025,Alley Speed Hump Replacement,W NORTH AVE &  N CAMPBELL AVE&N MAPLEWOOD AVE &  W LE MOYNE ST,0.0,Alleys
1,2025,Arterial Street Bump Outs Menu,N CALIFORNIA AVE &  W SHAKESPEARE AVE,160000.0,Pedestrian Infrastructure
1,2025,Curb & Gutter Menu,1703 W AUGUSTA BLVD,73099.04,Street Resurfacing
1,2025,Pavement Markings Menu,N WESTERN AVE &  W LOGAN BLVD,4100.0,Street Redesign
1,2025,Pavement Markings Menu,ON N WESTERN AVE FROM W SHAKESPEARE AVE  (2130 N) TO W PALMER ST  (2200 N),2250.0,Street Redesign
1,2025,Public restroom pilot with JCDecaux in the Polish Triangle,1204 N MILWAUKEE AVE,315659.0,Misc.
1,2025,Sidewalk Menu,ON N WASHTENAW AVE FROM 2743 N TO W SCHUBERT AVE  (2700 N),19091.61,Sidewalk Repair
1,2025,Sidewalk Menu,ON W POTOMAC AVE FROM N LEAVITT ST  (2200 W) TO N OAKLEY BLVD  (2300 W),76348.62,Sidewalk Repair
1,2025,Street Bump Outs Menu,W EVERGREEN AVE &  W SCHILLER ST; N WICKER PARK AVE &  W SCHILLER ST,40000.0,Pedestrian Infrastructure
1,2025,Street Resurfacing Menu,ON N CAMPBELL AVE FROM W CHARLESTON ST  (2100 N) TO W PALMER ST  (2200 N),56827.71,Street Resurfacing
1,2025,Street Resurfacing Menu,ON N LEAVITT ST FROM W THOMAS ST  (1100 N) TO W DIVISION ST  (1200 N),61699.26,Street Resurfacing
1,2025,Street Resurfacing Menu,ON N MARSHFIELD AVE FROM W DIVISION ST  (1200 N) TO W CHICAGO AVE  (800 N),218627.27,Street Resurfacing
1,2025,Street Resurfacing Menu,ON N WOLCOTT AVE FROM N WICKER PARK AVE  (1370 N) TO N MILWAUKEE AVE  (1400 N),27310.55,Street Resurfacing
1,2025,Street Resurfacing Menu,ON W MEDILL AVE FROM N TALMAN AVE  (2620 W) TO N CALIFORNIA AVE  (2800 W),100773.05,Street Resurfacing
1,2025,Street Speed Hump Menu,1400 N PAULINA ST,2440.0,Street Resurfacing
1,2025,Street Speed Hump Menu,ON N CAMPBELL AVE FROM N MILWAUKEE AVE  (2020 N) TO W CHARLESTON ST  (2100 N),4880.0,Street Resurfacing
1,2025,Street Speed Hump Menu,ON N MARSHFIELD AVE FROM W CHICAGO AVE  (800 N) TO W AUGUSTA BLVD  (1000 N),4880.0,Street Resurfacing
1,2025,Street Speed Hump Menu,ON N MOZART ST FROM W ARMITAGE AVE  (2000 N) TO W PALMER ST  (2200 N),9760.0,Street Resurfacing
1,2025,Street Speed Hump Menu,ON N RICHMOND ST FROM W ALTGELD ST  (2500 N) TO W LOGAN BLVD  (2563 N),4880.0,Street Resurfacing
1,2025,Street Speed Hump Menu,ON N WASHTENAW AVE FROM W BLOOMINGDALE AVE  (1800 N) TO W ARMITAGE AVE  (2000 N),9760.0,Street Resurfacing
1,2025,Street Speed Hump Menu,ON W ERIE ST FROM N RACINE AVE  (1200 W) TO N ADA ST  (1340 W),2440.0,Street Resurfacing
1,2025,Street Speed Hump Menu,ON W LE MOYNE ST FROM N ASHLAND AVE  (1600 W) TO N WOOD ST  (1800 W),9760.0,Street Resurfacing
1,2025,Street Speed Hump Menu,ON W SCHILLER ST FROM N HOYNE AVE  (2100 W) TO N LEAVITT ST  (2200 W),4880.0,Street Resurfacing
1,2025,Street Speed Hump Replacement,ON N MARSHFIELD AVE FROM W DIVISION ST  (1200 N) TO W CHICAGO AVE  (800 N),0.0,Street Resurfacing
2,2025,Alley Resurfacing Menu,N JANSSEN AVE &  W BELDEN AVE&W FULLERTON AVE &  N SOUTHPORT AVE,47273.12,Alleys
2,2025,Alley Resurfacing Menu,N RACINE AVE &  W DICKENS AVE&W WEBSTER AVE &  N CLIFTON AVE,51323.4,Alleys
2,2025,Alley Speed Hump Replacement,N JANSSEN AVE &  W BELDEN AVE&W FULLERTON AVE &  N SOUTHPORT AVE,0.0,Alleys
2,2025,Concrete Alley Menu,E CHICAGO AVE &  N MICHIGAN AVE&N FAIRBANKS CT &  E SUPERIOR ST; 777 N MICHIGAN AVE,29468.33,Alleys
2,2025,Concrete Alley Menu,N GREENVIEW AVE &  W FULLERTON AVE&N CLYBOURN AVE &  N BOSWORTH AVE,154036.73,Alleys
2,2025,Curb & Gutter Menu,111 W DELAWARE PL; 107 E DELAWARE PL,5596.37,Street Resurfacing
2,2025,Curb & Gutter Menu,1320 N STATE PKWY,22260.15,Street Resurfacing
2,2025,Curb & Gutter Menu,1356 N CLEVELAND AVE,5579.29,Street Resurfacing
2,2025,Curb & Gutter Menu,1514 N WELLS ST,2667.02,Street Resurfacing
2,2025,Curb & Gutter Menu,2187 N CLYBOURN AVE,13830.0,Street Resurfacing
2,2025,Curb & Gutter Menu,270 E CHESTNUT ST,11901.31,Street Resurfacing
2,2025,Floodlight Menu,777 N MICHIGAN AVE,1150.0,Lighting
2,2025,Miscellaneous CDOT Projects,1420 N DEARBORN ST,660.0,Misc. CDOT
2,2025,Miscellaneous CDOT Projects,6800 S LOOMIS BLVD,660.0,Misc. CDOT
2,2025,"North Wells St from W Division St to W North Av. IncludingBurton Place from Wells St East to Cul de Sac. Twoteardrops at North Av and Two Acorns, East side of Wells Nof North Av, Upgrading Street Light Controller to Smart function.",ON N WELLS ST FROM W DIVISION ST  (1200 N) TO W NORTH AVE  (1600 N),279032.03,Lighting
2,2025,Replacement of grass with turf and replacement of granite accent areas along existing walking path,2210 N SOUTHPORT AVE,50000.0,Misc.
2,2025,Sidewalk Menu,148 W BURTON PL,12418.85,Sidewalk Repair
2,2025,Sidewalk Menu,2069 N CLYBOURN AVE,42053.26,Sidewalk Repair
2,2025,Sidewalk Menu,33 E DIVISION ST,7342.31,Sidewalk Repair
2,2025,Street Bump Outs Menu,E ERIE ST &  N LAKE SHORE DR,22000.0,Pedestrian Infrastructure
2,2025,Street Bump Outs Menu,W BELDEN AVE &  N MAGNOLIA AVE,70000.0,Pedestrian Infrastructure
2,2025,Street Light Pole Painting Menu,129-130 W NORTH AVE; 15 E DIVISION ST; 1024 N STATE ST; 317 E ONTARIO ST; 1642 N NORTH PARK AVE; N FAIRBANKS CT &  E ONTARIO ST; 534 N FAIRBANKS CT,9746.0,Lighting
2,2025,Street Light Pole Painting Menu,ON N CLARK ST FROM W NORTH AVE  (1599 N) TO W LA SALLE DR  (1700 N),21336.0,Lighting
2,2025,Street Light Pole Painting Menu,ON N CLYBOURN AVE FROM N SOUTHPORT AVE  (2132 N) TO N ASHLAND AVE  (2330 N),38467.0,Lighting
2,2025,Street Light Pole Painting Menu,ON N FAIRBANKS CT FROM E GRAND AVE  (528 N) TO E ONTARIO ST  (628 N),16267.0,Lighting
2,2025,Street Light Pole Painting Menu,ON N LA SALLE ST FROM W NORTH AVE  (1600 N) TO W EUGENIE ST  (1710 N),16983.0,Lighting
2,2025,Street Light Pole Painting Menu,ON N STATE PKWY FROM E GOETHE ST  (1300 N) TO E BURTON PL  (1500 N),17965.0,Lighting
2,2025,Street Light Pole Painting Menu,ON W NORTH AVE FROM N NORTH PARK AVE  (300 W) TO N HALSTED ST  (800 W),47454.0,Lighting
2,2025,Street Light Upgrade Menu,1742-1744 N CLYBOURN AVE,500.0,Lighting
2,2025,Street Light Upgrade Menu,1760 N CLYBOURN AVE,500.0,Lighting
2,2025,Street Resurfacing Menu,ON E CHESTNUT ST FROM N DEWITT PL  (250 E) TO N LAKE SHORE DR  (300 E),67356.85,Street Resurfacing
2,2025,Street Resurfacing Menu,ON E HURON ST FROM N ST CLAIR ST  (200 E) TO N FAIRBANKS CT  (300 E),70163.16,Street Resurfacing
2,2025,Street Resurfacing Menu,ON N SOUTHPORT AVE FROM W WEBSTER AVE  (2200 N) TO W FULLERTON AVE  (2400 N),72850.23,Street Resurfacing
2,2025,Street Resurfacing Menu,ON N STATE PKWY FROM E SCOTT ST  (1232 N) TO E SCHILLER ST  (1400 N),116763.57,Street Resurfacing
2,2025,Street Resurfacing Menu,ON W CONCORD LN FROM N CLYBOURN AVE  (900 W) TO N SHEFFIELD AVE  (1000 W),55910.27,Street Resurfacing
2,2025,Street Resurfacing Menu,ON W DICKENS AVE FROM N RACINE AVE  (1200 W) TO N LAKEWOOD AVE  (1300 W),76768.97,Street Resurfacing
2,2025,Street Speed Hump Menu,849 N FRANKLIN ST; ON N FRANKLIN ST FROM W INSTITUTE PL  (830 N) TO W CHESTNUT ST (860 N),2440.0,Street Resurfacing
2,2025,Street Speed Hump Replacement,ON N STATE PKWY FROM E SCOTT ST  (1232 N) TO E SCHILLER ST  (1400 N),0.0,Street Resurfacing
2,2025,Street Speed Hump Replacement,ON W DICKENS AVE FROM N RACINE AVE  (1200 W) TO N LAKEWOOD AVE  (1300 W),0.0,Street Resurfacing
2,2025,Traffic Signal Pole Painting menu,ON N SOUTHPORT AVE FROM W SHAKESPEARE AVE  (2132 N) TO W FULLERTON AVE  (2400 N),18830.0,Beautification
2,2025,Viaduct Improvement Menu,E DIVISION ST &  N LAKE SHORE DR,20446.77,Viaducts
3,2025,Alley Resurfacing Menu,S CALUMET AVE &  E 40TH ST&E 41ST ST &  S PRAIRIE AVE,37129.36,Alleys
3,2025,Alley Resurfacing Menu,S MICHIGAN AVE &  E 21ST ST&E CERMAK RD &  S WABASH AVE,12883.19,Alleys
3,2025,Alley Resurfacing Menu,S MICHIGAN AVE &  E 40TH ST&E 41ST ST &  S INDIANA AVE,32105.62,Alleys
3,2025,Alley Resurfacing Menu,S PRAIRIE AVE &  E PERSHING RD&E 40TH ST &  S INDIANA AVE,52768.75,Alleys
3,2025,Alley Speed Hump Menu,S STATE ST &  W 43RD ST&E 44TH ST &  S WABASH AVE,2175.0,Alleys
3,2025,Alley Speed Hump Replacement,S MICHIGAN AVE &  E 21ST ST&E CERMAK RD &  S WABASH AVE,0.0,Alleys
3,2025,Alley Speed Hump Replacement,S PRAIRIE AVE &  E PERSHING RD&E 40TH ST &  S INDIANA AVE,0.0,Alleys
3,2025,Curb & Gutter Menu,10 W 35TH PL,5270.63,Street Resurfacing
3,2025,Floodlight Menu,346 W SWANN ST,1150.0,Lighting
3,2025,Miscellaneous CDOT Projects,1920 S PRAIRIE AVE,4600.0,Misc. CDOT
3,2025,Miscellaneous CDOT Projects,306 E PERSHING RD,150.0,Misc. CDOT
3,2025,Miscellaneous CDOT Projects,3663 S INDIANA AVE,300.0,Misc. CDOT
3,2025,Miscellaneous CDOT Projects,3859 S GILES AVE,660.0,Misc. CDOT
3,2025,Miscellaneous CDOT Projects,430-432 E 48TH ST,150.0,Misc. CDOT
3,2025,Miscellaneous CDOT Projects,4510 S VINCENNES AVE,150.0,Misc. CDOT
3,2025,Miscellaneous CDOT Projects,4521-4523 S PRAIRIE AVE,150.0,Misc. CDOT
3,2025,Miscellaneous CDOT Projects,4644 S VINCENNES AVE,150.0,Misc. CDOT
3,2025,Miscellaneous CDOT Projects,4715 S WABASH AVE; 4736 S WABASH AVE; 4724 S WABASH AVE,300.0,Misc. CDOT
3,2025,Miscellaneous CDOT Projects,4757 S PRAIRIE AVE,150.0,Misc. CDOT
3,2025,Miscellaneous CDOT Projects,5031 S PRAIRIE AVE,150.0,Misc. CDOT
3,2025,Miscellaneous CDOT Projects,5037 S INDIANA AVE,150.0,Misc. CDOT
3,2025,Miscellaneous CDOT Projects,5111 S MICHIGAN AVE,300.0,Misc. CDOT
3,2025,Miscellaneous CDOT Projects,5121 S WABASH AVE; 5115 S WABASH AVE,300.0,Misc. CDOT
3,2025,Miscellaneous CDOT Projects,5217 S CALUMET AVE; 5219 S CALUMET AVE; 5213 S CALUMET AVE,300.0,Misc. CDOT
3,2025,Miscellaneous CDOT Projects,601 E 45TH ST,150.0,Misc. CDOT
3,2025,Pavement Markings Menu,E PERSHING RD &  S RHODES AVE,2500.0,Street Redesign
3,2025,Sidewalk Menu,2001-2018 S PRAIRIE AVE,11456.16,Sidewalk Repair
3,2025,Sidewalk Menu,4100-4112 S DR MARTIN LUTHER KING JR DR,25000.0,Sidewalk Repair
3,2025,Sidewalk Menu,4543 S PRINCETON AVE,8430.67,Sidewalk Repair
3,2025,Sidewalk Menu,4747 S DR MARTIN LUTHER KING JR DR,8527.72,Sidewalk Repair
3,2025,Sidewalk Menu,ON W 29TH ST FROM S DEARBORN ST  (40 W) TO S FEDERAL ST  (60 W),45978.89,Sidewalk Repair
3,2025,Street Light Residential Staggered Piggy Back Menu,ON E 40TH ST FROM S STATE ST  (0 E) TO S PRAIRIE AVE  (300 E),47000.0,Lighting
3,2025,Street Resurfacing Menu,ON E 37TH PL FROM S STATE ST  (0 E) TO S WABASH AVE  (50 E),46065.06,Street Resurfacing
3,2025,Street Resurfacing Menu,ON E 42ND PL FROM S DR MARTIN LUTHER KING JR DR E (400 E) TO S VINCENNES AVE  (499 E),81125.51,Street Resurfacing
3,2025,Street Resurfacing Menu,ON E 44TH ST FROM S INDIANA AVE  (200 E) TO S DR MARTIN LUTHER KING JR DR  (380 E),141333.18,Street Resurfacing
3,2025,Street Resurfacing Menu,ON E 46TH ST FROM S PRAIRIE AVE  (300 E) TO S CALUMET AVE  (340 E),30893.2,Street Resurfacing
3,2025,Street Resurfacing Menu,ON S CALUMET AVE FROM E 38TH ST  (3800 S) TO E PERSHING RD  (3900 S),65792.97,Street Resurfacing
3,2025,Street Resurfacing Menu,ON S CALUMET AVE FROM E PERSHING RD  (3900 S) TO E 41ST ST  (4100 S),139080.47,Street Resurfacing
3,2025,Street Resurfacing Menu,ON S EVANS AVE FROM E 44TH ST  (4400 S) TO E 45TH ST  (4500 S),33477.48,Street Resurfacing
3,2025,Street Resurfacing Menu,ON S FORRESTVILLE AVE FROM E 47TH ST  (4700 S) TO E 48TH ST  (4800 S),79082.95,Street Resurfacing
3,2025,Street Resurfacing Menu,ON S PRAIRIE AVE FROM E 49TH ST  (4900 S) TO E 51ST ST  (5100 S),135422.52,Street Resurfacing
3,2025,Street Resurfacing Menu,ON S WABASH AVE FROM E 44TH ST  (4400 S) TO E 46TH ST  (4600 S),212839.32,Street Resurfacing
3,2025,Street Resurfacing Menu,ON W 24TH ST FROM S STATE ST  (0 E) TO S MICHIGAN AVE  (100 E),87912.76,Street Resurfacing
3,2025,Street Resurfacing Menu,ON W 29TH ST FROM S DEARBORN ST  (40 W) TO S FEDERAL ST  (60 W),27392.41,Street Resurfacing
3,2025,Street Resurfacing Menu,ON W 30TH ST FROM S STATE ST  (0 E) TO S FEDERAL ST  (100 W),85612.3,Street Resurfacing
3,2025,Street Speed Hump Menu,ON S PRAIRIE AVE FROM E 38TH ST  (3799 S) TO E PERSHING RD  (3900 S),4880.0,Street Resurfacing
3,2025,Street Speed Hump Menu,ON W 35TH PL FROM S STATE ST  (1 W) TO S FEDERAL ST  (99 W),4880.0,Street Resurfacing
3,2025,Street Speed Hump Menu,ON W 36TH ST FROM S STATE ST  (1 W) TO S FEDERAL ST  (99 W),4880.0,Street Resurfacing
3,2025,Street Speed Hump Menu,ON W ROOT ST FROM S STATE ST  (0 E) TO S DEARBORN ST  (30 W),2440.0,Street Resurfacing
3,2025,Street Speed Hump Menu,ON W SWANN ST FROM S WENTWORTH AVE  (232 W) TO S PRINCETON AVE  (300 W),2440.0,Street Resurfacing
3,2025,Street Speed Hump Replacement,ON E 46TH ST FROM S PRAIRIE AVE  (300 E) TO S CALUMET AVE  (340 E),0.0,Street Resurfacing
3,2025,Street Speed Hump Replacement,ON S CALUMET AVE FROM E 38TH ST  (3800 S) TO E PERSHING RD  (3900 S),0.0,Street Resurfacing
3,2025,Street Speed Hump Replacement,ON S CALUMET AVE FROM E PERSHING RD  (3900 S) TO E 41ST ST  (4100 S),0.0,Street Resurfacing
3,2025,Street Speed Hump Replacement,ON S EVANS AVE FROM E 44TH ST  (4400 S) TO E 45TH ST  (4500 S),0.0,Street Resurfacing
3,2025,Street Speed Hump Replacement,ON S FORRESTVILLE AVE FROM E 47TH ST  (4700 S) TO E 48TH ST  (4800 S),0.0,Street Resurfacing
4,2025,Alley Apron Menu,4715 S LANGLEY AVE,14526.92,Alleys
4,2025,Alley Resurfacing Menu,E 43RD ST &  S COTTAGE GROVE AVE&S DREXEL BLVD &  E 44TH ST,92628.08,Alleys
4,2025,Alley Speed Hump Replacement,E 43RD ST &  S COTTAGE GROVE AVE&S DREXEL BLVD &  E 44TH ST,0.0,Alleys
4,2025,Arterial Street Bump Outs Menu,E PERSHING RD &  S RHODES AVE,60000.0,Pedestrian Infrastructure
4,2025,Concrete Alley Menu,S COTTAGE GROVE AVE &  E 40TH ST&E 41ST ST &  S LANGLEY AVE; 4030 S COTTAGE GROVE AVE,19573.94,Alleys
4,2025,Concrete Alley Menu,S ELLIS AVE &  E 45TH ST&E 46TH ST &  S GREENWOOD AVE,10795.0,Alleys
4,2025,Curb & Gutter Menu,4306 S ELLIS AVE,334020.17,Street Resurfacing
4,2025,Curb & Gutter Menu,E 49TH ST &  S BLACKSTONE AVE,113791.93,Street Resurfacing
4,2025,Curb & Gutter Menu,E 50TH ST &  S BLACKSTONE AVE,187425.25,Street Resurfacing
4,2025,Miscellaneous CDOT Projects,4220 S BERKELEY AVE,150.0,Misc. CDOT
4,2025,Miscellaneous CDOT Projects,E OAKWOOD BLVD &  S LSD OAKWOOD BL ER,548.23,Misc. CDOT
4,2025,Miscellaneous CDOT Projects,ON S DREXEL BLVD FROM E 43RD ST  (4300 S) TO E HYDE PARK BLVD  (5100 S),24000.0,Misc. CDOT
4,2025,Pavement Markings Menu,3600 S DR MARTIN LUTHER KING JR DR,7000.0,Street Redesign
4,2025,Sidewalk Menu,4832 S DORCHESTER AVE,30000.0,Sidewalk Repair
4,2025,Street Bump Outs Menu,5015 S BLACKSTONE AVE; S BLACKSTONE AVE &  E 50TH ST; S BLACKSTONE AVE &  E 49TH ST,40794.57,Pedestrian Infrastructure
4,2025,Street Light Pole Painting Menu,ON S DR MARTIN LUTHER KING JR DR FROM E 32ND ST  (3198 S) TO E 35TH ST  (3500 S),21167.59,Lighting
4,2025,Street Resurfacing Menu,ON E 53RD ST FROM S KIMBARK AVE  (1300 E) TO S WOODLAWN AVE  (1200 E),74173.21,Street Resurfacing
4,2025,Street Resurfacing Menu,ON S KENWOOD AVE FROM E HYDE PARK BLVD  (5100 S) TO E 52ND ST  (5200 S),46509.29,Street Resurfacing
4,2025,Street Resurfacing Menu,ON S ST LAWRENCE AVE FROM E 41ST ST  (4100 S) TO E BOWEN AVE  (4140 S),19056.1,Street Resurfacing
4,2025,Street Resurfacing Menu,ON S WOODLAWN AVE FROM E 47TH ST  (4700 S) TO E 53RD ST  (5300 S),230775.46,Street Resurfacing
4,2025,Street Resurfacing Menu,ON S WOODLAWN AVE FROM E 49TH ST  (4900 S) TO E 50TH ST  (5000 S),94984.25,Street Resurfacing
4,2025,Street Speed Hump Menu,ON E 44TH ST FROM S EVANS AVE  (720 E) TO S COTTAGE GROVE AVE  (800 E),2440.0,Street Resurfacing
4,2025,Street Speed Hump Menu,ON E 45TH ST FROM S COTTAGE GROVE AVE  (800 E) TO S ELLIS AVE  (1000 E),7320.0,Street Resurfacing
4,2025,Street Speed Hump Menu,ON E 45TH ST FROM S ELLIS AVE  (1000 E) TO S WOODLAWN AVE  (1200 E),9760.0,Street Resurfacing
4,2025,Street Speed Hump Menu,ON E 48TH ST FROM S ST LAWRENCE AVE  (600 E) TO S CHAMPLAIN AVE  (634 E),2440.0,Street Resurfacing
4,2025,Street Speed Hump Menu,ON E 49TH ST FROM S KIMBARK AVE  (1300 E) TO S DORCHESTER AVE  (1400 E),4880.0,Street Resurfacing
4,2025,Street Speed Hump Menu,ON S BERKELEY AVE FROM E 43RD ST  (4300 S) TO E 44TH ST  (4400 S),4880.0,Street Resurfacing
4,2025,Street Speed Hump Menu,ON S BLACKSTONE AVE FROM E 49TH ST  (4900 S) TO E 52ND ST  (5200 S),12200.0,Street Resurfacing
4,2025,Street Speed Hump Menu,ON S CHAMPLAIN AVE FROM E 47TH ST  (4700 S) TO E 48TH ST  (4799 S),4880.0,Street Resurfacing
4,2025,Street Speed Hump Menu,ON S ELLIS AVE FROM E 46TH ST  (4600 S) TO E 47TH ST  (4700 S),4880.0,Street Resurfacing
4,2025,Street Speed Hump Menu,ON S GREENWOOD AVE FROM E 47TH ST  (4700 S) TO E 48TH ST  (4800 S),4880.0,Street Resurfacing
4,2025,Street Speed Hump Menu,ON S OAKENWALD AVE FROM E 40TH PL  (4032 S) TO E 41ST ST  (4100 S),2440.0,Street Resurfacing
4,2025,Street Speed Hump Menu,ON S VINCENNES AVE FROM E 42ND ST  (4200 S) TO E 43RD ST  (4299 S),4880.0,Street Resurfacing
4,2025,Street Speed Hump Menu,ON S WOODLAWN AVE FROM S LAKE PARK AVE  (4440 S) TO E 46TH ST  (4625 S),12200.0,Street Resurfacing
5,2025,Alley Resurfacing Menu,E 52ND ST &  S INGLESIDE AVE&S ELLIS AVE &  E 53RD ST,29013.25,Alleys
5,2025,Alley Resurfacing Menu,S BLACKSTONE AVE &  E 65TH ST&E 65TH PL &  S STONY ISLAND AVE,29911.68,Alleys
5,2025,Alley Speed Hump Replacement,E 52ND ST &  S INGLESIDE AVE&S ELLIS AVE &  E 53RD ST,0.0,Alleys
5,2025,Sidewalk Menu,1701 E 56TH ST,12066.27,Sidewalk Repair
5,2025,Sidewalk Menu,2327 E 68TH ST,2868.11,Sidewalk Repair
5,2025,Sidewalk Menu,6744 S PAXTON AVE,9038.59,Sidewalk Repair
5,2025,Street Bump Outs Menu,S CORNELL AVE &  E 50TH ST,16127.8,Pedestrian Infrastructure
5,2025,Street Bump Outs Menu,S PAXTON AVE &  E 73RD ST,29880.43,Pedestrian Infrastructure
5,2025,Street Resurfacing Menu,ON E 54TH ST FROM S INGLESIDE AVE  (930 E) TO S ELLIS AVE  (1000 E),36477.67,Street Resurfacing
5,2025,Street Resurfacing Menu,ON E 54TH ST FROM S UNIVERSITY AVE  (1140 E) TO S WOODLAWN AVE  (1200 E),42228.3,Street Resurfacing
5,2025,Street Resurfacing Menu,ON E 56TH ST FROM S UNIVERSITY AVE  (1150 E) TO S WOODLAWN AVE  (1200 E),35336.9,Street Resurfacing
5,2025,Street Resurfacing Menu,ON S CORNELL AVE FROM E 54TH ST  (5400 S) TO E 55TH ST  (5500 S),48766.13,Street Resurfacing
5,2025,Street Resurfacing Menu,ON S CRANDON AVE FROM E 68TH ST  (6800 S) TO E 69TH ST  (6900 S),61300.86,Street Resurfacing
5,2025,Street Resurfacing Menu,ON S CYRIL AVE FROM E 71ST PL  (7130 S) TO E 72ND ST  (7200 S),40233.73,Street Resurfacing
5,2025,Street Resurfacing Menu,ON S DOBSON AVE FROM E 71ST ST  (7100 S) TO E 73RD ST  (7300 S),146468.38,Street Resurfacing
5,2025,Street Resurfacing Menu,ON S DORCHESTER AVE FROM E 58TH ST  (5800 S) TO E 59TH ST  (5900 S),51173.61,Street Resurfacing
5,2025,Street Resurfacing Menu,ON S DORCHESTER AVE FROM E 60TH ST  (6000 S) TO E 61ST ST  (6100 S),71012.4,Street Resurfacing
5,2025,Street Resurfacing Menu,ON S ELLIS AVE FROM E 71ST ST  (7100 S) TO E 73RD ST  (7299 S),127720.15,Street Resurfacing
5,2025,Street Resurfacing Menu,ON S EUCLID AVE FROM E 68TH ST  (6800 S) TO E 69TH ST  (6900 S),47632.67,Street Resurfacing
5,2025,Street Resurfacing Menu,ON S EUCLID AVE FROM E 71ST ST  (7100 S) TO E 73RD ST  (7300 S),120843.57,Street Resurfacing
5,2025,Street Resurfacing Menu,ON S GREENWOOD AVE FROM E 71ST ST  (7100 S) TO E 72ND ST  (7200 S),57561.38,Street Resurfacing
5,2025,Street Resurfacing Menu,ON S INGLESIDE AVE FROM E 71ST ST  (7100 S) TO E 72ND ST  (7200 S),78959.23,Street Resurfacing
5,2025,Street Resurfacing Menu,ON S LUELLA AVE FROM E 71ST ST  (7100 S) TO E 73RD ST  (7300 S),130632.65,Street Resurfacing
5,2025,Street Resurfacing Menu,ON S UNIVERSITY AVE FROM E 60TH ST  (6000 S) TO E 61ST ST  (6100 S),55665.54,Street Resurfacing
5,2025,Street Resurfacing Menu,ON S UNIVERSITY AVE FROM E 71ST ST  (7100 S) TO E 73RD ST  (7300 S),155263.21,Street Resurfacing
5,2025,Street Resurfacing Menu,ON S WOODLAWN AVE FROM E 72ND ST  (7200 S) TO E 72ND PL  (7231 S),51748.52,Street Resurfacing
5,2025,Street Speed Hump Menu,ON S DORCHESTER AVE FROM E 54TH ST  (5400 S) TO E 55TH ST  (5500 S),4880.0,Street Resurfacing
5,2025,Street Speed Hump Menu,ON S UNIVERSITY AVE FROM E 73RD ST  (7300 S) TO E 74TH ST  (7400 S),4880.0,Street Resurfacing
5,2025,Street Speed Hump Replacement,ON S CRANDON AVE FROM E 68TH ST  (6800 S) TO E 69TH ST  (6900 S),0.0,Street Resurfacing
5,2025,Street Speed Hump Replacement,ON S DOBSON AVE FROM E 71ST ST  (7100 S) TO E 73RD ST  (7300 S),0.0,Street Resurfacing
5,2025,Street Speed Hump Replacement,ON S ELLIS AVE FROM E 71ST ST  (7100 S) TO E 73RD ST  (7299 S),0.0,Street Resurfacing
5,2025,Street Speed Hump Replacement,ON S EUCLID AVE FROM E 71ST ST  (7100 S) TO E 73RD ST  (7300 S),0.0,Street Resurfacing
5,2025,Street Speed Hump Replacement,ON S INGLESIDE AVE FROM E 71ST ST  (7100 S) TO E 72ND ST  (7200 S),0.0,Street Resurfacing
5,2025,Street Speed Hump Replacement,ON S LUELLA AVE FROM E 71ST ST  (7100 S) TO E 73RD ST  (7300 S),0.0,Street Resurfacing
5,2025,Street Speed Hump Replacement,ON S UNIVERSITY AVE FROM E 71ST ST  (7100 S) TO E 73RD ST  (7300 S),0.0,Street Resurfacing
6,2025,Floodlight Menu,S VINCENNES AVE &  W 70TH ST,2300.0,Lighting
6,2025,Floor repairs for Neil Elementary School,8555 S MICHIGAN AVE,12500.0,Schools
6,2025,Improvements to Hamilton Park tech center,513 W 72ND ST,50000.0,Parks
6,2025,Improvements to Tuley Park for miniature soccer field,501 E 90TH ST,250000.0,Parks
6,2025,Improvements to Tuley Park - outdoor plaza and senior seating area,501 E 90TH PL,50000.0,Parks
6,2025,Installation of a structure and locker room at Simeon Career Academy,8147 S VINCENNES AVE,300000.0,Misc.
6,2025,Miscellaneous CDOT Projects,401 E 75TH ST,660.0,Misc. CDOT
6,2025,Miscellaneous CDOT Projects,615 W MARQUETTE RD,660.0,Misc. CDOT
6,2025,New lockers for Lenart School,8101 S LA SALLE ST,50000.0,Schools
6,2025,Pavement Markings Menu,S VINCENNES AVE &  W 83RD ST; W 83RD ST &  S STEWART AVE,3200.0,Street Redesign
6,2025,Projector screen for Manor Park School,7037 S RHODES AVE,30000.0,Parks
6,2025,Street Cul-de-Sac Menu,ON S DR MARTIN LUTHER KING JR DR FROM E 81ST ST  (8100 S) TO E 85TH ST  (8500 S),250000.0,Street Redesign
6,2025,Street Light Pole Painting Menu,ON S VINCENNES AVE FROM 6900 S TO W 71ST ST  (7100 S),12600.0,Lighting
6,2025,Street Speed Hump Menu,ON E 74TH ST FROM S DR MARTIN LUTHER KING JR DR  (400 E) TO S COTTAGE GROVE AVE (800 E),19520.0,Street Resurfacing
6,2025,Street Speed Hump Menu,ON E 77TH ST FROM S STATE ST  (0 E) TO S COTTAGE GROVE AVE  (800 E),34160.0,Street Resurfacing
6,2025,Street Speed Hump Menu,ON E 80TH ST FROM S STATE ST  (0 E) TO S COTTAGE GROVE AVE  (800 E),8418.03,Street Resurfacing
6,2025,Street Speed Hump Menu,ON E 80TH ST FROM S VINCENNES AVE  (410 W) TO S HALSTED ST  (800 W),9760.0,Street Resurfacing
6,2025,Street Speed Hump Menu,ON E 82ND ST FROM S STATE ST  (0 E) TO S COTTAGE GROVE AVE  (800 E),34160.0,Street Resurfacing
6,2025,Street Speed Hump Menu,ON E 84TH ST FROM S WABASH AVE  (50 E) TO S MICHIGAN AVE  (100 E),2440.0,Street Resurfacing
6,2025,Street Speed Hump Menu,ON E 93RD ST FROM S STATE ST  (0 E) TO S DR MARTIN LUTHER KING JR DR  (400 E),17080.0,Street Resurfacing
6,2025,Street Speed Hump Menu,ON E 94TH ST FROM S STATE ST  (0 E) TO S DR MARTIN LUTHER KING JR DR  (400 E),17080.0,Street Resurfacing
6,2025,Street Speed Hump Menu,ON S MICHIGAN AVE FROM E 91ST ST  (9100 S) TO E 95TH ST  (9500 S),19520.0,Street Resurfacing
6,2025,Street Speed Hump Menu,ON S VERNON AVE FROM E 83RD ST  (8300 S) TO E 84TH ST  (8400 S),4880.0,Street Resurfacing
6,2025,Street Speed Hump Menu,ON S WABASH AVE FROM E 80TH ST  (8000 S) TO E 81ST ST  (8100 S),4880.0,Street Resurfacing
6,2025,Street Speed Hump Menu,ON W 81ST ST FROM S VINCENNES AVE  (430 W) TO S HALSTED ST  (800 W),4880.0,Street Resurfacing
6,2025,Tuley Park baseball field improvement,501 E 90TH PL,50000.0,Parks
6,2025,Walking track at Cole Park,361 E 85TH ST,100000.0,Parks
6,2025,Walking track installation at Cole Park,361 E 85TH ST,100000.0,Parks
7,2025,Curb & Gutter Menu,ON E 80TH PL FROM S COMMERCIAL CT  (3000 E) TO S HOUSTON AVE  (3030 E),6419.17,Street Resurfacing
7,2025,Sidewalk Menu,2114 E 100TH ST,7757.85,Sidewalk Repair
7,2025,Sidewalk Menu,2309 E 83RD ST,11082.86,Sidewalk Repair
7,2025,Sidewalk Menu,7129 S CORNELL AVE,7127.94,Sidewalk Repair
7,2025,Sidewalk Menu,7711 S OGLESBY AVE,5037.51,Sidewalk Repair
7,2025,Sidewalk Menu,9020 S PAXTON AVE,11111.2,Sidewalk Repair
7,2025,Street Bump Outs Menu,E 75TH ST &  S EUCLID AVE,21435.46,Pedestrian Infrastructure
7,2025,Street Bump Outs Menu,S PAXTON AVE &  E 73RD ST,10544.43,Pedestrian Infrastructure
7,2025,Street Light Upgrade Menu,3021 E 80TH PL,500.0,Lighting
7,2025,Street Light Upgrade Menu,7700 S CRANDON AVE; E 77TH ST &  S LUELLA AVE&S CRANDON AVE &  E 78TH ST,500.0,Lighting
7,2025,Street Light Upgrade Menu,7720 S COLES AVE,500.0,Lighting
7,2025,Street Light Upgrade Menu,8139 S SOUTH SHORE DR,500.0,Lighting
7,2025,Street Light Upgrade Menu,E 77TH ST &  S OGLESBY AVE&S CRANDON AVE &  E 78TH ST; 7701 S CRANDON AVE,500.0,Lighting
7,2025,Street Resurfacing Menu,ON E 72ND PL FROM S RIDGELAND AVE  (1730 E) TO S CONSTANCE AVE  (1820 E),34291.9,Street Resurfacing
7,2025,Street Resurfacing Menu,ON E 74TH ST FROM S CHAPPEL AVE  (2030 E) TO S MERRILL AVE  (2130 E),74014.33,Street Resurfacing
7,2025,Street Resurfacing Menu,ON E 77TH ST FROM S MERRILL AVE  (2130 E) TO S LUELLA AVE  (2230 E),45096.02,Street Resurfacing
7,2025,Street Resurfacing Menu,ON E 80TH PL FROM S COMMERCIAL CT  (3000 E) TO S HOUSTON AVE  (3030 E),24415.31,Street Resurfacing
7,2025,Street Resurfacing Menu,ON S BENSLEY AVE FROM E 99TH ST  (9899 S) TO E 100TH ST  (10000 S),64311.31,Street Resurfacing
7,2025,Street Resurfacing Menu,ON S COLFAX AVE FROM E 87TH ST  (8700 S) TO S SOUTH CHICAGO AVE  (8890 S),106437.24,Street Resurfacing
7,2025,Street Resurfacing Menu,ON S CRANDON AVE FROM E 101ST ST  (10100 S) TO E 102ND ST  (10200 S),59311.68,Street Resurfacing
7,2025,Street Resurfacing Menu,ON S CRANDON AVE FROM E 103RD ST  (10300 S) TO E 104TH ST  (10400 S),65184.41,Street Resurfacing
7,2025,Street Resurfacing Menu,ON S CRANDON AVE FROM E 80TH ST  (8000 S) TO E 81ST ST  (8100 S),46940.44,Street Resurfacing
7,2025,Street Resurfacing Menu,ON S CRANDON AVE FROM E 83RD ST  (8300 S) TO E 84TH ST  (8400 S),59157.76,Street Resurfacing
7,2025,Street Resurfacing Menu,ON S CRANDON AVE FROM E 89TH ST  (8900 S) TO E 91ST ST  (9100 S),122875.55,Street Resurfacing
7,2025,Street Resurfacing Menu,ON S ESSEX AVE FROM E 93RD ST  (9300 S) TO E 94TH ST  (9400 S),63402.52,Street Resurfacing
7,2025,Street Resurfacing Menu,ON S HOUSTON AVE FROM E 81ST ST  (8100 S) TO E 82ND ST  (8200 S),56513.06,Street Resurfacing
7,2025,Street Resurfacing Menu,ON S MUSKEGON AVE FROM E 93RD ST  (9300 S) TO E 94TH ST  (9400 S),53639.81,Street Resurfacing
7,2025,Street Resurfacing Menu,ON S OGLESBY AVE FROM E 100TH ST  (10000 S) TO E 101ST ST  (10100 S),68129.4,Street Resurfacing
7,2025,Street Resurfacing Menu,ON S OGLESBY AVE FROM E 101ST ST  (10100 S) TO E 103RD ST  (10300 S),121487.7,Street Resurfacing
7,2025,Street Resurfacing Menu,ON S PHILLIPS AVE FROM E 89TH ST  (8900 S) TO E 90TH ST  (9000 S),58865.76,Street Resurfacing
7,2025,Street Resurfacing Menu,ON S SAGINAW AVE FROM E 93RD ST  (9300 S) TO E 94TH ST  (9400 S),53639.81,Street Resurfacing
7,2025,Street Resurfacing Menu,ON S YATES AVE FROM E 89TH ST  (8900 S) TO E 91ST ST  (9100 S),156197.89,Street Resurfacing
7,2025,Street Speed Hump Menu,ON E 102ND ST FROM S OGLESBY AVE  (2400 E) TO S BENSLEY AVE  (2500 E),4880.0,Street Resurfacing
7,2025,Street Speed Hump Menu,ON E 94TH ST FROM S JEFFERY AVE  (2000 E) TO S ANTHONY AVE  (3000 E),41480.0,Street Resurfacing
7,2025,Street Speed Hump Menu,ON S CRANDON AVE FROM E 80TH ST  (8000 S) TO E 81ST ST  (8100 S),4880.0,Street Resurfacing
7,2025,Street Speed Hump Menu,ON S ESSEX AVE FROM E 86TH ST  (8600 S) TO E 87TH ST  (8700 S),4880.0,Street Resurfacing
7,2025,Street Speed Hump Menu,ON S KINGSTON AVE FROM E 82ND ST  (8200 S) TO E 83RD ST  (8300 S),3071.67,Street Resurfacing
7,2025,Street Speed Hump Menu,ON S OGLESBY AVE FROM E 100TH ST  (10000 S) TO E 101ST ST  (10100 S),4880.0,Street Resurfacing
7,2025,Street Speed Hump Replacement,ON S BENSLEY AVE FROM E 99TH ST  (9899 S) TO E 100TH ST  (10000 S),0.0,Street Resurfacing
7,2025,Street Speed Hump Replacement,ON S CRANDON AVE FROM E 103RD ST  (10300 S) TO E 104TH ST  (10400 S),0.0,Street Resurfacing
7,2025,Street Speed Hump Replacement,ON S CRANDON AVE FROM E 83RD ST  (8300 S) TO E 84TH ST  (8400 S),0.0,Street Resurfacing
7,2025,Street Speed Hump Replacement,ON S CRANDON AVE FROM E 89TH ST  (8900 S) TO E 91ST ST  (9100 S),0.0,Street Resurfacing
7,2025,Street Speed Hump Replacement,ON S OGLESBY AVE FROM E 101ST ST  (10100 S) TO E 103RD ST  (10300 S),0.0,Street Resurfacing
8,2025,Alley Resurfacing Menu,E 88TH ST &  S DANTE AVE&S BLACKSTONE AVE &  E 89TH ST,10166.26,Alleys
8,2025,Grand Crossing Park Improvements,7655 S INGLESIDE AVE,50000.0,Parks
8,2025,Jesse Owens Park Improvements,8800 S CLYDE AVE,50000.0,Parks
8,2025,Sidewalk Menu,1235 E 97TH PL; 1239 E 97TH PL; 1247 E 97TH PL; 1251 E 97TH PL; 1254 E 97TH PL; 1257 E 97TH PL,29008.65,Sidewalk Repair
8,2025,Sidewalk Menu,7200 S DORCHESTER AVE,38601.05,Sidewalk Repair
8,2025,Sidewalk Menu,7943-7945 S JEFFERY BLVD,9260.45,Sidewalk Repair
8,2025,Sidewalk Menu,8135 S EUCLID AVE,9050.39,Sidewalk Repair
8,2025,Sidewalk Menu,8458 S MARYLAND AVE,46168.46,Sidewalk Repair
8,2025,Sidewalk Menu,8815 S CORNELL AVE,1656.39,Sidewalk Repair
8,2025,Sidewalk Menu,8918 S CHAPPEL AVE,15007.46,Sidewalk Repair
8,2025,Sidewalk Menu,8944 S CLYDE AVE,2242.05,Sidewalk Repair
8,2025,Sidewalk Menu,9156 S BENNETT AVE,17989.84,Sidewalk Repair
8,2025,Sidewalk Menu,9305 S DR MARTIN LUTHER KING JR DR,4262.35,Sidewalk Repair
8,2025,Sidewalk Menu,9314 S EAST END AVE,5935.17,Sidewalk Repair
8,2025,Sidewalk Menu,9600 S UNIVERSITY AVE,26176.2,Sidewalk Repair
8,2025,Street Resurfacing Menu,ON E 72ND PL FROM S DORCHESTER AVE  (1400 E) TO S BLACKSTONE AVE  (1500 E),66426.55,Street Resurfacing
8,2025,Street Resurfacing Menu,ON E 74TH ST FROM S KENWOOD AVE  (1330 E) TO S DORCHESTER AVE  (1400 E),29593.93,Street Resurfacing
8,2025,Street Resurfacing Menu,ON E 82ND ST FROM S MERRILL AVE  (2130 E) TO S LUELLA AVE  (2230 E),56814.09,Street Resurfacing
8,2025,Street Resurfacing Menu,ON E 85TH ST FROM S EAST END AVE  (1700 E) TO S CREGIER AVE  (1800 E),47436.99,Street Resurfacing
8,2025,Street Resurfacing Menu,ON E 86TH ST FROM 950 E TO S INGLESIDE AVE  (930 E),19024.96,Street Resurfacing
8,2025,Street Resurfacing Menu,ON E 92ND ST FROM S STONY ISLAND AVE  (1600 E) TO S CREGIER AVE  (1800 E),124400.38,Street Resurfacing
8,2025,Street Resurfacing Menu,ON E 94TH ST FROM S DR MARTIN LUTHER KING JR DR  (400 E) TO S VERNON AVE  (430 E),21461.79,Street Resurfacing
8,2025,Street Resurfacing Menu,ON S AVALON AVE FROM 9858 S TO E 98TH ST  (9800 S),54638.03,Street Resurfacing
8,2025,Street Resurfacing Menu,ON S BLACKSTONE AVE FROM E 86TH ST  (8600 S) TO E 87TH ST  (8700 S),61169.21,Street Resurfacing
8,2025,Street Resurfacing Menu,ON S CHAPPEL AVE FROM E 80TH ST  (8000 S) TO E 81ST ST  (8100 S),62835.52,Street Resurfacing
8,2025,Street Resurfacing Menu,ON S CLYDE AVE FROM E 89TH ST  (8900 S) TO E 90TH ST  (9000 S),57867.44,Street Resurfacing
8,2025,Street Resurfacing Menu,ON S CONSTANCE AVE FROM E 90TH ST  (9000 S) TO E 92ND ST  (9200 S),109737.85,Street Resurfacing
8,2025,Street Resurfacing Menu,ON S CORNELL AVE FROM E 78TH ST  (7800 S) TO E 79TH ST  (7900 S),48912.93,Street Resurfacing
8,2025,Street Resurfacing Menu,ON S DOBSON AVE FROM E 95TH ST  (9500 S) TO E 96TH ST  (9600 S),55548.17,Street Resurfacing
8,2025,Street Resurfacing Menu,ON S EAST END AVE FROM E 93RD ST  (9300 S) TO E 94TH ST  (9400 S),57867.57,Street Resurfacing
8,2025,Street Resurfacing Menu,ON S ELLIS AVE FROM E 83RD ST  (8300 S) TO E 84TH ST  (8400 S),56926.05,Street Resurfacing
8,2025,Street Resurfacing Menu,ON S KENWOOD AVE FROM E 85TH ST  (8530 S) TO E 87TH ST  (8700 S),49500.47,Street Resurfacing
8,2025,Street Resurfacing Menu,ON S LUELLA AVE FROM E 84TH ST  (8400 S) TO E 85TH ST  (8500 S),54080.2,Street Resurfacing
8,2025,Street Resurfacing Menu,ON S RIDGELAND AVE FROM E 89TH ST  (8900 S) TO E 90TH ST  (9000 S),62506.31,Street Resurfacing
8,2025,Street Speed Hump Menu,ON E 84TH ST FROM S STONY ISLAND AVE  (1600 E) TO S EAST END AVE  (1700 E),4880.0,Street Resurfacing
8,2025,Street Speed Hump Menu,ON E 85TH ST FROM S EAST END AVE  (1700 E) TO S CREGIER AVE  (1800 E),4880.0,Street Resurfacing
8,2025,Street Speed Hump Menu,ON E 89TH PL FROM S DR MARTIN LUTHER KING JR DR  (400 E) TO S EBERHART AVE  (500 E),4880.0,Street Resurfacing
8,2025,Street Speed Hump Menu,ON E 89TH ST FROM S DR MARTIN LUTHER KING JR DR  (400 E) TO S EBERHART AVE  (500 E),4880.0,Street Resurfacing
8,2025,Street Speed Hump Menu,ON E 91ST PL FROM S DR MARTIN LUTHER KING JR DR  (400 E) TO S EBERHART AVE  (500 E),4880.0,Street Resurfacing
8,2025,Street Speed Hump Menu,ON S DORCHESTER AVE FROM E 82ND ST  (8200 S) TO E 83RD ST  (8300 S),4880.0,Street Resurfacing
8,2025,Street Speed Hump Menu,ON S DORCHESTER AVE FROM E 85TH ST  (8500 S) TO E 87TH ST  (8700 S),9760.0,Street Resurfacing
8,2025,Street Speed Hump Menu,ON S MARYLAND AVE FROM E 77TH ST  (7700 S) TO E 78TH ST  (7800 S),4880.0,Street Resurfacing
8,2025,Street Speed Hump Menu,ON S MERRILL AVE FROM E 75TH ST  (7500 S) TO E 76TH ST  (7600 S),4880.0,Street Resurfacing
8,2025,Street Speed Hump Menu,ON S WOODLAWN AVE FROM E 90TH ST  (9000 S) TO E 91ST ST  (9099 S),4880.0,Street Resurfacing
8,2025,Street Speed Hump Replacement,ON S CHAPPEL AVE FROM E 80TH ST  (8000 S) TO E 81ST ST  (8100 S),0.0,Street Resurfacing
9,2025,Alley Resurfacing Menu,S PARNELL AVE &  W 123RD ST&W 124TH ST &  S WALLACE ST,59989.82,Alleys
9,2025,Alley Resurfacing Menu,W 128TH PL &  S PARNELL AVE&S PARNELL AVE &  W 128TH ST,12756.52,Alleys
9,2025,Alley Speed Hump Menu,S HARVARD AVE &  W 126TH ST&W 127TH ST &  S PRINCETON AVE,1450.0,Alleys
9,2025,Curb & Gutter Menu,ON S PRAIRIE AVE FROM E 100TH ST  (10000 S) TO E 101ST ST  (10100 S),260350.12,Street Resurfacing
9,2025,Sidewalk Menu,10047 S EBERHART AVE,3721.46,Sidewalk Repair
9,2025,Sidewalk Menu,10356 S EBERHART AVE,12453.51,Sidewalk Repair
9,2025,Sidewalk Menu,10437 S INDIANA AVE,5624.98,Sidewalk Repair
9,2025,Sidewalk Menu,12835 S LOWE AVE,6879.92,Sidewalk Repair
9,2025,Sidewalk Menu,12835 S UNION AVE,20162.04,Sidewalk Repair
9,2025,Sidewalk Menu,225 W 118TH ST,10829.88,Sidewalk Repair
9,2025,Sidewalk Menu,551 E 106TH ST,1509.04,Sidewalk Repair
9,2025,Sidewalk Menu,58 W 108TH PL,16262.98,Sidewalk Repair
9,2025,Sidewalk Menu,711 E 105TH PL,7244.91,Sidewalk Repair
9,2025,Sidewalk Menu,9400 S NORMAL AVE,13732.37,Sidewalk Repair
9,2025,Sidewalk Menu,ON S CORLISS AVE FROM S DOTY AVE W (11110 S) TO E 112TH ST  (11200 S),2562.2,Sidewalk Repair
9,2025,Street Light Upgrade Menu,140 E 121ST PL,500.0,Lighting
9,2025,Street Resurfacing Menu,ON E 109TH ST FROM S EBERHART AVE  (500 E) TO S RHODES AVE  (530 E),44622.83,Street Resurfacing
9,2025,Street Resurfacing Menu,ON E 114TH ST FROM S STATE ST  (0 E) TO S MICHIGAN AVE  (100 E),45826.13,Street Resurfacing
9,2025,Street Resurfacing Menu,ON E 120TH PL FROM S MICHIGAN AVE  (100 E) TO S INDIANA AVE  (200 E),81752.55,Street Resurfacing
9,2025,Street Resurfacing Menu,ON E 125TH PL FROM S EDBROOKE AVE  (130 E) TO S INDIANA AVE  (200 E),18261.61,Street Resurfacing
9,2025,Street Resurfacing Menu,ON S CALUMET AVE FROM E 102ND ST  (10200 S) TO E 103RD ST  (10300 S),54403.15,Street Resurfacing
9,2025,Street Resurfacing Menu,ON S CORLISS AVE FROM S DOTY AVE W (11110 S) TO E 112TH ST  (11200 S),59699.35,Street Resurfacing
9,2025,Street Resurfacing Menu,ON S FOREST AVE FROM E 106TH ST  (10600 S) TO E 107TH ST  (10700 S),58654.21,Street Resurfacing
9,2025,Street Resurfacing Menu,ON S HARVARD AVE FROM W 95TH ST  (9500 S) TO W 96TH ST  (9600 S),57666.73,Street Resurfacing
9,2025,Street Resurfacing Menu,ON S INDIANA AVE FROM E 111TH ST  (11100 S) TO E 112TH ST  (11200 S),68769.95,Street Resurfacing
9,2025,Street Resurfacing Menu,ON S LA SALLE ST FROM W 124TH ST  (12400 S) TO W 125TH ST  (12500 S),54256.36,Street Resurfacing
9,2025,Street Resurfacing Menu,ON S NORMAL AVE FROM W 95TH ST  (9500 S) TO W 96TH ST  (9600 S),62775.61,Street Resurfacing
9,2025,Street Resurfacing Menu,ON S PERRY AVE FROM W 92ND ST  (9200 S) TO W 93RD ST  (9300 S),59701.31,Street Resurfacing
9,2025,Street Resurfacing Menu,ON S PRAIRIE AVE FROM E 100TH ST  (10000 S) TO E 101ST ST  (10100 S),58681.48,Street Resurfacing
9,2025,Street Resurfacing Menu,ON S UNION AVE FROM W VERMONT ST  (12720 S) TO W 128TH PL  (12830 S),71529.53,Street Resurfacing
9,2025,Street Resurfacing Menu,ON S VERNON AVE FROM E 108TH ST  (10800 S) TO E 109TH ST  (10900 S),65985.99,Street Resurfacing
9,2025,Street Resurfacing Menu,ON S WALLACE ST FROM W 92ND ST  (9200 S) TO W 93RD ST  (9300 S),53412.51,Street Resurfacing
9,2025,Street Resurfacing Menu,ON S WALLACE ST FROM W 95TH ST  (9500 S) TO W 97TH ST  (9700 S),103433.52,Street Resurfacing
9,2025,Street Resurfacing Menu,ON W 129TH PL FROM S WALLACE ST  (600 W) TO S LOWE AVE  (630 W),33080.2,Street Resurfacing
10,2025,Alley Resurfacing Menu,8745 S COMMERCIAL AVE; S COMMERCIAL AVE &  E 87TH ST&E 88TH ST &  S HOUSTON AVE,38254.82,Alleys
10,2025,Alley Resurfacing Menu,9858 S MARQUETTE AVE; S MARQUETTE AVE &  E 98TH ST&E 99TH ST &  S MARQUETTE AVE,42362.26,Alleys
10,2025,Alley Resurfacing Menu,S AVENUE M &  E 95TH ST&E 96TH ST &  S AVENUE N,50453.54,Alleys
10,2025,Alley Speed Hump Menu,S AVENUE L &  E 97TH ST&E 98TH ST &  S AVENUE M,1450.0,Alleys
10,2025,Alley Speed Hump Menu,S AVENUE N &  E 97TH ST&E 98TH ST &  S AVENUE M,1450.0,Alleys
10,2025,Alley Speed Hump Replacement,9858 S MARQUETTE AVE; S MARQUETTE AVE &  E 98TH ST&E 99TH ST &  S MARQUETTE AVE,0.0,Alleys
10,2025,Alley Speed Hump Replacement,S AVENUE M &  E 95TH ST&E 96TH ST &  S AVENUE N,0.0,Alleys
10,2025,Curb & Gutter Menu,11113-11115 S EWING AVE,3254.02,Street Resurfacing
10,2025,Curb & Gutter Menu,11131-11143 S AVENUE L,36018.37,Street Resurfacing
10,2025,Miscellaneous CDOT Projects,13300 S BALTIMORE AVE,660.0,Misc. CDOT
10,2025,Miscellaneous CDOT Projects,3306 E 91ST ST; 8700 S HOUSTON AVE; 8812 S HOUSTON AVE; 8927 S BRANDON AVE; 8537 S ESCANABA AVE; 9116 S HOUSTON AVE; 9224 S BURLEY AVE,1125.0,Misc. CDOT
10,2025,Miscellaneous CDOT Projects,8401 S BURLEY AVE; 8319 S BUFFALO AVE; 8449 S BURLEY AVE; 8454 S BURLEY AVE; 8458 S BUFFALO AVE; 8415 S BAKER AVE; 8406 S BAKER AVE,1125.0,Misc. CDOT
10,2025,Miscellaneous CDOT Projects,8735 S BURLEY AVE; 8809 S BURLEY AVE; 8819 S BURLEY AVE; 8818 S BUFFALO AVE; 8911 S BUFFALO AVE; 3318 E 88TH ST; 8840 S BUFFALO AVE,1125.0,Misc. CDOT
10,2025,Miscellaneous CDOT Projects,9220 S BURLEY AVE; 9907 S AVENUE L; 12600 S TORRENCE AVE; 3304 E 92ND ST; 9118 S MACKINAW AVE,1125.0,Misc. CDOT
10,2025,Pavement Markings Menu,E 133RD ST &  S GREEN BAY AVE,1900.0,Street Redesign
10,2025,Sidewalk Menu,10302 S AVENUE J,21498.46,Sidewalk Repair
10,2025,Sidewalk Menu,10428 S AVENUE L,4962.05,Sidewalk Repair
10,2025,Sidewalk Menu,10446 S AVENUE G; 10442 S AVENUE G,13110.27,Sidewalk Repair
10,2025,Sidewalk Menu,10616 S AVENUE H,5794.71,Sidewalk Repair
10,2025,Sidewalk Menu,10636-10652 S AVENUE O,31012.55,Sidewalk Repair
10,2025,Sidewalk Menu,10701 S AVENUE O,18711.49,Sidewalk Repair
10,2025,Sidewalk Menu,10754 S AVENUE O,5364.23,Sidewalk Repair
10,2025,Sidewalk Menu,11100 S EWING AVE,20928.24,Sidewalk Repair
10,2025,Sidewalk Menu,11329 S AVENUE N,5576.35,Sidewalk Repair
10,2025,Sidewalk Menu,11509 S AVENUE L,478.99,Sidewalk Repair
10,2025,Sidewalk Menu,13104 S AVENUE O,5226.68,Sidewalk Repair
10,2025,Sidewalk Menu,13116 S MUSKEGON AVE,4406.64,Sidewalk Repair
10,2025,Sidewalk Menu,13293 S RIVERDALE AVE,16961.14,Sidewalk Repair
10,2025,Sidewalk Menu,13431 S BURLEY AVE,4469.37,Sidewalk Repair
10,2025,Sidewalk Menu,3248 E 133RD ST,56717.03,Sidewalk Repair
10,2025,Sidewalk Menu,9523-9527 S MUSKEGON AVE,29682.0,Sidewalk Repair
10,2025,Sidewalk Menu,9811-9823 S MUSKEGON AVE,40776.48,Sidewalk Repair
10,2025,Street Light Upgrade Menu,ON E 96TH ST FROM S MARQUETTE AVE  (2700 E) TO S ESCANABA AVE  (2900 E),14800.0,Lighting
10,2025,Street Resurfacing Menu,ON E 136TH PL FROM 344 E TO S INDIANA AVE  (200 E),84114.97,Street Resurfacing
10,2025,Street Resurfacing Menu,ON E 97TH ST FROM S ESCANABA AVE  (2900 E) TO S EXCHANGE AVE  (2940 E),35143.05,Street Resurfacing
10,2025,Street Resurfacing Menu,ON S AVENUE E FROM E 106TH ST  (10599 S) TO E 107TH ST  (10700 S),59398.04,Street Resurfacing
10,2025,Street Resurfacing Menu,ON S AVENUE H FROM E 116TH ST  (11600 S) TO E 117TH ST  (11700 S),78560.11,Street Resurfacing
10,2025,Street Resurfacing Menu,ON S AVENUE J FROM E 115TH ST  (11500 S) TO E 116TH ST  (11600 S),61662.7,Street Resurfacing
10,2025,Street Resurfacing Menu,ON S AVENUE K FROM E 135TH ST  (13500 S) TO E 136TH ST  (13600 S),36934.25,Street Resurfacing
10,2025,Street Resurfacing Menu,ON S AVENUE L FROM E 100TH ST  (10000 S) TO E 101ST ST  (10100 S),68323.52,Street Resurfacing
10,2025,Street Resurfacing Menu,ON S AVENUE L FROM E 101ST ST  (10100 S) TO E 104TH ST  (10400 S),234251.93,Street Resurfacing
10,2025,Street Resurfacing Menu,ON S AVENUE M FROM E 103RD ST  (10300 S) TO E 104TH ST  (10400 S),75641.32,Street Resurfacing
10,2025,Street Resurfacing Menu,ON S ESCANABA AVE FROM E 85TH ST  (8500 S) TO E 86TH ST  (8600 S),63592.93,Street Resurfacing
10,2025,Street Resurfacing Menu,ON S EXCHANGE AVE FROM E 130TH ST  (13000 S) TO E 131ST ST  (13100 S),60071.81,Street Resurfacing
10,2025,Street Speed Hump Menu,ON E 108TH ST FROM S AVENUE E  (3900 E) TO S AVENUE D  (3930 E),2440.0,Street Resurfacing
10,2025,Street Speed Hump Menu,ON E 109TH ST FROM S BENSLEY AVE  (2500 E) TO S TORRENCE AVE  (2630 E),7320.0,Street Resurfacing
10,2025,Street Speed Hump Menu,ON E 131ST ST FROM S BURLEY AVE  (3230 E) TO S BUFFALO AVE  (3300 E),2440.0,Street Resurfacing
10,2025,Street Speed Hump Menu,ON E 131ST ST FROM S ST LAWRENCE AVE  (600 E) TO S CHAMPLAIN AVE  (699 E),2440.0,Street Resurfacing
10,2025,Street Speed Hump Menu,ON S AVENUE J FROM E 115TH ST  (11500 S) TO E 116TH ST  (11600 S),4880.0,Street Resurfacing
10,2025,Street Speed Hump Menu,ON S BAKER AVE FROM E 83RD PL  (8300 S) TO S BRANDON AVE  (8500 S),12200.0,Street Resurfacing
10,2025,Street Speed Hump Menu,ON S FORRESTVILLE AVE FROM E 131ST ST  (13100 S) TO E 133RD ST  (13300 S),4880.0,Street Resurfacing
10,2025,Street Speed Hump Menu,ON S GREEN BAY AVE FROM E 105TH ST  (10500 S) TO E 106TH ST  (10600 S),4880.0,Street Resurfacing
10,2025,Street Speed Hump Menu,ON S HOUSTON AVE FROM E 130TH ST  (13000 S) TO E 131ST ST  (13100 S),4880.0,Street Resurfacing
10,2025,Street Speed Hump Replacement,ON S ESCANABA AVE FROM E 85TH ST  (8500 S) TO E 86TH ST  (8600 S),0.0,Street Resurfacing
10,2025,Street Speed Hump Replacement,ON S EXCHANGE AVE FROM E 130TH ST  (13000 S) TO E 131ST ST  (13100 S),0.0,Street Resurfacing
11,2025,Alley Apron Menu,2812 S PRINCETON AVE,9296.81,Alleys
11,2025,Alley Apron Menu,842 W 34TH ST,9350.14,Alleys
11,2025,Alley Apron Menu,ON W 36TH ST FROM S LOWE AVE  (630 W) TO S WALLACE ST  (600 W),33482.96,Alleys
11,2025,Alley Resurfacing Menu,3402 S MORGAN ST; W 34TH PL &  S MORGAN ST; W 32ND PL &  S CARPENTER ST,77926.41,Alleys
11,2025,Alley Resurfacing Menu,S BONFIELD ST &  W 31ST ST&S LYMAN ST &  S KEELEY ST,4078.87,Alleys
11,2025,Alley Resurfacing Menu,S LOWE AVE &  W 25TH PL&W 26TH ST &  S WALLACE ST,37137.74,Alleys
11,2025,Alley Resurfacing Menu,S MORGAN ST &  W 32ND PL&W 32ND ST &  S ABERDEEN ST; 3216 S MORGAN ST,26667.13,Alleys
11,2025,Alley Speed Hump Menu,S ASHLAND AVE &  W 32ND ST&W 32ND PL &  S PAULINA ST,3625.0,Alleys
11,2025,Alley Speed Hump Replacement,3402 S MORGAN ST; W 34TH PL &  S MORGAN ST; W 32ND PL &  S CARPENTER ST,0.0,Alleys
11,2025,Alley Speed Hump Replacement,S LOWE AVE &  W 25TH PL&W 26TH ST &  S WALLACE ST,0.0,Alleys
11,2025,Concrete Alley Menu,W 35TH ST &  S LOWE AVE&S UNION AVE &  W 36TH ST; 3549 S UNION AVE,67028.53,Alleys
11,2025,Curb & Gutter Menu,3402 S MAY ST,15512.81,Street Resurfacing
11,2025,Curb & Gutter Menu,ON W 32ND PL FROM 1338 W TO S BENSON ST  (1320 W),87035.49,Street Resurfacing
11,2025,Floodlight Menu,424 W 42ND PL,950.0,Lighting
11,2025,Mark Sheridan Academy playground resurfacing - turf placement,533 W 27TH ST,10000.0,Parks
11,2025,Miscellaneous CDOT Projects,ON W 29TH ST FROM S HALSTED ST  (800 W) TO S POPLAR AVE  (920 W),101517.73,Misc. CDOT
11,2025,Pedestrian Refuge Island Menu,ON S CANAL ST FROM 2210 S TO S ARCHER AVE  (2300 S),50000.0,Pedestrian Infrastructure
11,2025,Sidewalk Menu,1231 W 31ST PL,3533.84,Sidewalk Repair
11,2025,Sidewalk Menu,1738 W 34TH ST,4142.11,Sidewalk Repair
11,2025,Sidewalk Menu,2223 S PRINCETON AVE,3898.83,Sidewalk Repair
11,2025,Sidewalk Menu,232 W 25TH PL,3833.87,Sidewalk Repair
11,2025,Sidewalk Menu,256 W 25TH PL,11499.78,Sidewalk Repair
11,2025,Sidewalk Menu,3055 S BROAD ST,4124.74,Sidewalk Repair
11,2025,Sidewalk Menu,336 W 25TH PL,3660.43,Sidewalk Repair
11,2025,Sidewalk Menu,3529 S UNION AVE,7254.69,Sidewalk Repair
11,2025,Sidewalk Menu,3637 S HALSTED ST,3801.36,Sidewalk Repair
11,2025,Sidewalk Menu,3640 S MARSHFIELD AVE,4178.88,Sidewalk Repair
11,2025,Sidewalk Menu,3801 S EMERALD AVE,3269.86,Sidewalk Repair
11,2025,Sidewalk Menu,3818 S LOWE AVE,2629.25,Sidewalk Repair
11,2025,Street Bump Outs Menu,W 33RD ST &  S WOOD ST,16000.0,Pedestrian Infrastructure
11,2025,Street Bump Outs Menu,W 37TH ST &  S LOWE AVE,38147.85,Pedestrian Infrastructure
11,2025,Street Cul-de-Sac Menu,W 23RD ST &  S CANAL ST,156440.0,Street Redesign
11,2025,Street Light Upgrade Menu,3408-3421 S ABERDEEN ST,500.0,Lighting
11,2025,Street Light Upgrade Menu,3741 S PARNELL AVE,500.0,Lighting
11,2025,Street Light Upgrade Menu,449 W 42ND PL,7400.0,Lighting
11,2025,Street Light Upgrade Menu,715 W 37TH ST; 3700 S UNION AVE,500.0,Lighting
11,2025,Street Resurfacing Menu,ON S LOWE AVE FROM W 37TH ST  (3700 S) TO W 38TH ST  (3800 S),69761.58,Street Resurfacing
11,2025,Street Resurfacing Menu,ON S LYMAN ST FROM S THROOP ST  (2900 S) TO S LOCK ST  (3090 S),276462.84,Street Resurfacing
11,2025,Street Resurfacing Menu,ON S MARY ST FROM S ARCHER AVE  (2700 S) TO S HOEY ST  (2730 S),22548.1,Street Resurfacing
11,2025,Street Resurfacing Menu,ON S NORMAL AVE FROM W ROOT ST  (4130 S) TO W 43RD ST  (4300 S),127802.98,Street Resurfacing
11,2025,Street Resurfacing Menu,ON W 32ND ST FROM S HALSTED ST  (800 W) TO S LITUANICA AVE  (900 W),90575.21,Street Resurfacing
11,2025,Street Speed Hump Menu,ON S LOWE AVE FROM W 33RD ST  (3300 S) TO W 35TH ST  (3500 S),9760.0,Street Resurfacing
11,2025,Street Speed Hump Menu,ON S NORMAL AVE FROM W 31ST ST  (3100 S) TO W 32ND ST  (3200 S),4880.0,Street Resurfacing
11,2025,Street Speed Hump Menu,ON S WALLACE ST FROM W ROOT ST  (4150 S) TO W 43RD ST  (4300 S),7320.0,Street Resurfacing
11,2025,Street Speed Hump Menu,ON W 37TH ST FROM 409 W TO S NORMAL AVE  (500 W),4880.0,Street Resurfacing
11,2025,Street Speed Hump Menu,ON W 38TH ST FROM 414 W TO S NORMAL AVE  (500 W),2440.0,Street Resurfacing
11,2025,Viaduct Improvement Menu,S CLARK ST &  W CERMAK RD,18778.95,Viaducts
12,2025,Alley Resurfacing Menu,S CHRISTIANA AVE &  S ARCHER AVE&W 46TH ST &  S SPAULDING AVE,70693.36,Alleys
12,2025,Alley Resurfacing Menu,S WINCHESTER AVE &  W 35TH ST&W 36TH ST &  S WOLCOTT AVE,6627.62,Alleys
12,2025,Alley Speed Hump Replacement,S CHRISTIANA AVE &  S ARCHER AVE&W 46TH ST &  S SPAULDING AVE,0.0,Alleys
12,2025,Concrete Alley Menu,S SEELEY AVE &  W 33RD ST&W 34TH ST &  S DAMEN AVE; 3345-3349 S SEELEY AVE,33803.49,Alleys
12,2025,Curb & Gutter Menu,4637 S HOMAN AVE,4301.67,Street Resurfacing
12,2025,Curb & Gutter Menu,ON S MARSHFIELD AVE FROM W 42ND ST  (4200 S) TO W 43RD ST  (4300 S),160000.0,Street Resurfacing
12,2025,Sidewalk Menu,4101 S ALBANY AVE,16295.26,Sidewalk Repair
12,2025,Sidewalk Menu,4226 S CALIFORNIA AVE,4819.31,Sidewalk Repair
12,2025,Street Cul-de-Sac Menu,ON W 36TH ST FROM S WESTERN BLVD  (2350 W) TO S WESTERN AVE  (2400 W),130000.0,Street Redesign
12,2025,Street Light Upgrade Menu,3610 S SEELEY AVE,500.0,Lighting
12,2025,Street Resurfacing Menu,ON S CAMPBELL AVE FROM S ARCHER AVE  (3800 S) TO W PERSHING RD  (3900 S),47802.51,Street Resurfacing
12,2025,Street Resurfacing Menu,ON S HAMILTON AVE FROM W 33RD ST  (3300 S) TO W 35TH ST  (3500 S),113556.34,Street Resurfacing
12,2025,Street Resurfacing Menu,ON S MARSHFIELD AVE FROM W 42ND ST  (4200 S) TO W 43RD ST  (4300 S),101730.41,Street Resurfacing
12,2025,Street Resurfacing Menu,ON S OAKLEY AVE FROM W 36TH ST  (3600 S) TO S ARCHER AVE  (3640 S); ON W 36TH ST FROM S OAKLEY AVE  (2300 W) TO S WESTERN AVE  (2400 W),82054.7,Street Resurfacing
12,2025,Street Resurfacing Menu,ON S ROCKWELL ST FROM S ARCHER AVE  (3850 S) TO W 37TH PL  (3730 S),92511.78,Street Resurfacing
12,2025,Street Resurfacing Menu,ON S SEELEY AVE FROM W 33RD ST  (3300 S) TO W 34TH ST  (3400 S),55653.68,Street Resurfacing
12,2025,Street Resurfacing Menu,ON S TALMAN AVE FROM W 42ND ST  (4200 S) TO W POPE JOHN PAUL II DR  (4300 S),65066.98,Street Resurfacing
12,2025,Street Resurfacing Menu,ON W 37TH PL FROM S ASHLAND AVE  (1600 W) TO S PAULINA ST  (1700 W),52387.13,Street Resurfacing
12,2025,Street Speed Hump Menu,ON S ALBANY AVE FROM W 41ST ST  (4100 S) TO W 41ST PL  (4130 S),2440.0,Street Resurfacing
12,2025,Street Speed Hump Menu,ON S HOYNE AVE FROM W 33RD ST  (3300 S) TO W 34TH ST  (3400 S),4880.0,Street Resurfacing
12,2025,Street Speed Hump Menu,ON S LEAVITT ST FROM W 34TH ST  (3400 S) TO W 35TH ST  (3500 S),4880.0,Street Resurfacing
12,2025,Street Speed Hump Menu,ON W 42ND PL FROM S ALBANY AVE  (3100 W) TO S KEDZIE AVE  (3200 W),4880.0,Street Resurfacing
12,2025,Street Speed Hump Replacement,ON S TALMAN AVE FROM W 42ND ST  (4200 S) TO W POPE JOHN PAUL II DR  (4300 S),0.0,Street Resurfacing
13,2025,Alley Apron Menu,5556 S KOSTNER AVE,32111.86,Alleys
13,2025,Alley Speed Hump Menu,S KILBOURN AVE &  W 58TH ST&W 59TH ST &  S KENNETH AVE; 5819 S KILBOURN AVE,3625.0,Alleys
13,2025,Concrete Alley Menu,5915 S NORMANDY AVE,2554.56,Alleys
13,2025,Concrete Alley Menu,6027 S RUTHERFORD AVE,11670.46,Alleys
13,2025,Concrete Alley Menu,6121 S KOSTNER AVE,18946.7,Alleys
13,2025,Concrete Alley Menu,6126 W 60TH ST; 6144 W 60TH ST,26823.5,Alleys
13,2025,Curb & Gutter Menu,5626 S OAK PARK AVE,15640.64,Street Resurfacing
13,2025,Curb & Gutter Menu,5702 S KEELER AVE,3991.93,Street Resurfacing
13,2025,Curb & Gutter Menu,5736 S KENNETH AVE,5624.01,Street Resurfacing
13,2025,Curb & Gutter Menu,5746 S MERRIMAC AVE,5628.59,Street Resurfacing
13,2025,Curb & Gutter Menu,5805 S NOTTINGHAM AVE; 5834 S NOTTINGHAM AVE,10768.38,Street Resurfacing
13,2025,Curb & Gutter Menu,6105 S MCVICKER AVE; 6148 S MCVICKER AVE,18229.36,Street Resurfacing
13,2025,Curb & Gutter Menu,6147 W 64TH ST,545.42,Street Resurfacing
13,2025,Curb & Gutter Menu,6155 S MOODY AVE; 6128 S MOODY AVE,8275.16,Street Resurfacing
13,2025,Curb & Gutter Menu,6159 S MONITOR AVE,11482.98,Street Resurfacing
13,2025,Curb & Gutter Menu,6243 S KOLMAR AVE,3213.93,Street Resurfacing
13,2025,Curb & Gutter Menu,6245 S RUTHERFORD AVE,5790.43,Street Resurfacing
13,2025,Curb & Gutter Menu,6504 W 60TH ST,9359.7,Street Resurfacing
13,2025,Curb & Gutter Menu,6846 W 64TH PL; 6842 W 64TH PL,13741.2,Street Resurfacing
13,2025,Curb & Gutter Menu,7055 W 64TH ST,4822.03,Street Resurfacing
13,2025,Floodlight Menu,5813-5817 S NASHVILLE AVE,1150.0,Lighting
13,2025,Floodlight Menu,5857 S MASSASOIT AVE,1150.0,Lighting
13,2025,Floodlight Menu,6158 S MOODY AVE,1150.0,Lighting
13,2025,Hale Park Improvements,6258 W 62ND ST,50000.0,Parks
13,2025,Sidewalk Menu,4249 W 59TH ST,4174.28,Sidewalk Repair
13,2025,Sidewalk Menu,4538 W 64TH PL,10662.31,Sidewalk Repair
13,2025,Sidewalk Menu,4543 W 64TH ST,8987.81,Sidewalk Repair
13,2025,Sidewalk Menu,5111 W 63RD PL,2204.16,Sidewalk Repair
13,2025,Sidewalk Menu,5524 S KARLOV AVE,3993.19,Sidewalk Repair
13,2025,Sidewalk Menu,5531 S NEW ENGLAND AVE; 5549 S NEW ENGLAND AVE,7299.99,Sidewalk Repair
13,2025,Sidewalk Menu,5540 S MERRIMAC AVE,15557.44,Sidewalk Repair
13,2025,Sidewalk Menu,5544 S RUTHERFORD AVE,8696.24,Sidewalk Repair
13,2025,Sidewalk Menu,5550 S NEWLAND AVE,3202.89,Sidewalk Repair
13,2025,Sidewalk Menu,5550 S TRIPP AVE,832.22,Sidewalk Repair
13,2025,Sidewalk Menu,5600 S NASHVILLE AVE,10657.32,Sidewalk Repair
13,2025,Sidewalk Menu,5601 S MOODY AVE; 5616 S MOODY AVE,2615.82,Sidewalk Repair
13,2025,Sidewalk Menu,5604 S SAYRE AVE,6551.67,Sidewalk Repair
13,2025,Sidewalk Menu,5612 S MASON AVE,8168.35,Sidewalk Repair
13,2025,Sidewalk Menu,5616 S MEADE AVE; 5643 S MEADE AVE,19107.63,Sidewalk Repair
13,2025,Sidewalk Menu,5633 S NATOMA AVE; 5649 S NATOMA AVE,14231.1,Sidewalk Repair
13,2025,Sidewalk Menu,5658 S NOTTINGHAM AVE,15938.51,Sidewalk Repair
13,2025,Sidewalk Menu,5700 W 63RD PL,2955.39,Sidewalk Repair
13,2025,Sidewalk Menu,5713 S MOODY AVE; 5736 S MOODY AVE,14712.74,Sidewalk Repair
13,2025,Sidewalk Menu,5724 S MERRIMAC AVE,3064.34,Sidewalk Repair
13,2025,Sidewalk Menu,5729 S NORDICA AVE,1847.12,Sidewalk Repair
13,2025,Sidewalk Menu,5738 S OAK PARK AVE,1543.68,Sidewalk Repair
13,2025,Sidewalk Menu,5746 W 59TH ST; 5754 W 59TH ST,17431.92,Sidewalk Repair
13,2025,Sidewalk Menu,5751 S NASHVILLE AVE,2945.93,Sidewalk Repair
13,2025,Sidewalk Menu,5755 W 55TH ST,3557.88,Sidewalk Repair
13,2025,Sidewalk Menu,5759 W 63RD PL,15376.17,Sidewalk Repair
13,2025,Sidewalk Menu,5805 S NORDICA AVE,2931.18,Sidewalk Repair
13,2025,Sidewalk Menu,5818 S MERRIMAC AVE,4029.58,Sidewalk Repair
13,2025,Sidewalk Menu,5818 S NEWLAND AVE,13111.42,Sidewalk Repair
13,2025,Sidewalk Menu,5819 S AUSTIN AVE,3767.03,Sidewalk Repair
13,2025,Sidewalk Menu,5842 S NATCHEZ AVE,672.54,Sidewalk Repair
13,2025,Sidewalk Menu,5915 S MOODY AVE,4193.01,Sidewalk Repair
13,2025,Sidewalk Menu,5920 S MOBILE AVE; 5914-5922 S MOBILE AVE,11882.48,Sidewalk Repair
13,2025,Sidewalk Menu,5924 S KEELER AVE,5469.96,Sidewalk Repair
13,2025,Sidewalk Menu,5949 S NATOMA AVE,4697.04,Sidewalk Repair
13,2025,Sidewalk Menu,6005 S NORMANDY AVE,5978.72,Sidewalk Repair
13,2025,Sidewalk Menu,6012 S MASON AVE,5767.47,Sidewalk Repair
13,2025,Sidewalk Menu,6027 S TRIPP AVE; 6022 S TRIPP AVE,20842.12,Sidewalk Repair
13,2025,Sidewalk Menu,6034 S MULLIGAN AVE; 6024 S MULLIGAN AVE,19216.17,Sidewalk Repair
13,2025,Sidewalk Menu,6036 S NATOMA AVE; 6042 S NATOMA AVE; 6050 S NATOMA AVE,38593.29,Sidewalk Repair
13,2025,Sidewalk Menu,6046 S KILPATRICK AVE,6656.06,Sidewalk Repair
13,2025,Sidewalk Menu,6046 S MAYFIELD AVE,5335.29,Sidewalk Repair
13,2025,Sidewalk Menu,6105 S KEELER AVE,3277.37,Sidewalk Repair
13,2025,Sidewalk Menu,6108 S RUTHERFORD AVE; 6144 S RUTHERFORD AVE,4963.35,Sidewalk Repair
13,2025,Sidewalk Menu,6113 S NAGLE AVE,4420.84,Sidewalk Repair
13,2025,Sidewalk Menu,6126 S TRIPP AVE,3935.94,Sidewalk Repair
13,2025,Sidewalk Menu,6134 S KEELER AVE,620.89,Sidewalk Repair
13,2025,Sidewalk Menu,6138 W 60TH ST,746.53,Sidewalk Repair
13,2025,Sidewalk Menu,6152 W 59TH ST; 6125 W 59TH ST,29731.73,Sidewalk Repair
13,2025,Sidewalk Menu,6200 S KEDVALE AVE; W 62ND ST &  S KEDVALE AVE,9458.61,Sidewalk Repair
13,2025,Sidewalk Menu,6208 S NEENAH AVE,4622.46,Sidewalk Repair
13,2025,Sidewalk Menu,6210 S MCVICKER AVE; 6238 S MCVICKER AVE,15047.15,Sidewalk Repair
13,2025,Sidewalk Menu,6214 W 63RD PL,6241.95,Sidewalk Repair
13,2025,Sidewalk Menu,6217 W 55TH ST,8936.53,Sidewalk Repair
13,2025,Sidewalk Menu,6219 S MENARD AVE,5236.07,Sidewalk Repair
13,2025,Sidewalk Menu,6219 S NAGLE AVE,8212.17,Sidewalk Repair
13,2025,Sidewalk Menu,6221 S NATCHEZ AVE,13682.93,Sidewalk Repair
13,2025,Sidewalk Menu,6226 W 59TH ST; S MERRIMAC AVE &  W 59TH ST,10318.23,Sidewalk Repair
13,2025,Sidewalk Menu,6243 S NASHVILLE AVE; 6245 S NASHVILLE AVE,2266.39,Sidewalk Repair
13,2025,Sidewalk Menu,6250 W 60TH ST,13035.86,Sidewalk Repair
13,2025,Sidewalk Menu,6258 W 64TH ST,5621.78,Sidewalk Repair
13,2025,Sidewalk Menu,6331 S KILDARE AVE; 6336 S KILDARE AVE,16418.71,Sidewalk Repair
13,2025,Sidewalk Menu,6346 S KEDVALE AVE,10526.96,Sidewalk Repair
13,2025,Sidewalk Menu,6354 S KARLOV AVE,3900.87,Sidewalk Repair
13,2025,Sidewalk Menu,6358 S TRIPP AVE,1304.58,Sidewalk Repair
13,2025,Sidewalk Menu,6407 S KARLOV AVE; 6441 S KARLOV AVE,8503.78,Sidewalk Repair
13,2025,Sidewalk Menu,6449 S TRIPP AVE,2577.76,Sidewalk Repair
13,2025,Sidewalk Menu,6459 W 63RD PL,4266.8,Sidewalk Repair
13,2025,Sidewalk Menu,6516 W 61ST ST,5509.49,Sidewalk Repair
13,2025,Sidewalk Menu,6532 S KNOX AVE,5709.43,Sidewalk Repair
13,2025,Sidewalk Menu,6536 W 61ST ST,12724.16,Sidewalk Repair
13,2025,Sidewalk Menu,6641 S KEDVALE AVE,3924.39,Sidewalk Repair
13,2025,Sidewalk Menu,6716 W 63RD PL,4966.74,Sidewalk Repair
13,2025,Sidewalk Menu,6732 W 64TH ST,6877.37,Sidewalk Repair
13,2025,Sidewalk Menu,7111 W 63RD PL,2305.47,Sidewalk Repair
13,2025,Sidewalk Menu,S NATCHEZ AVE &  W 63RD PL; 6500 W 63RD PL,4482.21,Sidewalk Repair
13,2025,Sidewalk Menu,W 62ND ST &  S TRIPP AVE; 6200 S TRIPP AVE,10462.81,Sidewalk Repair
13,2025,Sidewalk Menu,W 64TH ST &  S KILDARE AVE; 6400 S KILDARE AVE,5237.74,Sidewalk Repair
13,2025,Street Light Upgrade Menu,4021 W 58TH PL; 4045 W 58TH PL,1000.0,Lighting
13,2025,Street Light Upgrade Menu,4625 W 63RD ST; 4619 W 63RD ST,1000.0,Lighting
13,2025,Street Light Upgrade Menu,5543 W 64TH PL,500.0,Lighting
13,2025,Street Light Upgrade Menu,5759 W 55TH ST,500.0,Lighting
13,2025,Street Light Upgrade Menu,6040 S KOMENSKY AVE,500.0,Lighting
13,2025,Street Light Upgrade Menu,6232 W 63RD ST; 6300 W 63RD ST; 6252 W 63RD ST; 6324 W 63RD ST,2000.0,Lighting
13,2025,Street Light Upgrade Menu,6400 S LAPORTE AVE,500.0,Lighting
13,2025,Street Resurfacing Menu,ON S KILDARE AVE FROM W 56TH ST  (5600 S) TO W 57TH ST  (5700 S),56898.57,Street Resurfacing
13,2025,Street Resurfacing Menu,ON S KILDARE AVE FROM W 66TH ST  (6600 S) TO W MARQUETTE RD  (6700 S),61749.35,Street Resurfacing
13,2025,Street Resurfacing Menu,ON S KNOX AVE FROM W 66TH ST  (6600 S) TO W MARQUETTE RD  (6700 S),55965.53,Street Resurfacing
13,2025,Street Resurfacing Menu,ON S NEWCASTLE AVE FROM W 57TH ST  (5700 S) TO W 59TH ST  (5899 S),105451.37,Street Resurfacing
13,2025,Street Resurfacing Menu,ON S NEW ENGLAND AVE FROM W 56TH ST  (5600 S) TO W 57TH ST  (5700 S),54638.03,Street Resurfacing
13,2025,Street Resurfacing Menu,ON S NORDICA AVE FROM W ARCHER AVE  (5500 S) TO W 56TH ST  (5600 S),53400.95,Street Resurfacing
13,2025,Street Resurfacing Menu,ON S NOTTINGHAM AVE FROM W 58TH ST  (5800 S) TO W 59TH ST  (5899 S),55045.08,Street Resurfacing
13,2025,Street Resurfacing Menu,ON S RUTHERFORD AVE FROM W ARCHER AVE  (5500 S) TO W 56TH ST  (5600 S),58002.44,Street Resurfacing
13,2025,Street Resurfacing Menu,ON S SAYRE AVE FROM W 56TH ST  (5600 S) TO W 57TH ST  (5700 S),54549.95,Street Resurfacing
13,2025,Street Speed Hump Menu,ON S LINDER AVE FROM W 64TH PL  (6430 S) TO W 65TH ST  (6500 S),2440.0,Street Resurfacing
13,2025,Street Speed Hump Replacement,ON S KILDARE AVE FROM W 66TH ST  (6600 S) TO W MARQUETTE RD  (6700 S),0.0,Street Resurfacing
13,2025,Street Speed Hump Replacement,ON S KNOX AVE FROM W 66TH ST  (6600 S) TO W MARQUETTE RD  (6700 S),0.0,Street Resurfacing
13,2025,Wentworth Park Improvements,5625 S MOBILE AVE,50000.0,Parks
14,2025,Alley Apron Menu,2957 W 53RD ST,29378.11,Alleys
14,2025,Alley Apron Menu,3143 W 54TH PL,17036.61,Alleys
14,2025,Alley Apron Menu,3355 W 65TH PL,22859.8,Alleys
14,2025,Alley Apron Menu,5400 S FRANCISCO AVE,28029.63,Alleys
14,2025,Alley Resurfacing Menu,S FRANCISCO AVE &  W 53RD ST&W 54TH ST &  S MOZART ST,42668.94,Alleys
14,2025,Alley Resurfacing Menu,S KEDZIE AVE &  W 56TH ST&S SAWYER AVE &  W 55TH ST; 5543-5559 S SAWYER AVE,10534.75,Alleys
14,2025,Alley Resurfacing Menu,W 51ST ST &  S WASHTENAW AVE&S FAIRFIELD AVE &  W 52ND ST,56029.91,Alleys
14,2025,Alley Resurfacing Menu,W 52ND ST &  S FAIRFIELD AVE&S CALIFORNIA AVE &  W 53RD ST,5790.45,Alleys
14,2025,Alley Resurfacing Menu,W 53RD ST &  S FAIRFIELD AVE&S CALIFORNIA AVE &  W 54TH ST,47689.1,Alleys
14,2025,Alley Speed Hump Menu,W 53RD ST &  S FAIRFIELD AVE&S CALIFORNIA AVE &  W 54TH ST,0.0,Alleys
14,2025,Alley Speed Hump Replacement,S FRANCISCO AVE &  W 53RD ST&W 54TH ST &  S MOZART ST,0.0,Alleys
14,2025,Alley Speed Hump Replacement,S KEDZIE AVE &  W 56TH ST&S SAWYER AVE &  W 55TH ST; 5558 S KEDZIE AVE,0.0,Alleys
14,2025,Alley Speed Hump Replacement,W 51ST ST &  S WASHTENAW AVE&S FAIRFIELD AVE &  W 52ND ST,0.0,Alleys
14,2025,Curb & Gutter Menu,5084 S ARCHER AVE,1086.4,Street Resurfacing
14,2025,Curb & Gutter Menu,5640 S SPAULDING AVE,3015.97,Street Resurfacing
14,2025,Diagonal Parking Menu,ON S HOMAN AVE FROM 5443 S TO W 55TH ST  (5500 S),44249.62,Street Redesign
14,2025,Miscellaneous CDOT Projects,5426 S ST LOUIS AVE,660.0,Misc. CDOT
14,2025,Sidewalk Menu,3301 W 65TH ST,9118.77,Sidewalk Repair
14,2025,Sidewalk Menu,3401 W 60TH ST,13416.43,Sidewalk Repair
14,2025,Sidewalk Menu,3402-3410 W 60TH PL,17278.37,Sidewalk Repair
14,2025,Sidewalk Menu,3432-3436 W 62ND ST,6815.96,Sidewalk Repair
14,2025,Sidewalk Menu,3441 W 60TH PL,7189.43,Sidewalk Repair
14,2025,Sidewalk Menu,3456 W 65TH ST,14852.72,Sidewalk Repair
14,2025,Sidewalk Menu,4317-4325 S KEDVALE AVE,9260.05,Sidewalk Repair
14,2025,Sidewalk Menu,4518 S AVERS AVE,7456.38,Sidewalk Repair
14,2025,Sidewalk Menu,4536 S KOMENSKY AVE,6773.77,Sidewalk Repair
14,2025,Sidewalk Menu,4701 S RIDGEWAY AVE,10115.53,Sidewalk Repair
14,2025,Sidewalk Menu,5201 S ALBANY AVE,7359.48,Sidewalk Repair
14,2025,Sidewalk Menu,5257 S TRUMBULL AVE,14803.09,Sidewalk Repair
14,2025,Sidewalk Menu,5401 S FRANCISCO AVE,5872.38,Sidewalk Repair
14,2025,Sidewalk Menu,5412 S CHRISTIANA AVE,12234.55,Sidewalk Repair
14,2025,Sidewalk Menu,5703-5707 S SAWYER AVE,6688.28,Sidewalk Repair
14,2025,Sidewalk Menu,5725 S SAWYER AVE,6306.23,Sidewalk Repair
14,2025,Sidewalk Menu,5808 S TRUMBULL AVE,3980.53,Sidewalk Repair
14,2025,Sidewalk Menu,5859 S WHIPPLE ST,14531.13,Sidewalk Repair
14,2025,Sidewalk Menu,5915-5923 S KEDZIE AVE,113427.36,Sidewalk Repair
14,2025,Sidewalk Menu,5919 S SPAULDING AVE,4469.37,Sidewalk Repair
14,2025,Sidewalk Menu,5958 S SAWYER AVE,7762.69,Sidewalk Repair
14,2025,Sidewalk Menu,6542-6544 S TROY ST,4123.55,Sidewalk Repair
14,2025,Sidewalk Menu,S SAWYER AVE &  W 60TH ST,3206.78,Sidewalk Repair
14,2025,Street Resurfacing Menu,ON S HOMAN AVE FROM W 57TH ST  (5700 S) TO W 58TH ST  (5800 S),60721.77,Street Resurfacing
14,2025,Street Resurfacing Menu,ON S KEELER AVE FROM W 50TH ST  (5000 S) TO S ARCHER AVE  (5050 S),37286.57,Street Resurfacing
14,2025,Street Resurfacing Menu,ON S MAPLEWOOD AVE FROM W 52ND ST  (5200 S) TO W 53RD ST  (5300 S),58712.93,Street Resurfacing
14,2025,Street Resurfacing Menu,ON S WHIPPLE ST FROM W 47TH ST  (4700 S) TO W 48TH PL  (4832 S),90251.1,Street Resurfacing
14,2025,Street Resurfacing Menu,ON W 49TH ST FROM S KEDVALE AVE  (4130 W) TO S KEELER AVE  (4200 W),46929.78,Street Resurfacing
14,2025,Street Resurfacing Menu,ON W 57TH PL FROM S ST LOUIS AVE  (3500 W) TO S CENTRAL PARK AVE  (3600 W),62432.9,Street Resurfacing
14,2025,Street Resurfacing Menu,ON W 58TH ST FROM S HOMAN AVE  (3400 W) TO S TRUMBULL AVE  (3430 W),25446.73,Street Resurfacing
14,2025,Street Resurfacing Menu,ON W 58TH ST FROM S TRUMBULL AVE  (3430 W) TO S CENTRAL PARK AVE  (3600 W),105059.95,Street Resurfacing
14,2025,Street Resurfacing Menu,ON W 60TH PL FROM S CENTRAL PARK AVE  (3600 W) TO S HOMAN AVE  (3400 W),120501.84,Street Resurfacing
14,2025,Street Resurfacing Menu,ON W 60TH ST FROM S HOMAN AVE  (3400 W) TO S ST LOUIS AVE  (3500 W),65616.71,Street Resurfacing
14,2025,Street Resurfacing Menu,ON W 61ST PL FROM S ST LOUIS AVE  (3500 W) TO S CENTRAL PARK AVE  (3600 W),53958.78,Street Resurfacing
14,2025,Street Resurfacing Menu,ON W 61ST PL FROM S ST LOUIS AVE  (3500 W) TO S HOMAN AVE  (3400 W),58566.13,Street Resurfacing
14,2025,Street Resurfacing Menu,ON W 62ND PL FROM S HOMAN AVE  (3400 W) TO S ST LOUIS AVE  (3500 W),56534.46,Street Resurfacing
14,2025,Street Speed Hump Menu,ON S MAPLEWOOD AVE FROM W 52ND ST  (5200 S) TO W 53RD ST  (5300 S),4880.0,Street Resurfacing
14,2025,Street Speed Hump Menu,ON S ST LOUIS AVE FROM W 57TH ST  (5700 S) TO W 60TH ST  (6000 S),12200.0,Street Resurfacing
14,2025,Street Speed Hump Menu,ON W 58TH ST FROM S CHRISTIANA AVE  (3330 W) TO S SPAULDING AVE  (3300 W),2440.0,Street Resurfacing
14,2025,Street Speed Hump Menu,ON W 58TH ST FROM S TRUMBULL AVE  (3430 W) TO S ST LOUIS AVE  (3500 W),2440.0,Street Resurfacing
14,2025,Street Speed Hump Replacement,ON S HOMAN AVE FROM W 57TH ST  (5700 S) TO W 58TH ST  (5800 S),0.0,Street Resurfacing
14,2025,Street Speed Hump Replacement,ON W 58TH ST FROM S TRUMBULL AVE  (3430 W) TO S CENTRAL PARK AVE  (3600 W),0.0,Street Resurfacing
14,2025,Street Speed Hump Replacement,ON W 60TH PL FROM S CENTRAL PARK AVE  (3600 W) TO S HOMAN AVE  (3400 W),0.0,Street Resurfacing
14,2025,Street Speed Hump Replacement,ON W 60TH ST FROM S HOMAN AVE  (3400 W) TO S ST LOUIS AVE  (3500 W),0.0,Street Resurfacing
15,2025,Alley Resurfacing Menu,S SACRAMENTO AVE &  W 66TH ST&W MARQUETTE RD &  S WHIPPLE ST,28372.23,Alleys
15,2025,Alley Resurfacing Menu,W 43RD ST &  S ASHLAND AVE&S MARSHFIELD AVE &  W 44TH ST,48863.33,Alleys
15,2025,Alley Resurfacing Menu,W 44TH ST &  S NORMAL AVE&S WALLACE ST &  W 44TH PL,42870.95,Alleys
15,2025,Alley Resurfacing Menu,W 45TH PL &  S NORMAL AVE&S WALLACE ST &  W 46TH ST,28487.94,Alleys
15,2025,Alley Resurfacing Menu,W 47TH ST &  S DAMEN AVE&S SEELEY AVE &  W 48TH ST,42885.25,Alleys
15,2025,Alley Resurfacing Menu,W 47TH ST &  S HONORE ST&S WOLCOTT AVE &  W 48TH ST; 1841 W 47TH ST,52742.5,Alleys
15,2025,Alley Resurfacing Menu,W 50TH PL &  S OAKLEY AVE&S WESTERN BLVD &  W 51ST ST,29726.28,Alleys
15,2025,Alley Resurfacing Menu,W 54TH ST &  S MAPLEWOOD AVE&S ROCKWELL ST &  W 55TH ST,47888.79,Alleys
15,2025,Alley Resurfacing Menu,W 62ND ST &  S WHIPPLE ST&S ALBANY AVE &  W 63RD ST,40769.72,Alleys
15,2025,Alley Resurfacing Menu,W 64TH ST &  S ALBANY AVE&S TROY ST &  W 65TH ST,35041.17,Alleys
15,2025,Alley Resurfacing Menu,W 64TH ST &  S CALIFORNIA AVE&S MOZART ST &  W 65TH ST,36227.35,Alleys
15,2025,Alley Resurfacing Menu,W 64TH ST &  S MOZART ST&S FRANCISCO AVE &  W 65TH ST,34979.37,Alleys
15,2025,Alley Resurfacing Menu,W 66TH ST &  S ALBANY AVE&S TROY ST &  W MARQUETTE RD,27451.61,Alleys
15,2025,Alley Speed Hump Menu,S SACRAMENTO AVE &  W 66TH ST&W MARQUETTE RD &  S WHIPPLE ST,0.0,Alleys
15,2025,Alley Speed Hump Menu,S WESTERN AVE &  W 46TH PL&W 46TH ST &  S ROCKWELL ST,5800.0,Alleys
15,2025,Alley Speed Hump Menu,S WOLCOTT AVE &  W 65TH ST&W 66TH ST &  S HONORE ST,1450.0,Alleys
15,2025,Alley Speed Hump Menu,W 55TH ST &  S WASHTENAW AVE&S FAIRFIELD AVE &  W 56TH ST,2175.0,Alleys
15,2025,Alley Speed Hump Menu,W 56TH ST &  S ARTESIAN AVE&S CAMPBELL AVE &  W 57TH ST,2175.0,Alleys
15,2025,Alley Speed Hump Menu,W 58TH ST &  S CALIFORNIA AVE&S FAIRFIELD AVE &  W 59TH ST,2900.0,Alleys
15,2025,Alley Speed Hump Replacement,W 43RD ST &  S ASHLAND AVE&S MARSHFIELD AVE &  W 44TH ST,0.0,Alleys
15,2025,Alley Speed Hump Replacement,W 44TH ST &  S NORMAL AVE&S WALLACE ST &  W 44TH PL,0.0,Alleys
15,2025,Alley Speed Hump Replacement,W 45TH PL &  S NORMAL AVE&S WALLACE ST &  W 46TH ST,0.0,Alleys
15,2025,Alley Speed Hump Replacement,W 47TH ST &  S DAMEN AVE&S SEELEY AVE &  W 48TH ST,0.0,Alleys
15,2025,Alley Speed Hump Replacement,W 47TH ST &  S HONORE ST&S WOLCOTT AVE &  W 48TH ST; 1841 W 47TH ST,0.0,Alleys
15,2025,Alley Speed Hump Replacement,W 54TH ST &  S MAPLEWOOD AVE&S ROCKWELL ST &  W 55TH ST,0.0,Alleys
15,2025,Alley Speed Hump Replacement,W 62ND ST &  S WHIPPLE ST&S ALBANY AVE &  W 63RD ST,0.0,Alleys
15,2025,Alley Speed Hump Replacement,W 64TH ST &  S CALIFORNIA AVE&S MOZART ST &  W 65TH ST,0.0,Alleys
15,2025,Alley Speed Hump Replacement,W 66TH ST &  S ALBANY AVE&S TROY ST &  W MARQUETTE RD,0.0,Alleys
15,2025,Bollard Menu,2501 W 54TH ST,2833.58,Pedestrian Infrastructure
15,2025,Bollard Menu,4501 S WALLACE ST,1455.73,Pedestrian Infrastructure
15,2025,Sidewalk Menu,2834 W 57TH ST,33102.09,Sidewalk Repair
15,2025,Sidewalk Menu,5640 S SEELEY AVE,3393.26,Sidewalk Repair
15,2025,Sidewalk Menu,5654 S WASHTENAW AVE,11379.86,Sidewalk Repair
15,2025,Sidewalk Menu,5658 S CAMPBELL AVE,14946.01,Sidewalk Repair
15,2025,Sidewalk Menu,5700 S MOZART ST,18393.3,Sidewalk Repair
15,2025,Sidewalk Menu,5920 S HERMITAGE AVE,4818.26,Sidewalk Repair
15,2025,Sidewalk Menu,6345 S HERMITAGE AVE,4617.29,Sidewalk Repair
15,2025,Sidewalk Menu,6427 S SACRAMENTO AVE,8939.13,Sidewalk Repair
15,2025,Street Bump Outs Menu,W 49TH ST &  S HALSTED ST,26831.75,Pedestrian Infrastructure
15,2025,Street Light Residential Staggered Piggy Back Menu,ON S MOZART ST FROM W 65TH ST  (6500 S) TO W MARQUETTE RD  (6700 S),370000.0,Lighting
15,2025,Street Light Upgrade Menu,5023 S HOYNE AVE,500.0,Lighting
15,2025,Street Light Upgrade Menu,5702 S DAMEN AVE; 5715 S DAMEN AVE; 5740 S DAMEN AVE,1500.0,Lighting
15,2025,Street Light Upgrade Menu,5816 S HONORE ST,500.0,Lighting
15,2025,Street Light Upgrade Menu,W 51ST ST &  S CENTRAL PARK AVE&S WESTERN AVE &  W 73RD ST,178555.35,Lighting
15,2025,Street Resurfacing Menu,ON S FRANCISCO AVE FROM W 57TH ST  (5700 S) TO W 59TH ST  (5900 S),118325.11,Street Resurfacing
15,2025,Street Resurfacing Menu,ON W 56TH ST FROM S ROCKWELL ST  (2600 W) TO S WASHTENAW AVE  (2700 W),74756.14,Street Resurfacing
15,2025,Street Resurfacing Menu,ON W 57TH ST FROM S WASHTENAW AVE  (2700 W) TO S FAIRFIELD AVE  (2730 W),26940.08,Street Resurfacing
15,2025,Street Resurfacing Menu,ON W 64TH ST FROM S SACRAMENTO AVE  (3000 W) TO S WHIPPLE ST  (3030 W),23957.35,Street Resurfacing
15,2025,Street Speed Hump Menu,ON S ARTESIAN AVE FROM W 54TH ST  (5400 S) TO W 55TH ST  (5500 S),2440.0,Street Resurfacing
15,2025,Street Speed Hump Menu,ON S FAIRFIELD AVE FROM W 55TH ST  (5500 S) TO W 57TH ST  (5700 S),4880.0,Street Resurfacing
15,2025,Street Speed Hump Menu,ON S FAIRFIELD AVE FROM W 58TH ST  (5800 S) TO W 59TH ST  (5900 S),4880.0,Street Resurfacing
15,2025,Street Speed Hump Menu,ON S HERMITAGE AVE FROM W 64TH ST  (6400 S) TO W 65TH ST  (6500 S),962.19,Street Resurfacing
15,2025,Street Speed Hump Menu,ON S MAPLEWOOD AVE FROM W 50TH ST  (5000 S) TO W 51ST ST  (5100 S),4880.0,Street Resurfacing
15,2025,Street Speed Hump Menu,ON S RICHMOND ST FROM W 61ST ST  (6100 S) TO W 62ND ST  (6200 S),4880.0,Street Resurfacing
15,2025,Street Speed Hump Menu,ON S TALMAN AVE FROM W 55TH ST  (5500 S) TO W 56TH ST  (5600 S),4880.0,Street Resurfacing
15,2025,Street Speed Hump Menu,ON S WHIPPLE ST FROM W 60TH ST  (6000 S) TO W 61ST ST  (6100 S); 6000 S WHIPPLE ST,324.65,Street Resurfacing
15,2025,Street Speed Hump Replacement,ON S FRANCISCO AVE FROM W 57TH ST  (5700 S) TO W 59TH ST  (5900 S),0.0,Street Resurfacing
15,2025,Street Speed Hump Replacement,ON W 56TH ST FROM S ROCKWELL ST  (2600 W) TO S WASHTENAW AVE  (2700 W),0.0,Street Resurfacing
16,2025,Alley Resurfacing Menu,5414 S HONORE ST; W 54TH ST &  S HONORE ST&S WOLCOTT AVE &  W GARFIELD BLVD,53548.23,Alleys
16,2025,Alley Resurfacing Menu,S HALSTED ST &  W 59TH ST&W 60TH ST &  S GREEN ST,54598.85,Alleys
16,2025,Alley Resurfacing Menu,S HOYNE AVE &  W 66TH ST&W MARQUETTE RD &  S SEELEY AVE,38052.8,Alleys
16,2025,Alley Resurfacing Menu,S ROCKWELL ST &  W 60TH ST&W 61ST ST &  S TALMAN AVE,57665.67,Alleys
16,2025,Alley Resurfacing Menu,S WOLCOTT AVE &  W 52ND ST&W 53RD ST &  S WINCHESTER AVE,32754.53,Alleys
16,2025,Alley Resurfacing Menu,W 51ST ST &  S WINCHESTER AVE&S DAMEN AVE &  W 52ND ST; 1935-1953 W 51ST ST,40289.61,Alleys
16,2025,Alley Resurfacing Menu,W 51ST ST &  S WOLCOTT AVE&S WINCHESTER AVE &  W 52ND ST,39954.35,Alleys
16,2025,Alley Resurfacing Menu,W 56TH ST &  S ADA ST&S LOOMIS BLVD &  W 57TH ST,47615.34,Alleys
16,2025,Alley Resurfacing Menu,W 61ST ST &  S LOOMIS BLVD&S ADA ST &  W 62ND ST,35980.15,Alleys
16,2025,Alley Resurfacing Menu,W 63RD ST &  S CAMPBELL AVE&S ARTESIAN AVE &  W 64TH ST,32305.31,Alleys
16,2025,Alley Resurfacing Menu,W 63RD ST &  S CLAREMONT AVE&S WESTERN AVE &  W 64TH ST,38903.73,Alleys
16,2025,Alley Resurfacing Menu,W 66TH ST &  S ARTESIAN AVE&S CAMPBELL AVE &  W MARQUETTE RD,34634.81,Alleys
16,2025,Alley Resurfacing Menu,W 66TH ST &  S WASHTENAW AVE&S TALMAN AVE &  W MARQUETTE RD,35858.86,Alleys
16,2025,Alley Resurfacing Menu,W 68TH ST &  S CAMPBELL AVE&S MAPLEWOOD AVE &  W LITHUANIAN PLAZA CT,32645.21,Alleys
16,2025,Alley Speed Hump Replacement,S ROCKWELL ST &  W 60TH ST&W 61ST ST &  S TALMAN AVE,0.0,Alleys
16,2025,Alley Speed Hump Replacement,W 51ST ST &  S WINCHESTER AVE&S DAMEN AVE &  W 52ND ST; 1935-1953 W 51ST ST,0.0,Alleys
16,2025,Alley Speed Hump Replacement,W 61ST ST &  S LOOMIS BLVD&S ADA ST &  W 62ND ST,0.0,Alleys
16,2025,Alley Speed Hump Replacement,W 66TH ST &  S ARTESIAN AVE&S CAMPBELL AVE &  W MARQUETTE RD,0.0,Alleys
16,2025,Arterial Street Bump Outs Menu,S RACINE AVE &  W 69TH ST,83591.64,Pedestrian Infrastructure
16,2025,Miscellaneous CDOT Projects,6241 S LOOMIS BLVD,369.82,Misc. CDOT
16,2025,Sidewalk Menu,5200 S LAFLIN ST,16692.02,Sidewalk Repair
16,2025,Sidewalk Menu,5400 S WINCHESTER AVE,16776.13,Sidewalk Repair
16,2025,Sidewalk Menu,6001 S TALMAN AVE,18090.31,Sidewalk Repair
16,2025,Sidewalk Menu,6354 S TALMAN AVE,5350.26,Sidewalk Repair
16,2025,Street Light Upgrade Menu,2015-2017 W 51ST ST,500.0,Lighting
16,2025,Street Resurfacing Menu,ON S ADA ST FROM W 61ST ST  (6100 S) TO W 64TH ST  (6400 S),170207.02,Street Resurfacing
16,2025,Street Resurfacing Menu,ON S HONORE ST FROM W 54TH ST  (5400 S) TO W GARFIELD BLVD  (5500 S),59518.03,Street Resurfacing
16,2025,Street Resurfacing Menu,ON S JUSTINE ST FROM W 51ST ST  (5100 S) TO W 52ND ST  (5200 S),55489.46,Street Resurfacing
16,2025,Street Resurfacing Menu,ON S MAPLEWOOD AVE FROM W 63RD ST  (6300 S) TO W 65TH ST  (6500 S),103968.6,Street Resurfacing
16,2025,Street Resurfacing Menu,ON S MARSHFIELD AVE FROM W 60TH ST  (6000 S) TO W 61ST ST  (6100 S),46841.52,Street Resurfacing
16,2025,Street Resurfacing Menu,ON S MARSHFIELD AVE FROM W GARFIELD BLVD  (5500 S) TO W 56TH ST  (5600 S),41621.98,Street Resurfacing
16,2025,Street Resurfacing Menu,ON W 60TH PL FROM S UNION AVE  (700 W) TO S HALSTED ST  (800 W),65555.04,Street Resurfacing
16,2025,Street Speed Hump Menu,ON S HOYNE AVE FROM W 66TH ST  (6600 S) TO W MARQUETTE RD  (6700 S),4880.0,Street Resurfacing
16,2025,Street Speed Hump Menu,ON S JUSTINE ST FROM W 51ST ST  (5100 S) TO W 52ND ST  (5200 S),4880.0,Street Resurfacing
16,2025,Street Speed Hump Menu,ON S MAY ST FROM W MARQUETTE RD  (6700 S) TO W 69TH ST  (6900 S),9760.0,Street Resurfacing
16,2025,Street Speed Hump Menu,ON S MORGAN ST FROM W 65TH ST  (6500 S) TO W 66TH ST  (6600 S),4880.0,Street Resurfacing
16,2025,Street Speed Hump Menu,ON W 53RD PL FROM 2151 W TO S DAMEN AVE  (2000 W),4880.0,Street Resurfacing
16,2025,Street Speed Hump Replacement,ON S ADA ST FROM W 61ST ST  (6100 S) TO W 64TH ST  (6400 S),0.0,Street Resurfacing
16,2025,Street Speed Hump Replacement,ON S HONORE ST FROM W 54TH ST  (5400 S) TO W GARFIELD BLVD  (5500 S),0.0,Street Resurfacing
16,2025,Street Speed Hump Replacement,ON S MAPLEWOOD AVE FROM W 63RD ST  (6300 S) TO W 65TH ST  (6500 S),0.0,Street Resurfacing
16,2025,Street Speed Hump Replacement,ON S MARSHFIELD AVE FROM W 60TH ST  (6000 S) TO W 61ST ST  (6100 S),0.0,Street Resurfacing
16,2025,Street Speed Hump Replacement,ON W 60TH PL FROM S UNION AVE  (700 W) TO S HALSTED ST  (800 W),0.0,Street Resurfacing
17,2025,Alley Resurfacing Menu,W 70TH ST &  S HOYNE AVE&S HAMILTON AVE &  W 70TH PL,21860.94,Alleys
17,2025,Curb & Gutter Menu,1818 W 78TH ST,31825.68,Street Resurfacing
17,2025,Curb & Gutter Menu,ON W 84TH ST FROM S ELIZABETH ST  (1230 W) TO S LOOMIS BLVD  (1400 W),8036.59,Street Resurfacing
17,2025,Miscellaneous CDOT Projects,6944-6948 S BELL AVE,300.0,Misc. CDOT
17,2025,Miscellaneous CDOT Projects,732 W 79TH ST; 8140 S RACINE AVE; 7751 S EMERALD AVE,1245.97,Misc. CDOT
17,2025,Sidewalk Menu,2139-2141 W 72ND ST,9366.79,Sidewalk Repair
17,2025,Sidewalk Menu,450 W WINNECONNA PKWY,28138.19,Sidewalk Repair
17,2025,Sidewalk Menu,6904 S TALMAN AVE,16732.93,Sidewalk Repair
17,2025,Sidewalk Menu,6958 S FAIRFIELD AVE,24433.61,Sidewalk Repair
17,2025,Sidewalk Menu,7700 S ABERDEEN ST,160785.79,Sidewalk Repair
17,2025,Sidewalk Menu,8100 S MORGAN ST,583.53,Sidewalk Repair
17,2025,Sidewalk Menu,8156 S MAY ST,34079.6,Sidewalk Repair
17,2025,Street Light Upgrade Menu,2100 W 72ND ST,3700.0,Lighting
17,2025,Street Resurfacing Menu,ON S ELIZABETH ST FROM W 86TH ST  (8600 S) TO W 87TH ST  (8700 S),53952.97,Street Resurfacing
17,2025,Street Resurfacing Menu,ON S EMERALD AVE FROM W 74TH ST  (7400 S) TO W 76TH ST  (7600 S),100254.73,Street Resurfacing
17,2025,Street Resurfacing Menu,ON S HERMITAGE AVE FROM W 68TH ST  (6800 S) TO W 69TH ST  (6900 S),56068.48,Street Resurfacing
17,2025,Street Resurfacing Menu,ON S HERMITAGE AVE FROM W 72ND ST  (7200 S) TO W 73RD ST  (7300 S),56417.02,Street Resurfacing
17,2025,Street Resurfacing Menu,ON S LAFLIN ST FROM W 69TH ST  (6900 S) TO W 71ST ST  (7100 S),113068.92,Street Resurfacing
17,2025,Street Resurfacing Menu,ON S PAULINA ST FROM W 72ND ST  (7200 S) TO W 73RD ST  (7300 S),53489.03,Street Resurfacing
17,2025,Street Resurfacing Menu,ON S PAULINA ST FROM W 81ST ST  (8100 S) TO W 82ND ST  (8200 S),53964.41,Street Resurfacing
17,2025,Street Resurfacing Menu,ON S SPAULDING AVE FROM W 72ND ST  (7200 S) TO W 73RD ST  (7300 S),53434.29,Street Resurfacing
17,2025,Street Resurfacing Menu,ON S THROOP ST FROM W 70TH ST  (7000 S) TO W 71ST ST  (7100 S),60193.3,Street Resurfacing
17,2025,Street Resurfacing Menu,ON S THROOP ST FROM W MARQUETTE RD  (6700 S) TO W 68TH ST  (6800 S),67740.58,Street Resurfacing
17,2025,Street Resurfacing Menu,ON S UNION AVE FROM W 78TH ST  (7800 S) TO W 79TH ST  (7900 S),55683.03,Street Resurfacing
17,2025,Street Resurfacing Menu,ON S WALLACE ST FROM W 76TH ST  (7600 S) TO W 79TH ST  (7900 S),126199.23,Street Resurfacing
17,2025,Street Resurfacing Menu,ON W 72ND ST FROM S PAULINA ST  (1700 W) TO S DAMEN AVE  (2000 W),259429.3,Street Resurfacing
17,2025,Street Speed Hump Menu,ON S UNION AVE FROM W 78TH ST  (7800 S) TO W 79TH ST  (7900 S),4880.0,Street Resurfacing
17,2025,Street Speed Hump Replacement,ON S THROOP ST FROM W 70TH ST  (7000 S) TO W 71ST ST  (7100 S),0.0,Street Resurfacing
17,2025,Street Speed Hump Replacement,ON S THROOP ST FROM W MARQUETTE RD  (6700 S) TO W 68TH ST  (6800 S),0.0,Street Resurfacing
17,2025,Street Speed Hump Replacement,ON W 72ND ST FROM S PAULINA ST  (1700 W) TO S DAMEN AVE  (2000 W),0.0,Street Resurfacing
18,2025,Curb & Gutter Menu,8055 S TALMAN AVE,7220.05,Street Resurfacing
18,2025,Miscellaneous CDOT Projects,1701 W 87TH ST,660.0,Misc. CDOT
18,2025,Sidewalk Menu,3642 W 80TH ST,4664.73,Sidewalk Repair
18,2025,Sidewalk Menu,3757 W 82ND PL,29993.96,Sidewalk Repair
18,2025,Sidewalk Menu,3828 W 77TH PL,11970.14,Sidewalk Repair
18,2025,Sidewalk Menu,3845 W 82ND ST,8239.66,Sidewalk Repair
18,2025,Sidewalk Menu,3939 W 85TH PL,6329.21,Sidewalk Repair
18,2025,Sidewalk Menu,ON S CHRISTIANA AVE FROM W 81ST ST  (8100 S) TO W 82ND ST  (8200 S),60180.8,Sidewalk Repair
18,2025,Sidewalk Menu,ON S HAMILTON AVE FROM W 76TH ST  (7600 S) TO W 78TH ST  (7810 S),25525.37,Sidewalk Repair
18,2025,Sidewalk Menu,ON W 79TH PL FROM S CENTRAL PARK AVE  (3600 W) TO S LAWNDALE AVE  (3700 W),160940.8,Sidewalk Repair
18,2025,Street Cul-de-Sac Menu,S KILBOURN AVE &  W 87TH ST; 8642 S KILBOURN AVE,44952.25,Street Redesign
18,2025,Street Resurfacing Menu,ON S HAMILTON AVE FROM 8425 S TO W 84TH ST  (8400 S),41683.49,Street Resurfacing
18,2025,Street Resurfacing Menu,ON S KILDARE AVE FROM W 85TH ST  (8500 S) TO W 87TH ST  (8700 S),110510.99,Street Resurfacing
18,2025,Street Resurfacing Menu,ON S KOLMAR AVE FROM W 85TH ST  (8500 S) TO W 86TH ST  (8600 S),53904.04,Street Resurfacing
18,2025,Street Resurfacing Menu,ON S KOSTNER AVE FROM W 85TH ST  (8500 S) TO W 86TH ST  (8600 S),54189.68,Street Resurfacing
18,2025,Street Resurfacing Menu,ON S PAULINA ST FROM W 88TH ST  (8800 S) TO W 89TH ST  (8900 S),71825.64,Street Resurfacing
18,2025,Street Resurfacing Menu,ON S SPRINGFIELD AVE FROM W 86TH PL  (8630 S) TO W 87TH ST  (8700 S),24278.21,Street Resurfacing
18,2025,Street Resurfacing Menu,ON S TALMAN AVE FROM W 79TH ST  (7900 S) TO W 80TH ST  (8000 S),59369.98,Street Resurfacing
18,2025,Street Resurfacing Menu,ON S TROY ST FROM W 72ND ST  (7200 S) TO W 73RD ST  (7300 S),54223.02,Street Resurfacing
18,2025,Street Resurfacing Menu,ON S TRUMBULL AVE FROM W 78TH ST  (7800 S) TO W 79TH ST  (7900 S),50619.78,Street Resurfacing
18,2025,Street Resurfacing Menu,ON S WASHTENAW AVE FROM W 82ND ST  (8200 S) TO W 83RD ST  (8300 S),57415.25,Street Resurfacing
18,2025,Street Resurfacing Menu,ON S WHIPPLE ST FROM W 79TH ST  (7900 S) TO W 80TH ST  (8000 S),54344.43,Street Resurfacing
18,2025,Street Resurfacing Menu,ON W 77TH PL FROM S RIDGEWAY AVE  (3750 W) TO S HAMLIN AVE  (3800 W),45256.4,Street Resurfacing
18,2025,Street Resurfacing Menu,ON W 79TH PL FROM S OAKLEY AVE  (2300 W) TO S WESTERN AVE  (2400 W),50846.68,Street Resurfacing
18,2025,Street Resurfacing Menu,ON W 80TH PL FROM S OAKLEY AVE  (2300 W) TO S WESTERN AVE  (2400 W),53870.7,Street Resurfacing
18,2025,Street Resurfacing Menu,ON W 81ST ST FROM 2216 W TO S OAKLEY AVE  (2300 W),38431.59,Street Resurfacing
18,2025,Street Resurfacing Menu,ON W 82ND ST FROM S FRANCISCO AVE  (2900 W) TO S RICHMOND ST  (2930 W),29086.89,Street Resurfacing
18,2025,Street Resurfacing Menu,ON W 83RD PL FROM S ROCKWELL ST  (2600 W) TO S WASHTENAW AVE  (2700 W),66373.4,Street Resurfacing
18,2025,Street Resurfacing Menu,ON W 83RD PL FROM S WHIPPLE ST  (3030 W) TO S ALBANY AVE  (3100 W),19962.26,Street Resurfacing
18,2025,Street Resurfacing Menu,ON W 84TH PL FROM S HOMAN AVE  (3400 W) TO S ST LOUIS AVE  (3500 W),53434.29,Street Resurfacing
18,2025,Street Resurfacing Menu,ON W 86TH PL FROM S FRANCISCO AVE  (2900 W) TO S SACRAMENTO AVE  (2960 W),59893.24,Street Resurfacing
18,2025,Street Resurfacing Menu,ON W 86TH ST FROM S FRANCISCO AVE  (2900 W) TO S SACRAMENTO AVE  (2960 W),57892.96,Street Resurfacing
18,2025,Street Speed Hump Menu,ON S KEELER AVE FROM W 79TH PL  (7920 S) TO W 80TH PL  (8040 S),4880.0,Street Resurfacing
18,2025,Street Speed Hump Menu,ON S LAWNDALE AVE FROM W 84TH ST  (8400 S) TO W 85TH ST  (8500 S),4880.0,Street Resurfacing
18,2025,Street Speed Hump Menu,ON S LAWNDALE AVE FROM W 85TH PL  (8530 S) TO W 87TH ST  (8700 S),9760.0,Street Resurfacing
18,2025,Street Speed Hump Menu,ON S ROCKWELL ST FROM W 72ND ST  (7200 S) TO W 73RD ST  (7300 S),4880.0,Street Resurfacing
18,2025,Street Speed Hump Menu,ON S TALMAN AVE FROM W 81ST ST  (8100 S) TO W 82ND ST  (8200 S),4880.0,Street Resurfacing
18,2025,Street Speed Hump Menu,ON W 77TH ST FROM S SPRINGFIELD AVE  (3900 W) TO S PULASKI RD  (4000 W),2440.0,Street Resurfacing
18,2025,Street Speed Hump Replacement,ON W 83RD PL FROM S ROCKWELL ST  (2600 W) TO S WASHTENAW AVE  (2700 W),0.0,Street Resurfacing
19,2025,Bollard Menu,S MALTA ST &  W 100TH PL,1923.73,Pedestrian Infrastructure
19,2025,Miscellaneous CDOT Projects,9243 S BELL AVE,660.0,Misc. CDOT
19,2025,Street Bump Outs Menu,S WALDEN PKWY &  W 101ST ST,3452.27,Pedestrian Infrastructure
19,2025,Street Resurfacing Menu,ON E 110TH ST FROM S CAMPBELL AVE  (2500 W) TO S ROCKWELL ST  (2600 W),57246.91,Street Resurfacing
19,2025,Street Resurfacing Menu,ON E 114TH ST FROM S OAKLEY AVE  (2300 W) TO S WESTERN AVE  (2400 W),45366.75,Street Resurfacing
19,2025,Street Resurfacing Menu,ON S CAMPBELL AVE FROM W 105TH ST  (10500 S) TO W 106TH ST  (10600 S),56426.87,Street Resurfacing
19,2025,Street Resurfacing Menu,ON S CENTRAL PARK AVE FROM W 116TH PL  (11630 S) TO W 117TH ST  (11700 S),53439.73,Street Resurfacing
19,2025,Street Resurfacing Menu,ON S CHARLES ST FROM W 100TH PL  (10000 S) TO W 103RD ST  (10300 S),165328.03,Street Resurfacing
19,2025,Street Resurfacing Menu,ON S CHURCH ST FROM W MONTVALE AVE  (11300 S) TO W EDMAIRE ST  (11400 S),52083.75,Street Resurfacing
19,2025,Street Resurfacing Menu,ON S CLAREMONT AVE FROM 8930 S TO W 90TH ST  (9000 S),26863.94,Street Resurfacing
19,2025,Street Resurfacing Menu,ON S CLAREMONT AVE FROM 9435 S TO W 94TH ST  (9400 S),34086.38,Street Resurfacing
19,2025,Street Resurfacing Menu,ON S DRAKE AVE FROM W 109TH ST  (10900 S) TO W 110TH ST  (11000 S),63533.96,Street Resurfacing
19,2025,Street Resurfacing Menu,ON S HAMILTON AVE FROM W 103RD ST  (10300 S) TO W 104TH ST  (10400 S),44567.72,Street Resurfacing
19,2025,Street Resurfacing Menu,ON S HOYNE AVE FROM W 110TH PL  (11040 S) TO W 111TH ST  (11100 S),19230.47,Street Resurfacing
19,2025,Street Resurfacing Menu,ON S HOYNE AVE FROM W 110TH ST  (10930 S) TO W 110TH PL  (11040 S),33205.53,Street Resurfacing
19,2025,Street Resurfacing Menu,ON S MAPLEWOOD AVE FROM W 111TH ST  (11100 S) TO W 112TH ST  (11200 S),69229.95,Street Resurfacing
19,2025,Street Resurfacing Menu,ON S OAKLEY AVE FROM W 100TH ST  (10000 S) TO W 101ST ST  (10100 S),22137.06,Street Resurfacing
19,2025,Street Resurfacing Menu,ON S OAKLEY AVE FROM W 97TH ST  (9700 S) TO W 98TH ST  (9800 S),56244.84,Street Resurfacing
19,2025,Street Resurfacing Menu,ON S PROSPECT AVE FROM W 99TH ST  (9900 S) TO W 100TH ST  (10000 S),68574.82,Street Resurfacing
19,2025,Street Resurfacing Menu,ON S SPRINGFIELD AVE FROM W 104TH ST  (10400 S) TO W 105TH ST  (10500 S),87370.23,Street Resurfacing
19,2025,Street Resurfacing Menu,ON S SPRINGFIELD AVE FROM W 106TH ST  (10600 S) TO W 107TH ST  (10700 S),62463.02,Street Resurfacing
19,2025,Street Resurfacing Menu,ON S ST LOUIS AVE FROM W 110TH ST  (11000 S) TO W 111TH ST  (11100 S),64128.83,Street Resurfacing
19,2025,Street Resurfacing Menu,ON S WASHTENAW AVE FROM W 110TH ST  (11000 S) TO W 112TH ST  (11200 S),112657.96,Street Resurfacing
19,2025,Street Resurfacing Menu,ON S WINCHESTER AVE FROM W 91ST ST  (9100 S) TO W 91ST ST  (9100 S),54282.59,Street Resurfacing
19,2025,Street Resurfacing Menu,ON W 104TH PL FROM S PROSPECT AVE  (1600 W) TO S WOOD ST  (1799 W),117338.05,Street Resurfacing
19,2025,Street Resurfacing Menu,ON W 106TH ST FROM S HARDING AVE  (3930 W) TO S PULASKI RD  (4000 W),49204.52,Street Resurfacing
19,2025,Street Resurfacing Menu,ON W 115TH ST FROM S BELL AVE  (2230 W) TO S OAKLEY AVE  (2300 W),65179.63,Street Resurfacing
19,2025,Street Speed Hump Menu,ON W 110TH ST FROM S SPAULDING AVE  (3300 W) TO S HOMAN AVE  (3400 W),4880.0,Street Resurfacing
19,2025,Street Speed Hump Replacement,ON E 114TH ST FROM S OAKLEY AVE  (2300 W) TO S WESTERN AVE  (2400 W),0.0,Street Resurfacing
19,2025,Street Speed Hump Replacement,ON S CHARLES ST FROM W 100TH PL  (10000 S) TO W 103RD ST  (10300 S),0.0,Street Resurfacing
19,2025,Street Speed Hump Replacement,ON S MAPLEWOOD AVE FROM W 111TH ST  (11100 S) TO W 112TH ST  (11200 S),0.0,Street Resurfacing
19,2025,Street Speed Hump Replacement,ON W 115TH ST FROM S BELL AVE  (2230 W) TO S OAKLEY AVE  (2300 W),0.0,Street Resurfacing
20,2025,Miscellaneous CDOT Projects,717 E 61ST ST,660.0,Misc. CDOT
20,2025,Pavement Markings Menu,S DR MARTIN LUTHER KING JR DR &  E GARFIELD BLVD,750.0,Street Redesign
20,2025,Pavement Markings Menu,S STATE ST &  E 63RD ST,5000.0,Street Redesign
20,2025,Sidewalk Menu,4747 S PAULINA ST,1667.62,Sidewalk Repair
20,2025,Street Bump Outs Menu,S ELLIS AVE &  E 61ST ST,21654.12,Pedestrian Infrastructure
20,2025,Street Bump Outs Menu,W 51ST PL &  S MORGAN ST,14371.36,Pedestrian Infrastructure
20,2025,Street Light Upgrade Menu,1001 W 47TH PL; 1007 W 47TH PL; 1011 W 47TH PL,1500.0,Lighting
20,2025,Street Resurfacing Menu,ON S ABERDEEN ST FROM W 51ST ST  (5100 S) TO W 53RD ST  (5300 S),158114.8,Street Resurfacing
20,2025,Street Resurfacing Menu,ON S CARPENTER ST FROM W 51ST ST  (5100 S) TO W 53RD ST  (5300 S),150426.36,Street Resurfacing
20,2025,Street Resurfacing Menu,ON S CHAMPLAIN AVE FROM E 63RD ST  (6300 S) TO E 65TH ST  (6500 S),147086.12,Street Resurfacing
20,2025,Street Resurfacing Menu,ON S DORCHESTER AVE FROM E 61ST ST  (6100 S) TO E 62ND ST  (6200 S),8199.86,Street Resurfacing
20,2025,Street Resurfacing Menu,ON S EVANS AVE FROM E 63RD ST  (6300 S) TO E 64TH ST  (6400 S),54714.17,Street Resurfacing
20,2025,Street Resurfacing Menu,ON S LANGLEY AVE FROM E 63RD ST  (6300 S) TO E 64TH ST  (6400 S),54013.52,Street Resurfacing
20,2025,Street Resurfacing Menu,ON S PAULINA ST FROM W 48TH ST  (4800 S) TO W 49TH ST  (4900 S),7585.44,Street Resurfacing
20,2025,Street Resurfacing Menu,ON S RHODES AVE FROM E 63RD ST  (6300 S) TO E 64TH ST  (6400 S),64891.53,Street Resurfacing
20,2025,Street Resurfacing Menu,ON S ST LAWRENCE AVE FROM E 63RD ST  (6300 S) TO E 64TH ST  (6400 S),64244.84,Street Resurfacing
20,2025,Street Resurfacing Menu,ON S VERNON AVE FROM E 63RD ST  (6300 S) TO E 65TH ST  (6500 S),187010.16,Street Resurfacing
20,2025,Street Resurfacing Menu,ON S WABASH AVE FROM E 59TH ST  (5900 S) TO E 60TH ST  (6000 S),83348.69,Street Resurfacing
20,2025,Street Resurfacing Menu,ON W 50TH PL FROM S UNION AVE  (700 W) TO S HALSTED ST  (800 W),54890.33,Street Resurfacing
20,2025,Street Resurfacing Menu,ON W 51ST PL FROM S HALSTED ST  (800 W) TO S MORGAN ST  (1000 W),133369.43,Street Resurfacing
20,2025,Street Resurfacing Menu,ON W 61ST PL FROM S STEWART AVE  (400 W) TO S NORMAL BLVD  (500 W),58012.28,Street Resurfacing
20,2025,Street Resurfacing Menu,ON W 62ND ST FROM S STEWART AVE  (400 W) TO S WALLACE ST  (600 W),105558.75,Street Resurfacing
20,2025,Street Speed Hump Menu,ON S ELLIS AVE FROM E 61ST ST  (6130 S) TO E 62ND ST  (6200 S),4880.0,Street Resurfacing
20,2025,Street Speed Hump Replacement,ON S ABERDEEN ST FROM W 51ST ST  (5100 S) TO W 53RD ST  (5300 S),0.0,Street Resurfacing
20,2025,Street Speed Hump Replacement,ON S CARPENTER ST FROM W 51ST ST  (5100 S) TO W 53RD ST  (5300 S),0.0,Street Resurfacing
20,2025,Street Speed Hump Replacement,ON S DORCHESTER AVE FROM E 61ST ST  (6100 S) TO E 62ND ST  (6200 S),0.0,Street Resurfacing
20,2025,Street Speed Hump Replacement,ON S PAULINA ST FROM W 48TH ST  (4800 S) TO W 49TH ST  (4900 S),0.0,Street Resurfacing
20,2025,Street Speed Hump Replacement,ON S RHODES AVE FROM E 63RD ST  (6300 S) TO E 64TH ST  (6400 S),0.0,Street Resurfacing
20,2025,Street Speed Hump Replacement,ON S ST LAWRENCE AVE FROM E 63RD ST  (6300 S) TO E 64TH ST  (6400 S),0.0,Street Resurfacing
20,2025,Street Speed Hump Replacement,ON S VERNON AVE FROM E 63RD ST  (6300 S) TO E 65TH ST  (6500 S),0.0,Street Resurfacing
20,2025,Street Speed Hump Replacement,ON W 62ND ST FROM S WALLACE ST  (600 W) TO S UNION AVE  (699 W),0.0,Street Resurfacing
21,2025,Pavement Markings Menu,ON S ASHLAND AVE FROM W 89TH ST  (8860 S) TO W 91ST ST  (9100 S),3750.0,Street Redesign
21,2025,Pavement Markings Menu,ON W 95TH ST FROM S HALSTED ST  (800 W) TO S LOOMIS ST  (1400 W),11000.0,Street Redesign
21,2025,Pavement Markings Menu,W 103RD ST &  S MORGAN ST,1955.33,Street Redesign
21,2025,Pavement Markings Menu,W 85TH ST &  S LAFAYETTE AVE,3910.66,Street Redesign
21,2025,Pavement Markings Menu,W 88TH ST &  S VINCENNES AVE,1955.33,Street Redesign
21,2025,Sidewalk Menu,ON W 103RD ST FROM S GREEN ST  (830 W) TO S PEORIA ST  (900 W),15751.53,Sidewalk Repair
21,2025,Street Light Upgrade Menu,12245 S BISHOP ST,500.0,Lighting
21,2025,Street Light Upgrade Menu,9029 S BISHOP ST,500.0,Lighting
21,2025,Street Light Upgrade Menu,9637 S BISHOP ST,500.0,Lighting
21,2025,Street Resurfacing Menu,ON S ADA ST FROM 11255 S TO W 112TH PL  (11240 S),17916.98,Street Resurfacing
21,2025,Street Resurfacing Menu,ON S CARPENTER ST FROM W 87TH ST  (8700 S) TO W 89TH ST  (8900 S),98442.75,Street Resurfacing
21,2025,Street Resurfacing Menu,ON S CARPENTER ST FROM W 97TH ST  (9700 S) TO W 98TH PL  (9832 S),93192.11,Street Resurfacing
21,2025,Street Resurfacing Menu,ON S JUSTINE ST FROM W 115TH ST  (11500 S) TO W 116TH ST  (11600 S),58335.69,Street Resurfacing
21,2025,Street Resurfacing Menu,ON S LAFLIN ST FROM W 114TH PL  (11430 S) TO W 115TH ST  (11500 S),25526.85,Street Resurfacing
21,2025,Street Resurfacing Menu,ON S LAFLIN ST FROM W 115TH ST  (11500 S) TO W 116TH ST  (11600 S),57873.9,Street Resurfacing
21,2025,Street Resurfacing Menu,ON S LOOMIS ST FROM W 112TH ST  (11200 S) TO W 112TH PL  (11240 S),34676.52,Street Resurfacing
21,2025,Street Resurfacing Menu,ON S LOOMIS ST FROM W 89TH ST  (8858 S) TO W 93RD ST  (9300 S),281917.61,Street Resurfacing
21,2025,Street Resurfacing Menu,ON S MORGAN ST FROM W 103RD ST  (10300 S) TO W 103RD PL  (10330 S),48417.51,Street Resurfacing
21,2025,Street Resurfacing Menu,ON S MORGAN ST FROM W 105TH ST  (10500 S) TO W 106TH ST  (10600 S),59547.32,Street Resurfacing
21,2025,Street Resurfacing Menu,ON S MORGAN ST FROM W 87TH ST  (8700 S) TO W 89TH ST  (8900 S),111362.86,Street Resurfacing
21,2025,Street Resurfacing Menu,ON S MORGAN ST FROM W 98TH ST  (9800 S) TO W 98TH PL  (9832 S),23575.68,Street Resurfacing
21,2025,Street Resurfacing Menu,ON S PEORIA ST FROM W 100TH ST  (10000 S) TO W 101ST ST  (10100 S),58813.4,Street Resurfacing
21,2025,Street Resurfacing Menu,ON S PEORIA ST FROM W 87TH ST  (8700 S) TO S VINCENNES AVE  (8800 S),47601.21,Street Resurfacing
21,2025,Street Resurfacing Menu,ON S RACINE AVE FROM W 117TH ST  (11700 S) TO W 118TH ST  (11800 S),58747.54,Street Resurfacing
21,2025,Street Resurfacing Menu,ON S THROOP ST FROM W 90TH ST  (9000 S) TO W 91ST ST  (9100 S),69669.76,Street Resurfacing
21,2025,Street Resurfacing Menu,ON W 108TH ST FROM S SANGAMON ST  (930 W) TO S BEVERLY AVE  (1100 W),122031.81,Street Resurfacing
21,2025,Street Resurfacing Menu,ON W 113TH PL FROM S MORGAN ST  (1000 W) TO S ABERDEEN ST  (1100 W),49345.22,Street Resurfacing
21,2025,Street Resurfacing Menu,ON W 114TH PL FROM 1565 W TO S LAFLIN ST  (1500 W),35428.99,Street Resurfacing
21,2025,Street Resurfacing Menu,ON W 98TH ST FROM S RACINE AVE  (1200 W) TO S THROOP ST  (1300 W),58190.12,Street Resurfacing
21,2025,Street Speed Hump Menu,ON W 112TH PL FROM S LOOMIS ST  (1400 W) TO S BISHOP ST  (1450 W),2440.0,Street Resurfacing
21,2025,Street Speed Hump Replacement,ON S JUSTINE ST FROM W 115TH ST  (11500 S) TO W 116TH ST  (11600 S),0.0,Street Resurfacing
21,2025,Street Speed Hump Replacement,ON S LAFLIN ST FROM W 115TH ST  (11500 S) TO W 116TH ST  (11600 S),0.0,Street Resurfacing
21,2025,Street Speed Hump Replacement,ON S LOOMIS ST FROM W 112TH ST  (11200 S) TO W 112TH PL  (11240 S),0.0,Street Resurfacing
21,2025,Street Speed Hump Replacement,ON S LOOMIS ST FROM W 89TH ST  (8858 S) TO W 93RD ST  (9300 S),0.0,Street Resurfacing
21,2025,Street Speed Hump Replacement,ON S MORGAN ST FROM W 105TH ST  (10500 S) TO W 106TH ST  (10600 S),0.0,Street Resurfacing
21,2025,Street Speed Hump Replacement,ON S MORGAN ST FROM W 87TH ST  (8700 S) TO W 89TH ST  (8900 S),0.0,Street Resurfacing
21,2025,Street Speed Hump Replacement,ON S PEORIA ST FROM W 100TH ST  (10000 S) TO W 101ST ST  (10100 S),0.0,Street Resurfacing
21,2025,Street Speed Hump Replacement,ON S RACINE AVE FROM W 117TH ST  (11700 S) TO W 118TH ST  (11800 S),0.0,Street Resurfacing
21,2025,Street Speed Hump Replacement,ON S THROOP ST FROM W 90TH ST  (9000 S) TO W 91ST ST  (9100 S),0.0,Street Resurfacing
21,2025,Street Speed Hump Replacement,ON W 108TH ST FROM S SANGAMON ST  (930 W) TO S BEVERLY AVE  (1100 W),0.0,Street Resurfacing
22,2025,Alley Apron Menu,2501 S SPRINGFIELD AVE,20000.0,Alleys
22,2025,Alley Resurfacing Menu,4123-4157 W CERMAK RD; S KEDVALE AVE &  W CERMAK RD&W OGDEN AVE &  S KEELER AVE,48430.73,Alleys
22,2025,Alley Resurfacing Menu,W 24TH PL &  S KEELER AVE&S KEDVALE AVE &  W 25TH ST,22291.23,Alleys
22,2025,Alley Resurfacing Menu,W 24TH ST &  S AVERS AVE&S SPRINGFIELD AVE &  W 25TH ST,40814.91,Alleys
22,2025,Alley Resurfacing Menu,W 24TH ST &  S KARLOV AVE&S KEDVALE AVE &  W 24TH PL,21411.72,Alleys
22,2025,Alley Resurfacing Menu,W 27TH ST &  S KOLIN AVE&S KOSTNER AVE &  W 28TH ST,31271.31,Alleys
22,2025,Alley Resurfacing Menu,W 27TH ST &  S TRUMBULL AVE&S ST LOUIS AVE &  W 28TH ST; 2700-2758 S TRUMBULL AVE,42730.74,Alleys
22,2025,Alley Resurfacing Menu,W 30TH ST &  S KILDARE AVE&S TRIPP AVE &  W 31ST ST,27142.6,Alleys
22,2025,Alley Resurfacing Menu,W 43RD ST &  S KEATING AVE&S CICERO AVE &  W 44TH ST,34760.74,Alleys
22,2025,Alley Speed Hump Menu,S LAWNDALE AVE &  W 27TH ST&W 26TH ST &  S RIDGEWAY AVE,2900.0,Alleys
22,2025,Alley Speed Hump Menu,W 27TH ST &  S KOLIN AVE&S KOSTNER AVE &  W 28TH ST,1450.0,Alleys
22,2025,Alley Speed Hump Replacement,4123-4157 W CERMAK RD; S KEDVALE AVE &  W CERMAK RD&W OGDEN AVE &  S KEELER AVE,0.0,Alleys
22,2025,Alley Speed Hump Replacement,W 24TH PL &  S KEELER AVE&S KEDVALE AVE &  W 25TH ST,0.0,Alleys
22,2025,Alley Speed Hump Replacement,W 24TH ST &  S AVERS AVE&S SPRINGFIELD AVE &  W 25TH ST,0.0,Alleys
22,2025,Alley Speed Hump Replacement,W 24TH ST &  S KARLOV AVE&S KEDVALE AVE &  W 24TH PL,0.0,Alleys
22,2025,Alley Speed Hump Replacement,W 27TH ST &  S TRUMBULL AVE&S ST LOUIS AVE &  W 28TH ST; 2700-2758 S TRUMBULL AVE,0.0,Alleys
22,2025,Alley Speed Hump Replacement,W 30TH ST &  S KILDARE AVE&S TRIPP AVE &  W 31ST ST,0.0,Alleys
22,2025,Alley Speed Hump Replacement,W 43RD ST &  S KEATING AVE&S CICERO AVE &  W 44TH ST,0.0,Alleys
22,2025,Arterial Street Bump Outs Menu,S PULASKI RD &  W 32ND ST,74314.4,Pedestrian Infrastructure
22,2025,Arterial Street Bump Outs Menu,W CERMAK RD &  S KENNETH AVE,13829.8,Pedestrian Infrastructure
22,2025,Curb & Gutter Menu,2300-2306 S TRUMBULL AVE,6467.15,Street Resurfacing
22,2025,Curb & Gutter Menu,ON S LAWNDALE AVE FROM W 31ST ST  (3100 S) TO W 32ND ST  (3200 S),17814.65,Street Resurfacing
22,2025,Miscellaneous CDOT Projects,1958 W NEWPORT AVE,600.0,Misc. CDOT
22,2025,Miscellaneous CDOT Projects,3112 S KOSTNER AVE,600.0,Misc. CDOT
22,2025,Miscellaneous CDOT Projects,ON W CERMAK RD FROM S PULASKI RD  (4000 W) TO S KOSTNER AVE  (4400 W),22800.0,Misc. CDOT
22,2025,Pavement Markings Menu,W 26TH ST &  S KOMENSKY AVE,3100.0,Street Redesign
22,2025,Pavement Markings Menu,W OGDEN AVE &  S KOSTNER AVE,12000.0,Street Redesign
22,2025,Pedestrian Refuge Island Menu,3350 S KEDZIE AVE,185.29,Pedestrian Infrastructure
22,2025,Sidewalk Menu,3010 S KOLIN AVE,478.99,Sidewalk Repair
22,2025,Sidewalk Menu,3138-3140 S RIDGEWAY AVE,11275.15,Sidewalk Repair
22,2025,Sidewalk Menu,4317-4319 S KEATING AVE; 4322 S KEATING AVE,15131.84,Sidewalk Repair
22,2025,Sidewalk Menu,4538 S KEATING AVE,10188.93,Sidewalk Repair
22,2025,Sidewalk Menu,4541 S LAVERGNE AVE; 4536-4542 S LAVERGNE AVE; 4509 S LAVERGNE AVE,21622.95,Sidewalk Repair
22,2025,Sidewalk Menu,4614 S LECLAIRE AVE,6847.81,Sidewalk Repair
22,2025,Sidewalk Menu,4626-4634 S KEATING AVE; 4601-4603 S KEATING AVE; 4600-4604 S KEATING AVE,58119.19,Sidewalk Repair
22,2025,Sidewalk Menu,4727 S LAPORTE AVE,9407.01,Sidewalk Repair
22,2025,Sidewalk Menu,4824 S LA CROSSE AVE,6037.66,Sidewalk Repair
22,2025,Sidewalk Menu,4937 S LAMON AVE,923.99,Sidewalk Repair
22,2025,Speed Indicator Signs,2521-2525 S KOSTNER AVE,14150.35,Traffic Signals
22,2025,Speed Indicator Signs,2641 S LAWNDALE AVE; 2636 S LAWNDALE AVE,32620.7,Traffic Signals
22,2025,Speed Indicator Signs,2707 S KOSTNER AVE,15150.35,Traffic Signals
22,2025,Speed Indicator Signs,3018 S LAWNDALE AVE; 3023 S LAWNDALE AVE,32620.7,Traffic Signals
22,2025,Speed Indicator Signs,3223 S PULASKI RD; 3140 S PULASKI RD,30460.7,Traffic Signals
22,2025,Street Bump Outs Menu,W 46TH ST &  S KNOX AVE,10901.89,Pedestrian Infrastructure
22,2025,Street Bump Outs Menu,W CERMAK RD &  S KEELER AVE,24000.0,Pedestrian Infrastructure
22,2025,Street Light Pole for High Definition Camera Menu,2641 S LAWNDALE AVE; 2636 S LAWNDALE AVE,6000.0,Lighting
22,2025,Street Light Pole for High Definition Camera Menu,3018 S LAWNDALE AVE; 3023 S LAWNDALE AVE,6000.0,Lighting
22,2025,Street Light Pole for High Definition Camera Menu,3223 S PULASKI RD,3000.0,Lighting
22,2025,Street Resurfacing Menu,ON S KEATING AVE FROM W 43RD ST  (4299 S) TO W 45TH ST  (4500 S),122221.13,Street Resurfacing
22,2025,Street Resurfacing Menu,ON S KEELER AVE FROM W 31ST ST  (3100 S) TO W 32ND ST  (3200 S),59522.25,Street Resurfacing
22,2025,Street Resurfacing Menu,ON S LAWLER AVE FROM W 46TH ST  (4600 S) TO W 47TH ST  (4700 S),58079.41,Street Resurfacing
22,2025,Street Resurfacing Menu,ON S RIDGEWAY AVE FROM W 25TH ST  (2500 S) TO W 26TH ST  (2600 S),62169.85,Street Resurfacing
22,2025,Street Resurfacing Menu,ON W 28TH ST FROM S CHRISTIANA AVE  (3330 W) TO S HOMAN AVE  (3400 W),42091.67,Street Resurfacing
22,2025,Street Resurfacing Menu,S HAMLIN AVE &  W 27TH ST,37329.73,Street Resurfacing
22,2025,Street Resurfacing Menu,S SPRINGFIELD AVE &  W 27TH ST,21397.97,Street Resurfacing
22,2025,Street Speed Hump Menu,ON W 28TH ST FROM S CHRISTIANA AVE  (3330 W) TO S HOMAN AVE  (3400 W),2440.0,Street Resurfacing
22,2025,Street Speed Hump Menu,ON W 46TH ST FROM S KNOX AVE  (4630 W) TO S KILPATRICK AVE  (4700 W),2440.0,Street Resurfacing
22,2025,Street Speed Hump Replacement,3121 S KEELER AVE,0.0,Street Resurfacing
22,2025,Street Speed Hump Replacement,ON S LAWLER AVE FROM W 46TH ST  (4600 S) TO W 47TH ST  (4700 S),0.0,Street Resurfacing
22,2025,Street Speed Hump Replacement,ON S RIDGEWAY AVE FROM W 25TH ST  (2500 S) TO W 26TH ST  (2600 S),0.0,Street Resurfacing
22,2025,Street Traffic Circle Menu,W 46TH ST &  S KILPATRICK AVE,25004.93,Street Redesign
23,2025,Alley Apron Menu,3653 W 58TH PL,19917.26,Alleys
23,2025,Alley Apron Menu,3701 W 58TH PL,19293.0,Alleys
23,2025,Alley Apron Menu,5200 S NAGLE AVE,35289.4,Alleys
23,2025,Alley Apron Menu,5401 S NEVA AVE,25442.67,Alleys
23,2025,Alley Apron Menu,5429 S MCVICKER AVE; 5238 S AUSTIN AVE,20455.25,Alleys
23,2025,Alley Apron Menu,6400 W 52ND ST,32749.22,Alleys
23,2025,Alley Apron Menu,6401 W 52ND ST,19891.23,Alleys
23,2025,Alley Speed Hump Menu,W 54TH ST &  S KOSTNER AVE&S KENNETH AVE &  W 55TH ST,3625.0,Alleys
23,2025,Alley Speed Hump Menu,W 56TH ST &  S HAMLIN AVE&S SPRINGFIELD AVE &  W 56TH PL,1450.0,Alleys
23,2025,Alley Speed Hump Menu,W 60TH ST &  S KOMENSKY AVE&S PULASKI RD &  W 61ST ST,2175.0,Alleys
23,2025,Alley Speed Hump Menu,W 66TH PL &  S SPRINGFIELD AVE&S PULASKI RD &  W MARQUETTE RD,1450.0,Alleys
23,2025,Curb & Gutter Menu,3724 W 65TH PL,4948.94,Street Resurfacing
23,2025,Curb & Gutter Menu,5145 S SPRINGFIELD AVE,7812.87,Street Resurfacing
23,2025,Curb & Gutter Menu,6857 S PULASKI RD,21150.01,Street Resurfacing
23,2025,Diagonal Parking Menu,3701 W 59TH ST,63775.92,Street Redesign
23,2025,Floodlight Menu,5100 S KEATING AVE,1150.0,Lighting
23,2025,Floodlight Menu,5100 S LA CROSSE AVE,2300.0,Lighting
23,2025,Floodlight Menu,5301 S KILDARE AVE; 5300 S KILDARE AVE,2300.0,Lighting
23,2025,Floodlight Menu,5444 S NARRAGANSETT AVE; 6410 W ARCHER AVE,3450.0,Lighting
23,2025,Pavement Markings Menu,6700 S KEATING AVE,1500.0,Street Redesign
23,2025,Pavement Markings Menu,S ARCHER AVE &  S LARAMIE AVE,5921.34,Street Redesign
23,2025,Pavement Markings Menu,W ARCHER AVE &  S NARRAGANSETT AVE,15000.0,Street Redesign
23,2025,Sidewalk Menu,3610 W 62ND PL,5524.91,Sidewalk Repair
23,2025,Sidewalk Menu,3721 W 61ST PL,9389.58,Sidewalk Repair
23,2025,Sidewalk Menu,3745-3747 W 60TH ST,10180.78,Sidewalk Repair
23,2025,Sidewalk Menu,3752 W 64TH PL,11267.09,Sidewalk Repair
23,2025,Sidewalk Menu,3935 W 63RD PL,6615.58,Sidewalk Repair
23,2025,Sidewalk Menu,3944 W 67TH PL,16291.62,Sidewalk Repair
23,2025,Sidewalk Menu,5107 S NASHVILLE AVE,2106.24,Sidewalk Repair
23,2025,Sidewalk Menu,5121 S AVERS AVE,591.59,Sidewalk Repair
23,2025,Sidewalk Menu,5128 S SAYRE AVE,2172.79,Sidewalk Repair
23,2025,Sidewalk Menu,5130 S NORDICA AVE,4260.71,Sidewalk Repair
23,2025,Sidewalk Menu,5134 S MELVINA AVE,2217.21,Sidewalk Repair
23,2025,Sidewalk Menu,5135 S MERRIMAC AVE,5860.35,Sidewalk Repair
23,2025,Sidewalk Menu,5145 S MELVINA AVE,3705.88,Sidewalk Repair
23,2025,Sidewalk Menu,5211 S OAK PARK AVE,4406.64,Sidewalk Repair
23,2025,Sidewalk Menu,5214 S PARKSIDE AVE,781.22,Sidewalk Repair
23,2025,Sidewalk Menu,5241 S NEW ENGLAND AVE; 5245 S NEW ENGLAND AVE,23859.81,Sidewalk Repair
23,2025,Sidewalk Menu,5338 S NORMANDY AVE,4995.02,Sidewalk Repair
23,2025,Sidewalk Menu,5340 S LARAMIE AVE,14897.21,Sidewalk Repair
23,2025,Sidewalk Menu,5355 S NATOMA AVE,12368.5,Sidewalk Repair
23,2025,Sidewalk Menu,5358 S MERRIMAC AVE,14264.89,Sidewalk Repair
23,2025,Sidewalk Menu,5980 S ARCHER AVE,35488.63,Sidewalk Repair
23,2025,Sidewalk Menu,6200 S ARCHER AVE,46920.08,Sidewalk Repair
23,2025,Sidewalk Menu,6738 S KOMENSKY AVE,4657.97,Sidewalk Repair
23,2025,Sidewalk Menu,6742 S KILBOURN AVE,6335.02,Sidewalk Repair
23,2025,Street Bump Outs Menu,5100-5101 S MEADE AVE; W 51ST ST &  S MEADE AVE,22724.11,Pedestrian Infrastructure
23,2025,Street Bump Outs Menu,5100-5101 S MERRIMAC AVE,4594.7,Pedestrian Infrastructure
23,2025,Street Light Upgrade Menu,5218 S PARKSIDE AVE,500.0,Lighting
23,2025,Street Light Upgrade Menu,6759 S KEELER AVE,500.0,Lighting
23,2025,Street Resurfacing Menu,ON S HARDING AVE FROM W 53RD ST  (5300 S) TO W 55TH ST  (5500 S),101701.31,Street Resurfacing
23,2025,Street Resurfacing Menu,ON S KARLOV AVE FROM W 59TH ST  (5900 S) TO W 60TH ST  (6000 S),63873.02,Street Resurfacing
23,2025,Street Resurfacing Menu,ON S KARLOV AVE FROM W MARQUETTE RD  (6700 S) TO W 68TH ST  (6800 S),54638.03,Street Resurfacing
23,2025,Street Resurfacing Menu,ON S KILDARE AVE FROM W MARQUETTE RD  (6700 S) TO W 68TH ST  (6800 S),52347.99,Street Resurfacing
23,2025,Street Resurfacing Menu,ON S LATROBE AVE FROM W 51ST ST  (5100 S) TO W 52ND ST  (5200 S),63769.09,Street Resurfacing
23,2025,Street Resurfacing Menu,ON S LAWNDALE AVE FROM W 72ND ST  (7200 S) TO W 73RD ST  (7300 S),56106.0,Street Resurfacing
23,2025,Street Resurfacing Menu,ON S MELVINA AVE FROM S ARCHER AVE  (6270 S) TO W 54TH ST  (5400 S),20518.31,Street Resurfacing
23,2025,Street Resurfacing Menu,ON S MOBILE AVE FROM W 54TH ST  (5400 S) TO W 55TH ST  (5500 S),33931.62,Street Resurfacing
23,2025,Street Resurfacing Menu,ON W 52ND ST FROM S LAVERGNE AVE  (5000 W) TO S LARAMIE AVE  (5200 W),131625.48,Street Resurfacing
23,2025,Street Resurfacing Menu,ON W 54TH ST FROM S HARDING AVE  (3930 W) TO S PULASKI RD  (4000 W),21193.58,Street Resurfacing
23,2025,Street Resurfacing Menu,ON W 55TH PL FROM S HAMLIN AVE  (3800 W) TO S SPRINGFIELD AVE  (3900 W),60539.15,Street Resurfacing
23,2025,Street Resurfacing Menu,ON W 64TH PL FROM S SPRINGFIELD AVE  (3900 W) TO S PULASKI RD  (4000 W),65275.84,Street Resurfacing
23,2025,Street Speed Hump Menu,ON S HAMLIN AVE FROM W 53RD ST  (5300 S) TO W 54TH ST  (5400 S),4880.0,Street Resurfacing
23,2025,Street Speed Hump Menu,ON S KARLOV AVE FROM W 59TH ST  (5900 S) TO W 60TH ST  (6000 S),0.0,Street Resurfacing
23,2025,Street Speed Hump Menu,ON S LATROBE AVE FROM W 51ST ST  (5100 S) TO W 52ND ST  (5200 S),0.0,Street Resurfacing
23,2025,Street Speed Hump Menu,ON S LAWNDALE AVE FROM W 69TH PL  (6930 S) TO W 70TH ST  (7000 S),2440.0,Street Resurfacing
23,2025,Street Speed Hump Menu,ON S MEADE AVE FROM W 53RD ST  (5300 S) TO W 54TH ST  (5400 S),4880.0,Street Resurfacing
23,2025,Street Speed Hump Menu,ON S MOODY AVE FROM W 53RD ST  (5300 S) TO W 54TH ST  (5400 S),4880.0,Street Resurfacing
23,2025,Street Speed Hump Menu,ON S NORMANDY AVE FROM W 53RD ST  (5300 S) TO W 54TH ST  (5400 S),4880.0,Street Resurfacing
23,2025,Street Speed Hump Menu,ON S TRIPP AVE FROM W 52ND ST  (5200 S) TO W 53RD ST  (5300 S),4880.0,Street Resurfacing
23,2025,Street Speed Hump Menu,ON W 56TH PL FROM S HAMLIN AVE  (3800 W) TO S SPRINGFIELD AVE  (3900 W),4880.0,Street Resurfacing
23,2025,Street Speed Hump Menu,ON W 65TH PL FROM S LAWNDALE AVE  (3700 W) TO S HAMLIN AVE  (3800 W),4880.0,Street Resurfacing
24,2025,Alley Apron Menu,3547 W GRENSHAW ST; 3549 W GRENSHAW ST,10920.17,Alleys
24,2025,Alley Resurfacing Menu,S KEDVALE AVE &  W 14TH ST&W 15TH ST &  S KEELER AVE,31777.67,Alleys
24,2025,Alley Resurfacing Menu,S KOSTNER AVE &  W 21ST PL&W 21ST ST &  S KILDARE AVE,58226.18,Alleys
24,2025,Alley Resurfacing Menu,W 22ND PL &  S CALIFORNIA AVE&S CALIFORNIA AVE &  W CERMAK RD,49626.2,Alleys
24,2025,Alley Resurfacing Menu,W GRENSHAW ST &  S CENTRAL PARK AVE&S INDEPENDENCE BLVD &  W ROOSEVELT RD,69393.22,Alleys
24,2025,Alley Resurfacing Menu,W OGDEN AVE &  S LAWNDALE AVE&S RIDGEWAY AVE &  W CERMAK RD,62245.56,Alleys
24,2025,Alley Speed Hump Replacement,S KEDVALE AVE &  W 14TH ST&W 15TH ST &  S KEELER AVE,0.0,Alleys
24,2025,Alley Speed Hump Replacement,S KOSTNER AVE &  W 21ST PL&W 21ST ST &  S KILDARE AVE,0.0,Alleys
24,2025,Alley Speed Hump Replacement,W GRENSHAW ST &  S CENTRAL PARK AVE&S INDEPENDENCE BLVD &  W ROOSEVELT RD,0.0,Alleys
24,2025,Curb & Gutter Menu,ON S ALBANY AVE FROM W OGDEN AVE  (1610 S) TO W 19TH ST  (1900 S),380000.0,Street Resurfacing
24,2025,Miscellaneous CDOT Projects,3500 W ARTHINGTON ST,660.0,Misc. CDOT
24,2025,Sidewalk Menu,2253 S ALBANY AVE,4858.28,Sidewalk Repair
24,2025,Sidewalk Menu,3532 W ARTHINGTON ST,9873.14,Sidewalk Repair
24,2025,Sidewalk Menu,4020 W POLK ST; 4022 W POLK ST; 4018 W POLK ST,20598.19,Sidewalk Repair
24,2025,Street Resurfacing Menu,ON S DRAKE AVE FROM W DOUGLAS BLVD  (1400 S) TO W 15TH ST  (1500 S),45037.47,Street Resurfacing
24,2025,Street Resurfacing Menu,ON S KARLOV AVE FROM W ARTHINGTON ST  (900 S) TO W TAYLOR ST  (1000 S),33251.28,Street Resurfacing
24,2025,Street Resurfacing Menu,ON S KARLOV AVE FROM W GRENSHAW ST  (1130 S) TO W ROOSEVELT RD  (1200 S),22489.38,Street Resurfacing
24,2025,Street Resurfacing Menu,ON S KILBOURN AVE FROM W ROOSEVELT RD  (1200 S) TO W 14TH ST  (1400 S),37209.7,Street Resurfacing
24,2025,Street Resurfacing Menu,ON S KILDARE AVE FROM W 13TH ST  (1300 S) TO W 14TH ST  (1400 S),55741.75,Street Resurfacing
24,2025,Street Resurfacing Menu,ON S SAWYER AVE FROM W 19TH ST  (1900 S) TO W 21ST ST  (2100 S),57174.96,Street Resurfacing
24,2025,Street Resurfacing Menu,ON S ST LOUIS AVE FROM W POLK ST  (800 S) TO W ARTHINGTON ST  (900 S),27957.1,Street Resurfacing
24,2025,Street Resurfacing Menu,ON W 21ST ST FROM S ALBANY AVE  (3100 W) TO S ST LOUIS AVE  (3500 W),280817.48,Street Resurfacing
24,2025,Street Resurfacing Menu,ON W ARTHINGTON ST FROM S INDEPENDENCE BLVD  (3799 W) TO S SPRINGFIELD AVE (3900 W),16183.52,Street Resurfacing
24,2025,Street Resurfacing Menu,ON W FLOURNOY ST FROM S ALBANY AVE  (3100 W) TO S KEDZIE AVE  (3200 W),56141.69,Street Resurfacing
24,2025,Street Resurfacing Menu,ON W FLOURNOY ST FROM S HOMAN AVE  (3400 W) TO S CENTRAL PARK AVE  (3600 W),115691.68,Street Resurfacing
24,2025,Street Resurfacing Menu,ON W GRENSHAW ST FROM S INDEPENDENCE BLVD  (3800 W) TO S SPRINGFIELD AVE  (3900 W),46805.37,Street Resurfacing
24,2025,Street Speed Hump Menu,ON S KEELER AVE FROM W ARTHINGTON ST  (900 S) TO W TAYLOR ST  (1000 S),2440.0,Street Resurfacing
24,2025,Street Speed Hump Menu,ON S KILDARE AVE FROM W 13TH ST  (1300 S) TO W 14TH ST  (1400 S),4880.0,Street Resurfacing
24,2025,Street Speed Hump Replacement,ON S KARLOV AVE FROM W ARTHINGTON ST  (900 S) TO W TAYLOR ST  (1000 S),0.0,Street Resurfacing
24,2025,Street Speed Hump Replacement,ON S SAWYER AVE FROM W 19TH ST  (1900 S) TO W 21ST ST  (2100 S),0.0,Street Resurfacing
24,2025,Street Speed Hump Replacement,ON W ARTHINGTON ST FROM S INDEPENDENCE BLVD  (3799 W) TO S SPRINGFIELD AVE (3900 W),0.0,Street Resurfacing
24,2025,Street Speed Hump Replacement,ON W FLOURNOY ST FROM S ALBANY AVE  (3100 W) TO S KEDZIE AVE  (3200 W),0.0,Street Resurfacing
24,2025,Street Speed Hump Replacement,ON W FLOURNOY ST FROM S HOMAN AVE  (3400 W) TO S CENTRAL PARK AVE  (3600 W),0.0,Street Resurfacing
24,2025,Street Speed Hump Replacement,ON W GRENSHAW ST FROM S INDEPENDENCE BLVD  (3800 W) TO S SPRINGFIELD AVE  (3900 W),0.0,Street Resurfacing
25,2025,Alley Apron Menu,2147 W 23RD ST,32086.4,Alleys
25,2025,Alley Resurfacing Menu,S ASHLAND AVE &  W 18TH PL&W 19TH ST &  S LAFLIN ST; 1837 S ASHLAND AVE,57750.7,Alleys
25,2025,Alley Resurfacing Menu,S ASHLAND AVE &  W 18TH ST&W 17TH ST &  S PAULINA ST,67679.4,Alleys
25,2025,Alley Resurfacing Menu,S ASHLAND AVE &  W 21ST PL&W 21ST ST &  S PAULINA ST,68363.85,Alleys
25,2025,Alley Resurfacing Menu,S BISHOP ST &  W 18TH ST&W 18TH ST &  S BLUE ISLAND AVE; 1810 S BLUE ISLAND AVE,22692.93,Alleys
25,2025,Alley Resurfacing Menu,S THROOP ST &  W 18TH ST&W 16TH ST &  S BLUE ISLAND AVE,24425.68,Alleys
25,2025,Alley Resurfacing Menu,S UNION AVE &  W 17TH PL&W 17TH ST &  S HALSTED ST; 1702 S UNION AVE,32688.07,Alleys
25,2025,Alley Resurfacing Menu,W 17TH ST &  S LOOMIS ST&S LAFLIN ST &  W 18TH ST; 1421 W 17TH ST,57158.95,Alleys
25,2025,Alley Resurfacing Menu,W 18TH PL &  S HOYNE AVE&S DAMEN AVE &  W 19TH ST,29935.46,Alleys
25,2025,Alley Resurfacing Menu,W 18TH ST &  S MAY ST&S CARPENTER ST &  W 18TH PL; 1137 W 18TH ST,25970.7,Alleys
25,2025,Alley Resurfacing Menu,W 23RD PL &  S WESTERN AVE&S OAKLEY AVE &  W 24TH ST,64838.87,Alleys
25,2025,Alley Resurfacing Menu,W 28TH ST &  S TROY ST&S KEDZIE AVE &  W 30TH ST,17273.38,Alleys
25,2025,Alley Speed Hump Replacement,S ASHLAND AVE &  W 18TH ST&W 17TH ST &  S PAULINA ST,0.0,Alleys
25,2025,Alley Speed Hump Replacement,S BISHOP ST &  W 18TH ST&W 18TH ST &  S BLUE ISLAND AVE; 1810 S BLUE ISLAND AVE,0.0,Alleys
25,2025,Alley Speed Hump Replacement,S THROOP ST &  W 18TH ST&W 16TH ST &  S BLUE ISLAND AVE,0.0,Alleys
25,2025,Alley Speed Hump Replacement,S UNION AVE &  W 17TH PL&W 17TH ST &  S HALSTED ST; 1702 S UNION AVE,0.0,Alleys
25,2025,Alley Speed Hump Replacement,W 17TH ST &  S LOOMIS ST&S LAFLIN ST &  W 18TH ST; 1421 W 17TH ST,0.0,Alleys
25,2025,Alley Speed Hump Replacement,W 23RD PL &  S WESTERN AVE&S OAKLEY AVE &  W 24TH ST,0.0,Alleys
25,2025,Bollard Menu,1413-1417 S UNION AVE,1655.86,Pedestrian Infrastructure
25,2025,Bollard Menu,2315 S CALIFORNIA AVE,1746.62,Pedestrian Infrastructure
25,2025,Concrete Alley Menu,2150 W 22ND PL,23342.02,Alleys
25,2025,Concrete Alley Menu,2152 W 18TH ST; ON S LEAVITT ST FROM 1709 S TO W 18TH ST  (1800 S),320000.0,Alleys
25,2025,Curb & Gutter Menu,920 W 18TH PL,4047.9,Street Resurfacing
25,2025,Diagonal Parking Menu,1857 W 16TH ST,152428.32,Street Redesign
25,2025,"In-Road ""State Law Stop For Pedestrians"" Sign Menu",W COLLEGE PKWY &  S PEORIA ST; 1500 S PEORIA ST,350.0,Pedestrian Infrastructure
25,2025,New electric slide gate system for Fink Elementary,2332 S WESTERN AVE,52000.0,Schools
25,2025,Pedestrian Refuge Island Menu,S ASHLAND AVE &  W CULLERTON ST,75000.0,Pedestrian Infrastructure
25,2025,Sidewalk Menu,1508-1512 W 19TH ST,33294.5,Sidewalk Repair
25,2025,Sidewalk Menu,1825 S CARPENTER ST,60543.91,Sidewalk Repair
25,2025,Sidewalk Menu,1918 W CULLERTON ST,10259.03,Sidewalk Repair
25,2025,Sidewalk Menu,1922-1924 S LOOMIS ST,27380.84,Sidewalk Repair
25,2025,Sidewalk Menu,2130-2140 W 21ST PL,40113.11,Sidewalk Repair
25,2025,Sidewalk Menu,2315 S OAKLEY AVE,8085.61,Sidewalk Repair
25,2025,Sidewalk Menu,2623 W 22ND PL,2729.64,Sidewalk Repair
25,2025,Sidewalk Menu,2624-2631 S CHRISTIANA AVE,30964.05,Sidewalk Repair
25,2025,Sidewalk Menu,2626 W 22ND PL,2035.94,Sidewalk Repair
25,2025,Sidewalk Menu,2636 W 24TH PL,12060.79,Sidewalk Repair
25,2025,Sidewalk Menu,S RACINE AVE &  W 17TH ST,25000.0,Sidewalk Repair
25,2025,Street Bump Outs Menu,ON S WOLCOTT AVE FROM W 22ND PL  (2230 S) TO W 23RD ST  (2310 S),40000.0,Pedestrian Infrastructure
25,2025,Street Bump Outs Menu,S HALSTED ST &  W 14TH ST,10000.0,Pedestrian Infrastructure
25,2025,Street Light Piggy Back Only Menu,ON W 23RD PL FROM S ROCKWELL ST  (2600 W) TO S CALIFORNIA AVE  (2800 W),12600.0,Lighting
25,2025,Street Light Upgrade Menu,ON W CULLERTON ST FROM S ROCKWELL ST  (2600 W) TO S WASHTENAW AVE  (2700 W),5600.0,Lighting
25,2025,Street Resurfacing Menu,ON S WOOD ST FROM 2330 S TO S BLUE ISLAND AVE  (2300 S),36148.17,Street Resurfacing
25,2025,Street Speed Hump Menu,ON W 17TH ST FROM S WOOD ST  (1800 W) TO S WOLCOTT AVE  (1900 W),4880.0,Street Resurfacing
25,2025,Street Speed Hump Menu,ON W 19TH ST FROM S UNION AVE  (700 W) TO S HALSTED ST  (800 W),2440.0,Street Resurfacing
26,2025,Alley Resurfacing Menu,1501 N SPRINGFIELD AVE; N SPRINGFIELD AVE &  W NORTH AVE&W LE MOYNE ST &  N AVERS AVE,15133.83,Alleys
26,2025,Alley Resurfacing Menu,N HARDING AVE &  W WABANSIA AVE&W NORTH AVE &  N SPRINGFIELD AVE,29754.86,Alleys
26,2025,Alley Resurfacing Menu,N KILBOURN AVE &  W PALMER ST&W DICKENS AVE &  N KENNETH AVE,42823.44,Alleys
26,2025,Alley Resurfacing Menu,N KOSTNER AVE &  W CORTLAND ST; N LOWELL AVE &  W CORTLAND ST; 1806 N LOWELL AVE,59105.68,Alleys
26,2025,Alley Resurfacing Menu,N LAPORTE AVE &  W PALMER ST&W DICKENS AVE &  N LAVERGNE AVE,41665.83,Alleys
26,2025,Alley Resurfacing Menu,N LATROBE AVE &  W BELDEN AVE&W PALMER ST &  N LARAMIE AVE,25616.51,Alleys
26,2025,Alley Resurfacing Menu,N MOZART ST &  W WABANSIA AVE&W BLOOMINGDALE AVE &  N FRANCISCO AVE,26864.5,Alleys
26,2025,Alley Resurfacing Menu,N SPAULDING AVE &  W BEACH AVE&W HIRSCH ST &  N HOMAN AVE,43332.14,Alleys
26,2025,Alley Resurfacing Menu,N TALMAN AVE &  W NORTH AVE&W WABANSIA AVE &  N WASHTENAW AVE,37667.71,Alleys
26,2025,Alley Resurfacing Menu,N WASHTENAW AVE &  W BLOOMINGDALE AVE&W WABANSIA AVE &  N FAIRFIELD AVE,33681.55,Alleys
26,2025,Alley Resurfacing Menu,N WASHTENAW AVE &  W LE MOYNE ST&W HIRSCH ST &  N FAIRFIELD AVE,33125.34,Alleys
26,2025,Alley Resurfacing Menu,W CORTEZ ST &  N SACRAMENTO AVE&N RICHMOND ST &  W AUGUSTA BLVD,19590.92,Alleys
26,2025,Alley Resurfacing Menu,W CORTLAND ST &  N ST LOUIS AVE&N DRAKE AVE &  W BLOOMINGDALE AVE,47499.11,Alleys
26,2025,Alley Resurfacing Menu,W DIVISION ST &  N CALIFORNIA AVE&N WASHTENAW AVE &  W HADDON AVE,15340.94,Alleys
26,2025,Alley Resurfacing Menu,W DIVISION ST &  N ROCKWELL ST&N WASHTENAW AVE &  W HADDON AVE,28566.35,Alleys
26,2025,Alley Speed Hump Menu,1617 N KEYSTONE AVE,725.0,Alleys
26,2025,Alley Speed Hump Menu,N HARDING AVE &  W WABANSIA AVE&W NORTH AVE &  N SPRINGFIELD AVE,0.0,Alleys
26,2025,Alley Speed Hump Menu,N KILBOURN AVE &  W PALMER ST&W DICKENS AVE &  N KENNETH AVE,0.0,Alleys
26,2025,Alley Speed Hump Menu,N LATROBE AVE &  W BELDEN AVE&W PALMER ST &  N LARAMIE AVE,1450.0,Alleys
26,2025,Alley Speed Hump Menu,N LOWELL AVE &  W CORTLAND ST; 1806 N LOWELL AVE; N KOSTNER AVE &  W CORTLAND ST,0.0,Alleys
26,2025,Alley Speed Hump Menu,N MOZART ST &  W DIVISION ST&W THOMAS ST &  N CALIFORNIA AVE,2175.0,Alleys
26,2025,Alley Speed Hump Menu,N SPAULDING AVE &  W BEACH AVE&W HIRSCH ST &  N HOMAN AVE,0.0,Alleys
26,2025,Alley Speed Hump Menu,W CORTLAND ST &  N ST LOUIS AVE&N DRAKE AVE &  W BLOOMINGDALE AVE,2900.0,Alleys
26,2025,Alley Speed Hump Menu,W MCLEAN AVE &  N KILPATRICK AVE; W DICKENS AVE &  N KILPATRICK AVE; 4644 W MCLEAN AVE,725.0,Alleys
26,2025,Alley Speed Hump Replacement,N LAPORTE AVE &  W PALMER ST&W DICKENS AVE &  N LAVERGNE AVE,0.0,Alleys
26,2025,Alley Speed Hump Replacement,W CORTLAND ST &  N ST LOUIS AVE&N DRAKE AVE &  W BLOOMINGDALE AVE,0.0,Alleys
26,2025,Alley Speed Hump Replacement,W DIVISION ST &  N CALIFORNIA AVE&N WASHTENAW AVE &  W HADDON AVE,0.0,Alleys
26,2025,Alley Speed Hump Replacement,W DIVISION ST &  N ROCKWELL ST&N WASHTENAW AVE &  W HADDON AVE,0.0,Alleys
26,2025,Concrete Alley Menu,2113 N CICERO AVE; N CICERO AVE &  W SHAKESPEARE AVE&W DICKENS AVE &  N KILPATRICK AVE,12996.49,Alleys
26,2025,Floodlight Menu,1756 N KIMBALL AVE,1150.0,Lighting
26,2025,Floodlight Menu,1921 N RIDGEWAY AVE,1150.0,Lighting
26,2025,Pavement Markings Menu,N CALIFORNIA AVE &  W WABANSIA AVE,1600.0,Street Redesign
26,2025,Pavement Markings Menu,W POTOMAC AVE &  N CENTRAL PARK AVE,2500.0,Street Redesign
26,2025,Sidewalk Menu,1020 N FRANCISCO AVE,4251.47,Sidewalk Repair
26,2025,Sidewalk Menu,1020 N MOZART ST,5571.02,Sidewalk Repair
26,2025,Sidewalk Menu,1113 N MOZART ST,4395.16,Sidewalk Repair
26,2025,Sidewalk Menu,1118 N CHRISTIANA AVE,1624.46,Sidewalk Repair
26,2025,Sidewalk Menu,1223 N CAMPBELL AVE,6396.5,Sidewalk Repair
26,2025,Sidewalk Menu,1249 N ARTESIAN AVE,4448.35,Sidewalk Repair
26,2025,Sidewalk Menu,1317 N ROCKWELL ST,3824.3,Sidewalk Repair
26,2025,Sidewalk Menu,1329 N LAWNDALE AVE,5887.44,Sidewalk Repair
26,2025,Sidewalk Menu,1345 N ROCKWELL ST,14443.6,Sidewalk Repair
26,2025,Sidewalk Menu,1411 N CALIFORNIA AVE,1928.56,Sidewalk Repair
26,2025,Sidewalk Menu,1412 N KEDZIE AVE,5924.45,Sidewalk Repair
26,2025,Sidewalk Menu,1438 N LAWNDALE AVE,1831.45,Sidewalk Repair
26,2025,Sidewalk Menu,1508 N KEDZIE AVE,6327.3,Sidewalk Repair
26,2025,Sidewalk Menu,1649 N KIMBALL AVE,13851.89,Sidewalk Repair
26,2025,Sidewalk Menu,1650 N RICHMOND ST,9068.61,Sidewalk Repair
26,2025,Sidewalk Menu,1652 N ROCKWELL ST,10234.51,Sidewalk Repair
26,2025,Sidewalk Menu,1808 N KEYSTONE AVE,5630.31,Sidewalk Repair
26,2025,Sidewalk Menu,1809-1838 N TRIPP AVE; 1807 N TRIPP AVE,44180.62,Sidewalk Repair
26,2025,Sidewalk Menu,1817 N LOWELL AVE; 1813 N LOWELL AVE,13115.66,Sidewalk Repair
26,2025,Sidewalk Menu,1828 N DRAKE AVE,3320.88,Sidewalk Repair
26,2025,Sidewalk Menu,1907 N KILBOURN AVE,2675.99,Sidewalk Repair
26,2025,Sidewalk Menu,1927 N KILBOURN AVE,8013.19,Sidewalk Repair
26,2025,Sidewalk Menu,1929-1939 N TRIPP AVE,22728.97,Sidewalk Repair
26,2025,Sidewalk Menu,1941 N KEDVALE AVE,6377.59,Sidewalk Repair
26,2025,Sidewalk Menu,2014 N KILBOURN AVE,6478.09,Sidewalk Repair
26,2025,Sidewalk Menu,2027 N KEYSTONE AVE,6287.41,Sidewalk Repair
26,2025,Sidewalk Menu,2039 N KEYSTONE AVE,6408.5,Sidewalk Repair
26,2025,Sidewalk Menu,2104-2106 N KOSTNER AVE,12036.54,Sidewalk Repair
26,2025,Sidewalk Menu,2124 N LEAMINGTON AVE,3846.43,Sidewalk Repair
26,2025,Sidewalk Menu,2209 N KEATING AVE,13076.39,Sidewalk Repair
26,2025,Sidewalk Menu,2230 N KILPATRICK AVE,6506.15,Sidewalk Repair
26,2025,Sidewalk Menu,2235 N KILPATRICK AVE,9654.57,Sidewalk Repair
26,2025,Sidewalk Menu,2257 N KILBOURN AVE,16358.19,Sidewalk Repair
26,2025,Sidewalk Menu,2714 W AUGUSTA BLVD,22712.74,Sidewalk Repair
26,2025,Sidewalk Menu,2835 W DIVISION ST,9183.52,Sidewalk Repair
26,2025,Sidewalk Menu,3205 W CORTLAND ST,48661.91,Sidewalk Repair
26,2025,Sidewalk Menu,3234 W LE MOYNE ST,5375.36,Sidewalk Repair
26,2025,Sidewalk Menu,3432 W PIERCE AVE,1677.96,Sidewalk Repair
26,2025,Sidewalk Menu,4034 W CORTLAND ST,12798.32,Sidewalk Repair
26,2025,Sidewalk Menu,4610 W MCLEAN AVE,1854.03,Sidewalk Repair
26,2025,Sidewalk Menu,4648 W MCLEAN AVE,12229.07,Sidewalk Repair
26,2025,Street Light Upgrade Menu,1100 N HUMBOLDT DR,1500.0,Lighting
26,2025,Street Light Upgrade Menu,3331 W DICKENS AVE,500.0,Lighting
26,2025,Street Resurfacing Menu,ON N KILBOURN AVE FROM 1800 N TO W CORTLAND ST  (1900 N),24947.69,Street Resurfacing
26,2025,Street Resurfacing Menu,ON N LECLAIRE AVE FROM W PALMER ST  (2200 N) TO W BELDEN AVE  (2300 N),64624.1,Street Resurfacing
26,2025,Street Resurfacing Menu,ON W DICKENS AVE FROM N LARAMIE AVE  (5200 W) TO N LATROBE AVE  (5230 W),17300.53,Street Resurfacing
26,2025,Street Speed Hump Menu,ON N CHRISTIANA AVE FROM W GRAND AVE  (1020 N) TO W DIVISION ST  (1200 N),7320.0,Street Resurfacing
26,2025,Street Speed Hump Menu,ON N HARDING AVE FROM 1800 N TO W CORTLAND ST  (1900 N),4880.0,Street Resurfacing
26,2025,Street Speed Hump Menu,ON N KEELER AVE FROM W CORTLAND ST  (1900 N) TO W ARMITAGE AVE  (2000 N),4880.0,Street Resurfacing
26,2025,Street Speed Hump Menu,ON N KILDARE AVE FROM 1800 N TO W CORTLAND ST  (1900 N),4880.0,Street Resurfacing
26,2025,Street Speed Hump Menu,ON N LAWLER AVE FROM W DICKENS AVE  (2100 N) TO W PALMER ST  (2200 N),4880.0,Street Resurfacing
26,2025,Street Speed Hump Menu,ON N MAPLEWOOD AVE FROM W DIVISION ST  (1200 N) TO W POTOMAC AVE  (1300 N),4880.0,Street Resurfacing
26,2025,Street Speed Hump Menu,ON N MOZART ST FROM W NORTH AVE  (1600 N) TO W WABANSIA AVE  (1700 N),4880.0,Street Resurfacing
26,2025,Street Speed Hump Menu,ON N RIDGEWAY AVE FROM 1800 N TO W ARMITAGE AVE  (2000 N),7320.0,Street Resurfacing
26,2025,Street Speed Hump Menu,ON N SAWYER AVE FROM W ARMITAGE AVE  (2000 N) TO W DICKENS AVE  (2100 N),4880.0,Street Resurfacing
26,2025,Street Speed Hump Menu,ON N SAWYER AVE FROM W NORTH AVE  (1600 N) TO W WABANSIA AVE  (1700 N),4880.0,Street Resurfacing
26,2025,Street Speed Hump Menu,ON N SPAULDING AVE FROM W ARMITAGE AVE  (2000 N) TO W DICKENS AVE  (2100 N),4880.0,Street Resurfacing
26,2025,Street Speed Hump Menu,ON N SPAULDING AVE FROM W CORTEZ ST  (1030 N) TO W DIVISION ST  (1200 N),7320.0,Street Resurfacing
26,2025,Street Speed Hump Menu,ON N TALMAN AVE FROM W WABANSIA AVE  (1700 N) TO W CORTLAND ST  (1900 N),4880.0,Street Resurfacing
26,2025,Street Speed Hump Menu,ON N WASHTENAW AVE FROM W WABANSIA AVE  (1700 N) TO W BLOOMINGDALE AVE  (1800 N),4880.0,Street Resurfacing
26,2025,Street Speed Hump Menu,ON W CORTLAND ST FROM N LAWNDALE AVE  (3700 W) TO N RIDGEWAY AVE  (3730 W),2440.0,Street Resurfacing
26,2025,Street Speed Hump Menu,ON W DICKENS AVE FROM N KEDZIE AVE  (3200 W) TO N SAWYER AVE  (3250 W),2440.0,Street Resurfacing
26,2025,Street Speed Hump Menu,ON W HIRSCH ST FROM N ST LOUIS AVE  (3500 W) TO N CENTRAL PARK AVE  (3600 W),4880.0,Street Resurfacing
26,2025,Street Speed Hump Menu,ON W POTOMAC AVE FROM N WASHTENAW AVE  (2700 W) TO N CALIFORNIA AVE  (2800 W),4880.0,Street Resurfacing
26,2025,Street Speed Hump Menu,ON W WABANSIA AVE FROM N KEELER AVE  (4200 W) TO N KOSTNER AVE  (4400 W),9760.0,Street Resurfacing
26,2025,Street Speed Hump Menu,ON W WABANSIA AVE FROM N KIMBALL AVE  (3400 W) TO N ST LOUIS AVE  (3500 W),2440.0,Street Resurfacing
26,2025,Street Traffic Circle Menu,N FRANCISCO AVE &  W WABANSIA AVE,22109.18,Street Redesign
26,2025,Street Traffic Circle Menu,N ROCKWELL ST &  W WABANSIA AVE,5000.0,Street Redesign
26,2025,Street Traffic Circle Menu,N TALMAN AVE &  W WABANSIA AVE,4499.94,Street Redesign
26,2025,Street Traffic Circle Menu,N WASHTENAW AVE &  W WABANSIA AVE,20000.0,Street Redesign
26,2025,Street Traffic Circle Menu,W HIRSCH ST &  N LAWNDALE AVE,19310.11,Street Redesign
26,2025,Street Traffic Circle Menu,W HIRSCH ST &  N ST LOUIS AVE,21000.0,Street Redesign
26,2025,Street Traffic Circle Menu,W LE MOYNE ST &  N HAMLIN AVE,26188.61,Street Redesign
26,2025,Viaduct Improvement Menu,W HIRSCH ST &  N MONTICELLO AVE,22197.61,Viaducts
27,2025,Alley Resurfacing Menu,W AUGUSTA BLVD &  N RIDGEWAY AVE&N LAWNDALE AVE &  W IOWA ST,42809.15,Alleys
27,2025,Alley Resurfacing Menu,W CARROLL AVE &  N WHIPPLE ST&N SACRAMENTO BLVD &  W FULTON BLVD,22742.77,Alleys
27,2025,Alley Resurfacing Menu,W GLADYS AVE &  S CALIFORNIA AVE&S WASHTENAW AVE &  W VAN BUREN ST,28613.86,Alleys
27,2025,Alley Resurfacing Menu,W WARREN BLVD &  N ASHLAND AVE&N PAULINA ST &  W WASHINGTON BLVD,11556.79,Alleys
27,2025,Alley Speed Hump Menu,W IOWA ST &  N CENTRAL PARK AVE&N DRAKE AVE &  W AUGUSTA BLVD,1450.0,Alleys
27,2025,Alley Speed Hump Replacement,W AUGUSTA BLVD &  N RIDGEWAY AVE&N LAWNDALE AVE &  W IOWA ST,0.0,Alleys
27,2025,cm,ON W WARREN AVE FROM N OAKLEY BLVD  (2299 W) TO N WESTERN AVE  (2400 W),79141.2,Misc.
27,2025,Curb & Gutter Menu,2841 W JACKSON BLVD,15967.04,Street Resurfacing
27,2025,"In-Road ""State Law Stop For Pedestrians"" Sign Menu",N WELLS ST &  W HILL ST,350.0,Pedestrian Infrastructure
27,2025,Miscellaneous CDOT Projects,100 N HERMITAGE AVE,660.0,Misc. CDOT
27,2025,Miscellaneous CDOT Projects,1300 W JACKSON BLVD,660.0,Misc. CDOT
27,2025,Miscellaneous CDOT Projects,1500 N CLYBOURN AVE,22063.06,Misc. CDOT
27,2025,Miscellaneous CDOT Projects,2700 W MONROE ST,660.0,Misc. CDOT
27,2025,Pavement Markings Menu,N WELLS ST &  W HILL ST,2300.0,Street Redesign
27,2025,Pavement Markings Menu,ON S OAKLEY AVE FROM W MONROE ST  (100 S) TO W JACKSON BLVD  (300 S),2500.0,Street Redesign
27,2025,Pavement Markings Menu,ON W MONROE ST FROM S LAFLIN ST  (1500 W) TO W OGDEN AVE  (1630 W),8250.0,Street Redesign
27,2025,Sidewalk Menu,2817 W FIFTH AVE,21588.55,Sidewalk Repair
27,2025,Sidewalk Menu,ON N MOHAWK ST FROM N CLYBOURN AVE  (1300 N) TO W BLACKHAWK ST  (1500 N),147007.86,Sidewalk Repair
27,2025,Sidewalk Menu,ON N ORLEANS ST FROM W OAK ST  (1000 N) TO W HILL ST  (1100 N),35530.41,Sidewalk Repair
27,2025,Sidewalk Menu,ON N RACINE AVE FROM N MILWAUKEE AVE  (900 N) TO W AUGUSTA BLVD  (1000 N); 918 N RACINE AVE,121211.93,Sidewalk Repair
27,2025,Sidewalk Menu,ON W SUPERIOR ST FROM N NOBLE ST  (1400 W) TO N BISHOP ST  (1450 W),28617.38,Sidewalk Repair
27,2025,Street Bump Outs Menu,W MONROE ST &  S LAFLIN ST,32000.0,Pedestrian Infrastructure
27,2025,Street Bump Outs Menu,W WASHINGTON BLVD &  N DAMEN AVE,2361.51,Pedestrian Infrastructure
27,2025,Street Light Upgrade Menu,731 N SPAULDING AVE,500.0,Lighting
27,2025,Street Resurfacing Menu,ON N CARPENTER ST FROM W HUBBARD ST  (440 N) TO W GRAND AVE  (500 N),13701.01,Street Resurfacing
27,2025,Street Resurfacing Menu,ON N ELIZABETH ST FROM W RANDOLPH ST  (150 N) TO W CARROLL AVE  (340 N),87085.72,Street Resurfacing
27,2025,Street Resurfacing Menu,ON N GREEN ST FROM W HUBBARD ST  (440 N) TO W GRAND AVE  (500 N),46420.05,Street Resurfacing
27,2025,Street Resurfacing Menu,ON N LAWNDALE AVE FROM W CHICAGO AVE  (800 N) TO W IOWA ST  (900 N),69585.89,Street Resurfacing
27,2025,Street Resurfacing Menu,ON N LOOMIS ST FROM W MADISON ST  (0 S) TO W WASHINGTON BLVD  (100 N),27979.6,Street Resurfacing
27,2025,Street Resurfacing Menu,ON N MAY ST FROM N OGDEN AVE  (670 N) TO W CHICAGO AVE  (800 N),40633.55,Street Resurfacing
27,2025,Street Resurfacing Menu,ON N MAY ST FROM W HUBBARD ST  (440 N) TO W GRAND AVE  (500 N),36891.1,Street Resurfacing
27,2025,Street Resurfacing Menu,ON N MORGAN ST FROM W HUBBARD ST  (440 N) TO W GRAND AVE  (500 N),40702.05,Street Resurfacing
27,2025,Street Resurfacing Menu,ON N PEORIA ST FROM W ERIE ST  (640 N) TO W ANCONA ST  (660 N),12694.93,Street Resurfacing
27,2025,Street Resurfacing Menu,ON N THROOP ST FROM W HURON ST  (700 N) TO W CHICAGO AVE  (800 N),57784.17,Street Resurfacing
27,2025,Street Resurfacing Menu,ON S MOZART ST FROM W JACKSON BLVD  (300 S) TO W VAN BUREN ST  (400 S),42483.2,Street Resurfacing
27,2025,Street Resurfacing Menu,ON S SEELEY AVE FROM 40 S TO W MADISON ST  (0 S),39870.06,Street Resurfacing
27,2025,Street Resurfacing Menu,ON S THROOP ST FROM W ADAMS ST  (200 S) TO W JACKSON BLVD  (300 S),45229.2,Street Resurfacing
27,2025,Street Resurfacing Menu,ON W CORTEZ ST FROM 1349 W TO N MILWAUKEE AVE  (1300 W),53121.12,Street Resurfacing
27,2025,Street Resurfacing Menu,ON W FERDINAND ST FROM N LEAVITT ST  (2200 W) TO N OAKLEY BLVD  (2300 W),32532.25,Street Resurfacing
27,2025,Street Resurfacing Menu,ON W GRENSHAW ST FROM S DAMEN AVE  (2000 W) TO S HAMILTON AVE  (2200 W),155603.51,Street Resurfacing
27,2025,Street Speed Hump Menu,ON N AVERS AVE FROM W HURON ST  (700 N) TO W CHICAGO AVE  (800 N),4880.0,Street Resurfacing
27,2025,Street Speed Hump Menu,ON S FRANCISCO AVE FROM W ADAMS ST  (200 S) TO W JACKSON BLVD  (300 S),2440.0,Street Resurfacing
27,2025,Street Speed Hump Menu,ON S OAKLEY AVE FROM W MADISON ST  (0 S) TO W VAN BUREN ST  (400 S),9760.0,Street Resurfacing
27,2025,Street Speed Hump Menu,ON S SEELEY AVE FROM 40 S TO W MADISON ST  (0 S),2440.0,Street Resurfacing
27,2025,Street Speed Hump Replacement,ON N GREEN ST FROM W HUBBARD ST  (440 N) TO W GRAND AVE  (500 N),0.0,Street Resurfacing
27,2025,Street Speed Hump Replacement,ON N LAWNDALE AVE FROM W CHICAGO AVE  (800 N) TO W IOWA ST  (900 N),0.0,Street Resurfacing
28,2025,Alley Resurfacing Menu,2420 W GRENSHAW ST; W GRENSHAW ST &  S WESTERN AVE&S CAMPBELL AVE &  W FILLMORE ST,43286.95,Alleys
28,2025,Alley Resurfacing Menu,2420 W TAYLOR ST; W TAYLOR ST &  S WESTERN AVE&S CAMPBELL AVE &  W ARTHINGTON ST,43488.97,Alleys
28,2025,Alley Resurfacing Menu,S SACRAMENTO BLVD &  W ROOSEVELT RD&W FILLMORE ST &  S WHIPPLE ST,47641.6,Alleys
28,2025,Alley Resurfacing Menu,W 12TH PL &  S FAIRFIELD AVE&S CALIFORNIA BLVD &  W 14TH ST,65782.52,Alleys
28,2025,Alley Resurfacing Menu,W 12TH PL &  S WASHTENAW AVE&S FAIRFIELD AVE &  W 14TH ST,34311.52,Alleys
28,2025,Alley Resurfacing Menu,W BOWLER ST &  W POLK ST&S LEAVITT ST &  W OGDEN AVE,53419.99,Alleys
28,2025,Alley Resurfacing Menu,W CONGRESS PKWY &  S SPAULDING AVE&S HOMAN AVE &  W VAN BUREN ST,14106.63,Alleys
28,2025,Alley Resurfacing Menu,W FIFTH AVE &  S WHIPPLE ST&S SACRAMENTO BLVD &  W JACKSON BLVD; 3010 W JACKSON BLVD,63476.94,Alleys
28,2025,Alley Resurfacing Menu,W FILLMORE ST &  S MOZART ST&S FRANCISCO AVE &  W ROOSEVELT RD,40988.35,Alleys
28,2025,Alley Resurfacing Menu,W FILLMORE ST &  S WHIPPLE ST&S ALBANY AVE &  W ROOSEVELT RD,46210.53,Alleys
28,2025,Alley Resurfacing Menu,W FULTON ST &  N KOSTNER AVE&N KILBOURN AVE &  W LAKE ST,10705.86,Alleys
28,2025,Alley Resurfacing Menu,W HARRISON ST &  S CALIFORNIA AVE&S FRANCISCO AVE &  W FLOURNOY ST,34822.54,Alleys
28,2025,Alley Resurfacing Menu,W HARRISON ST &  S WASHTENAW AVE&S CALIFORNIA AVE &  W FLOURNOY ST,33588.84,Alleys
28,2025,Alley Resurfacing Menu,W JACKSON BLVD &  S ALBANY AVE&S TROY ST &  W FIFTH AVE,63802.38,Alleys
28,2025,Alley Resurfacing Menu,W TAYLOR ST &  S LOOMIS ST&S ADA ST &  W ARTHINGTON ST,5253.09,Alleys
28,2025,Alley Resurfacing Menu,W VAN BUREN ST &  S ST LOUIS AVE&S CENTRAL PARK AVE &  W CONGRESS PKWY,51463.62,Alleys
28,2025,Alley Speed Hump Menu,W LEXINGTON ST &  S CAMPBELL AVE&S MAPLEWOOD AVE &  W POLK ST,725.0,Alleys
28,2025,Alley Speed Hump Menu,W WASHINGTON BLVD &  N CICERO AVE&N LAMON AVE &  W MADISON ST,1450.0,Alleys
28,2025,Alley Speed Hump Menu,W WILCOX ST &  S SPRINGFIELD AVE&S HAMLIN BLVD &  W ADAMS ST,2175.0,Alleys
28,2025,Alley Speed Hump Replacement,S SACRAMENTO BLVD &  W ROOSEVELT RD&W FILLMORE ST &  S WHIPPLE ST,0.0,Alleys
28,2025,Alley Speed Hump Replacement,W 12TH PL &  S FAIRFIELD AVE&S CALIFORNIA BLVD &  W 14TH ST,0.0,Alleys
28,2025,Alley Speed Hump Replacement,W 12TH PL &  S WASHTENAW AVE&S FAIRFIELD AVE &  W 14TH ST,0.0,Alleys
28,2025,Alley Speed Hump Replacement,W BOWLER ST &  W POLK ST&S LEAVITT ST &  W OGDEN AVE,0.0,Alleys
28,2025,Alley Speed Hump Replacement,W CONGRESS PKWY &  S SPAULDING AVE&S HOMAN AVE &  W VAN BUREN ST,0.0,Alleys
28,2025,Alley Speed Hump Replacement,W GRENSHAW ST &  S WESTERN AVE&S CAMPBELL AVE &  W FILLMORE ST; 2420 W GRENSHAW ST,0.0,Alleys
28,2025,Alley Speed Hump Replacement,W HARRISON ST &  S CALIFORNIA AVE&S FRANCISCO AVE &  W FLOURNOY ST,0.0,Alleys
28,2025,Alley Speed Hump Replacement,W JACKSON BLVD &  S ALBANY AVE&S TROY ST &  W FIFTH AVE,0.0,Alleys
28,2025,Alley Speed Hump Replacement,W TAYLOR ST &  S WESTERN AVE&S CAMPBELL AVE &  W ARTHINGTON ST; 2420 W TAYLOR ST,0.0,Alleys
28,2025,Miscellaneous CDOT Projects,1101 S DESPLAINES ST,660.0,Misc. CDOT
28,2025,Miscellaneous CDOT Projects,3521 W MADISON ST,300.0,Misc. CDOT
28,2025,Miscellaneous CDOT Projects,3842 W WEST END AVE,150.0,Misc. CDOT
28,2025,Miscellaneous CDOT Projects,4937 W ADAMS ST,150.0,Misc. CDOT
28,2025,Sidewalk Menu,440 N KILBOURN AVE,40410.11,Sidewalk Repair
28,2025,Sidewalk Menu,ON S SACRAMENTO AVE FROM W JACKSON BLVD  (300 S) TO W VAN BUREN ST  (400 S),155944.77,Sidewalk Repair
28,2025,"Special Lighting Upgrade, People Plaza at Bishop & Taylor; New Receptacle controller, Smart fixtures with outlets.",S BISHOP ST &  W TAYLOR ST,145000.0,Lighting
28,2025,Street Cul-de-Sac Menu,2440 W WASHBURNE AVE,36660.41,Street Redesign
28,2025,Street Cul-de-Sac Menu,2900 W TAYLOR ST,4369.88,Street Redesign
28,2025,Street Light Pole Painting Menu,S CENTRAL PARK AVE &  W FIFTH AVE; S CENTRAL PARK BLVD &  W JACKSON BLVD,8120.0,Lighting
28,2025,Street Resurfacing Menu,ON S CHRISTIANA AVE FROM W GLADYS AVE  (340 S) TO W VAN BUREN ST  (400 S),30184.23,Street Resurfacing
28,2025,Street Resurfacing Menu,ON S CLAREMONT AVE FROM W CONGRESS PKWY  (500 S) TO W HARRISON ST  (600 S),34325.92,Street Resurfacing
28,2025,Street Resurfacing Menu,ON S MILLARD AVE FROM W FIFTH AVE  (500 S) TO W CONGRESS PKWY  (520 S),19079.56,Street Resurfacing
28,2025,Street Resurfacing Menu,ON S MORGAN ST FROM W ROOSEVELT RD  (1200 S) TO W 14TH ST  (1400 S),15293.23,Street Resurfacing
28,2025,Street Resurfacing Menu,ON S RICHMOND ST FROM W FILLMORE ST  (1100 S) TO W ROOSEVELT RD  (1200 S),45869.33,Street Resurfacing
28,2025,Street Resurfacing Menu,ON S ST LOUIS AVE FROM W FIFTH AVE  (330 S) TO W CONGRESS PKWY  (500 S),38183.3,Street Resurfacing
28,2025,Street Resurfacing Menu,ON W 13TH ST FROM S OAKLEY AVE  (2300 W) TO S WESTERN AVE  (2400 W),73502.19,Street Resurfacing
28,2025,Street Resurfacing Menu,ON W 14TH ST FROM S FAIRFIELD AVE  (2730 W) TO S CALIFORNIA BLVD  (2800 W),21758.55,Street Resurfacing
28,2025,Street Resurfacing Menu,ON W FILLMORE ST FROM S CALIFORNIA AVE  (2800 W) TO S FRANCISCO AVE  (2900 W),71331.04,Street Resurfacing
28,2025,Street Speed Hump Menu,ON W POLK ST FROM S OAKLEY BLVD  (2300 W) TO S WESTERN AVE  (2400 W),1632.92,Street Resurfacing
28,2025,Street Speed Hump Replacement,ON S ST LOUIS AVE FROM W FIFTH AVE  (330 S) TO W CONGRESS PKWY  (500 S),0.0,Street Resurfacing
28,2025,Street Speed Hump Replacement,ON W 14TH ST FROM S FAIRFIELD AVE  (2730 W) TO S CALIFORNIA BLVD  (2800 W),0.0,Street Resurfacing
28,2025,Street Speed Hump Replacement,ON W FILLMORE ST FROM S CALIFORNIA AVE  (2800 W) TO S FRANCISCO AVE  (2900 W),0.0,Street Resurfacing
28,2025,Viaduct Improvement Menu,2543 W OGDEN AVE,68266.39,Viaducts
29,2025,Alley Resurfacing Menu,5825 W AUGUSTA BLVD; W AUGUSTA BLVD &  N MAYFIELD AVE&N MENARD AVE &  W WALTON ST,26479.4,Alleys
29,2025,Alley Resurfacing Menu,N MAJOR AVE &  W NORTH AVE&W WABANSIA AVE &  N MANGO AVE,42034.32,Alleys
29,2025,Alley Resurfacing Menu,N MAYFIELD AVE &  W LE MOYNE ST&W NORTH AVE &  N MASON AVE,57824.47,Alleys
29,2025,Alley Resurfacing Menu,N MAYFIELD AVE &  W THOMAS ST&W AUGUSTA BLVD &  N MONITOR AVE,35347.85,Alleys
29,2025,Alley Resurfacing Menu,N MONITOR AVE &  W POTOMAC AVE&W HIRSCH ST &  N MAYFIELD AVE,42961.33,Alleys
29,2025,Alley Resurfacing Menu,N NATCHEZ AVE &  W CORTLAND ST&W BLOOMINGDALE AVE &  N NAGLE AVE,34639.46,Alleys
29,2025,Alley Resurfacing Menu,S MAYFIELD AVE &  W FILLMORE ST&W ARTHINGTON ST &  S MASON AVE,43657.75,Alleys
29,2025,Alley Resurfacing Menu,W POTOMAC AVE &  N MENARD AVE&N MASSASOIT AVE &  W DIVISION ST,47417.94,Alleys
29,2025,Alley Speed Hump Menu,852 N WALLER AVE,725.0,Alleys
29,2025,Alley Speed Hump Menu,W POTOMAC AVE &  N WALLER AVE&N PARKSIDE AVE &  W DIVISION ST,1450.0,Alleys
29,2025,Alley Speed Hump Replacement,5825 W AUGUSTA BLVD; W AUGUSTA BLVD &  N MAYFIELD AVE&N MENARD AVE &  W WALTON ST,0.0,Alleys
29,2025,Alley Speed Hump Replacement,N MAJOR AVE &  W NORTH AVE&W WABANSIA AVE &  N MANGO AVE,0.0,Alleys
29,2025,Alley Speed Hump Replacement,N MAYFIELD AVE &  W LE MOYNE ST&W NORTH AVE &  N MASON AVE,0.0,Alleys
29,2025,Alley Speed Hump Replacement,N MAYFIELD AVE &  W THOMAS ST&W AUGUSTA BLVD &  N MONITOR AVE,0.0,Alleys
29,2025,Alley Speed Hump Replacement,N MONITOR AVE &  W POTOMAC AVE&W HIRSCH ST &  N MAYFIELD AVE,0.0,Alleys
29,2025,Alley Speed Hump Replacement,S MAYFIELD AVE &  W FILLMORE ST&W ARTHINGTON ST &  S MASON AVE,0.0,Alleys
29,2025,Alley Speed Hump Replacement,W POTOMAC AVE &  N MENARD AVE&N MASSASOIT AVE &  W DIVISION ST,0.0,Alleys
29,2025,Bollard Menu,7039 W GRAND AVE; 2379 N NORDICA AVE,1292.35,Pedestrian Infrastructure
29,2025,Harambee Community Garden - 445 N Waller Ave - installation of pergola and lighting,445 N WALLER AVE,10650.0,Lighting
29,2025,Miscellaneous CDOT Projects,1204 N MASON AVE,660.0,Misc. CDOT
29,2025,Miscellaneous CDOT Projects,48 N PINE AVE,150.0,Misc. CDOT
29,2025,Miscellaneous CDOT Projects,5500 W NORTH AVE,660.0,Misc. CDOT
29,2025,Rutherford Sayer Park - Nature Play Space,6871 W BELDEN AVE,25000.0,Parks
29,2025,Sidewalk Menu,5837-5839 W ARTHINGTON ST,26311.1,Sidewalk Repair
29,2025,Speed Indicator Signs,2052 N OAK PARK AVE,32620.7,Traffic Signals
29,2025,Street Bump Outs Menu,N WALLER AVE &  W WASHINGTON BLVD,20000.0,Pedestrian Infrastructure
29,2025,Street Bump Outs Menu,S AUSTIN BLVD &  W ARTHINGTON ST,20000.0,Pedestrian Infrastructure
29,2025,Street Bump Outs Menu,W FILLMORE ST &  S MENARD AVE,25135.24,Pedestrian Infrastructure
29,2025,Street Light Pole for High Definition Camera Menu,2052 N OAK PARK AVE,3000.0,Lighting
29,2025,Street Light Upgrade Menu,1836 N NORMANDY AVE,500.0,Lighting
29,2025,Street Light Upgrade Menu,5026-5028 W CONGRESS PKWY,500.0,Lighting
29,2025,Street Light Upgrade Menu,5508 W JACKSON BLVD,500.0,Lighting
29,2025,Street Resurfacing Menu,ON N MASON AVE FROM W HIRSCH ST  (1400 N) TO W LE MOYNE ST  (1500 N),52993.9,Street Resurfacing
29,2025,Street Resurfacing Menu,ON N MASON AVE FROM W MADISON ST  (0 S) TO W WASHINGTON BLVD  (100 N),9684.86,Street Resurfacing
29,2025,Street Resurfacing Menu,ON N MASON AVE FROM W WASHINGTON BLVD  (100 N) TO W FULTON ST  (300 N),61771.06,Street Resurfacing
29,2025,Street Resurfacing Menu,ON N MELVINA AVE FROM W NORTH AVE  (1600 N) TO W WABANSIA AVE  (1700 N),54211.01,Street Resurfacing
29,2025,Street Resurfacing Menu,ON N MENARD AVE FROM W AUGUSTA BLVD  (1000 N) TO W THOMAS ST  (1100 N),55706.99,Street Resurfacing
29,2025,Street Resurfacing Menu,ON N MENARD AVE FROM W LE MOYNE ST  (1500 N) TO W NORTH AVE  (1600 N),41367.47,Street Resurfacing
29,2025,Street Resurfacing Menu,ON N MONITOR AVE FROM W AUGUSTA BLVD  (1000 N) TO W DIVISION ST  (1200 N),101605.27,Street Resurfacing
29,2025,Street Resurfacing Menu,ON N MOODY AVE FROM W WABANSIA AVE  (1700 N) TO W BLOOMINGDALE AVE  (1800 N),55342.66,Street Resurfacing
29,2025,Street Resurfacing Menu,ON N NATOMA AVE FROM W BLOOMINGDALE AVE  (1800 N) TO W CORTLAND ST  (1900 N),66211.86,Street Resurfacing
29,2025,Street Resurfacing Menu,ON N OCONTO AVE FROM W WELLINGTON AVE  (3000 N) TO W BELMONT AVE  (3200 N),99277.12,Street Resurfacing
29,2025,Street Resurfacing Menu,ON N OKETO AVE FROM W BARRY AVE  (3100 N) TO W BELMONT AVE  (3200 N),56779.64,Street Resurfacing
29,2025,Street Resurfacing Menu,ON W CONGRESS PKWY FROM S LAVERGNE AVE  (5000 W) TO S LEAMINGTON AVE  (5100 W),105439.45,Street Resurfacing
29,2025,Street Resurfacing Menu,ON W MIDWAY PARK FROM 5709 W TO N MAYFIELD AVE  (5900 W),109739.7,Street Resurfacing
29,2025,Street Resurfacing Menu,ON W OHIO ST FROM N MAYFIELD AVE  (5900 W) TO N AUSTIN BLVD  (6000 W),58630.92,Street Resurfacing
29,2025,Street Resurfacing Menu,ON W SUPERIOR ST FROM N AUSTIN BLVD  (6000 W) TO N MAYFIELD AVE  (5900 W),22636.17,Street Resurfacing
29,2025,Street Speed Hump Menu,ON N MEADE AVE FROM W NORTH AVE  (1600 N) TO W WABANSIA AVE  (1700 N),4880.0,Street Resurfacing
29,2025,Street Speed Hump Menu,ON N NORDICA AVE FROM W ALTGELD ST  (2500 N) TO W WRIGHTWOOD AVE  (2600 N),4880.0,Street Resurfacing
29,2025,Street Speed Hump Menu,ON N NORDICA AVE FROM W WABANSIA AVE  (1700 N) TO W BLOOMINGDALE AVE  (1800 N),4880.0,Street Resurfacing
29,2025,Street Speed Hump Menu,ON N PARKSIDE AVE FROM W LAKE ST  (420 N) TO W RACE AVE  (500 N),2440.0,Street Resurfacing
29,2025,Street Speed Hump Menu,ON S LAVERGNE AVE FROM W CONGRESS PKWY  (500 S) TO W HARRISON ST  (600 S),2440.0,Street Resurfacing
29,2025,Street Speed Hump Menu,ON W DICKENS AVE FROM N NORDICA AVE  (7100 W) TO N NEVA AVE  (7150 W),2440.0,Street Resurfacing
29,2025,Street Speed Hump Menu,ON W WABANSIA AVE FROM N NEWLAND AVE  (6930 W) TO N SAYRE AVE  (7000 W),2440.0,Street Resurfacing
29,2025,Street Speed Hump Menu,ON W WABANSIA AVE FROM N NORDICA AVE  (7100 W) TO N NEVA AVE  (7150 W),2440.0,Street Resurfacing
29,2025,Street Speed Hump Replacement,ON N MASON AVE FROM W MADISON ST  (0 S) TO W WASHINGTON BLVD  (100 N),0.0,Street Resurfacing
29,2025,Street Speed Hump Replacement,ON N MASON AVE FROM W WASHINGTON BLVD  (100 N) TO W FULTON ST  (300 N),0.0,Street Resurfacing
29,2025,Street Speed Hump Replacement,ON N MENARD AVE FROM W AUGUSTA BLVD  (1000 N) TO W THOMAS ST  (1100 N),0.0,Street Resurfacing
29,2025,Street Speed Hump Replacement,ON N MONITOR AVE FROM W AUGUSTA BLVD  (1000 N) TO W DIVISION ST  (1200 N),0.0,Street Resurfacing
29,2025,Street Speed Hump Replacement,ON N NATOMA AVE FROM W BLOOMINGDALE AVE  (1800 N) TO W CORTLAND ST  (1900 N),0.0,Street Resurfacing
29,2025,Street Speed Hump Replacement,ON N OKETO AVE FROM W BARRY AVE  (3100 N) TO W BELMONT AVE  (3200 N),0.0,Street Resurfacing
29,2025,Street Speed Hump Replacement,ON W CONGRESS PKWY FROM S LAVERGNE AVE  (5000 W) TO S LEAMINGTON AVE  (5100 W),0.0,Street Resurfacing
29,2025,"Veteran's Peace Community Garden Improvements - fencing, stone repair, and pergola wood treatment",5413 W MADISON ST,15000.0,Parks
30,2025,Alley Apron Menu,4252-4256 W GRACE ST,19002.61,Alleys
30,2025,Alley Resurfacing Menu,4140 W HENDERSON ST; W HENDERSON ST &  N KEDVALE AVE&N KEELER AVE &  W ROSCOE ST,42127.01,Alleys
30,2025,Alley Resurfacing Menu,W ADDISON ST &  N MEADE AVE&N MELVINA AVE &  W EDDY ST; 6101 W ADDISON ST,29262.77,Alleys
30,2025,Alley Resurfacing Menu,W PATTERSON AVE &  N LECLAIRE AVE&N LARAMIE AVE &  W ADDISON ST; 5101 W PATTERSON AVE,26942.91,Alleys
30,2025,Alley Speed Hump Menu,N MAJOR AVE &  W DIVERSEY AVE&W GEORGE ST &  N PARKSIDE AVE,2900.0,Alleys
30,2025,Alley Speed Hump Removal Menu,N MAJOR AVE &  W DIVERSEY AVE&W GEORGE ST &  N PARKSIDE AVE,2900.0,Alleys
30,2025,Alley Speed Hump Replacement,4140 W HENDERSON ST; W HENDERSON ST &  N KEDVALE AVE&N KEELER AVE &  W ROSCOE ST,0.0,Alleys
30,2025,Alley Speed Hump Replacement,W PATTERSON AVE &  N LECLAIRE AVE&N LARAMIE AVE &  W ADDISON ST; 5101 W PATTERSON AVE,0.0,Alleys
30,2025,Bollard Menu,5943 W ROSCOE ST,2182.48,Pedestrian Infrastructure
30,2025,"In-Road ""State Law Stop For Pedestrians"" Sign Menu",W BELMONT AVE &  N MEADE AVE,600.0,Pedestrian Infrastructure
30,2025,Miscellaneous CDOT Projects,3600 N LINDER AVE,660.0,Misc. CDOT
30,2025,Miscellaneous CDOT Projects,3600 N MILWAUKEE AVE,660.0,Misc. CDOT
30,2025,Miscellaneous CDOT Projects,3701 N HARDING AVE,660.0,Misc. CDOT
30,2025,Miscellaneous CDOT Projects,5601 W GRAND AVE,33500.0,Misc. CDOT
30,2025,Pavement Markings Menu,2941 N MCVICKER AVE; 3231 N SPRINGFIELD AVE; 3815 N KEDVALE AVE,60000.0,Street Redesign
30,2025,Pavement Markings Menu,ON W BELMONT AVE FROM N PULASKI RD  (4000 W) TO N KILBOURN AVE  (4500 W),6500.0,Street Redesign
30,2025,Pavement Markings Menu,W BELMONT AVE &  N KARLOV AVE,4000.0,Street Redesign
30,2025,Sidewalk Menu,3633 N SPRINGFIELD AVE; 3642 N SPRINGFIELD AVE; 3652 N SPRINGFIELD AVE,36145.28,Sidewalk Repair
30,2025,Sidewalk Menu,3663 N AVERS AVE; 3600 N AVERS AVE; 3634 N AVERS AVE; 3640 N AVERS AVE,43984.52,Sidewalk Repair
30,2025,Sidewalk Menu,4157-4200 W HENDERSON ST,18110.75,Sidewalk Repair
30,2025,Sidewalk Menu,5637 W SCHOOL ST,2178.59,Sidewalk Repair
30,2025,Sidewalk Menu,5835 W DIVERSEY AVE,56727.46,Sidewalk Repair
30,2025,Sidewalk Menu,ON N HARDING AVE FROM W ADDISON ST  (3600 N) TO W WAVELAND AVE  (3700 N),36115.76,Sidewalk Repair
30,2025,Street Bump Outs Menu,N KEELER AVE &  W GRACE ST,21901.8,Pedestrian Infrastructure
30,2025,Street Bump Outs Menu,N KEELER AVE &  W WAVELAND AVE,4255.64,Pedestrian Infrastructure
30,2025,Street Light Upgrade Menu,6046 W CORNELIA AVE,500.0,Lighting
30,2025,Street Resurfacing Menu,ON N LAWNDALE AVE FROM W GRACE ST  (3800 N) TO W BYRON ST  (3900 N),59364.63,Street Resurfacing
30,2025,Street Resurfacing Menu,ON N LOWELL AVE FROM W WAVELAND AVE  (3700 N) TO W BYRON ST  (3900 N),118379.01,Street Resurfacing
30,2025,Street Resurfacing Menu,ON N MEADE AVE FROM W SCHUBERT AVE  (2700 N) TO W DIVERSEY AVE  (2800 N),53455.69,Street Resurfacing
30,2025,Street Resurfacing Menu,ON N MELVINA AVE FROM W BELMONT AVE  (3200 N) TO W ROSCOE ST  (3400 N),140619.31,Street Resurfacing
30,2025,Street Resurfacing Menu,ON N MENARD AVE FROM W ALTGELD ST  (2500 N) TO W WRIGHTWOOD AVE  (2600 N),60768.59,Street Resurfacing
30,2025,Street Resurfacing Menu,ON W DAKIN ST FROM N SPRINGFIELD AVE  (3900 W) TO N PULASKI RD  (4000 W),38310.17,Street Resurfacing
30,2025,Street Resurfacing Menu,ON W EDDY ST FROM N SPRINGFIELD AVE  (3900 W) TO N PULASKI RD  (4000 W),50299.15,Street Resurfacing
30,2025,Street Resurfacing Menu,ON W MELROSE ST FROM N LOCKWOOD AVE  (5300 W) TO N LONG AVE  (5400 W),53904.04,Street Resurfacing
30,2025,Street Resurfacing Menu,ON W PATTERSON AVE FROM 4058 W TO N PULASKI RD  (4000 W),55476.62,Street Resurfacing
30,2025,Street Resurfacing Menu,ON W ROSCOE ST FROM N LAWNDALE AVE  (3700 W) TO N HAMLIN AVE  (3800 W),67113.1,Street Resurfacing
30,2025,Street Speed Hump Menu,ON N KILDARE AVE FROM W CORNELIA AVE  (3500 N) TO N MILWAUKEE AVE  (3580 N),2440.0,Street Resurfacing
30,2025,Street Speed Hump Menu,ON N LAWNDALE AVE FROM W GRACE ST  (3800 N) TO W BYRON ST  (3900 N),4880.0,Street Resurfacing
30,2025,Street Speed Hump Menu,ON N MAJOR AVE FROM W EDDY ST  (3530 N) TO W ADDISON ST  (3600 N),2440.0,Street Resurfacing
30,2025,Street Speed Hump Menu,ON N MAJOR AVE FROM W WRIGHTWOOD AVE  (2600 N) TO W SCHUBERT AVE  (2700 N),4880.0,Street Resurfacing
30,2025,Street Speed Hump Menu,ON N MEADE AVE FROM W SCHUBERT AVE  (2700 N) TO W DIVERSEY AVE  (2800 N),4880.0,Street Resurfacing
30,2025,Street Speed Hump Menu,ON N MELVINA AVE FROM W GEORGE ST  (2900 N) TO W WELLINGTON AVE  (3000 N),4880.0,Street Resurfacing
30,2025,Street Speed Hump Menu,ON N RIDGEWAY AVE FROM W SCHOOL ST  (3300 N) TO W ROSCOE ST  (3400 N),4880.0,Street Resurfacing
30,2025,Street Speed Hump Menu,ON W CORNELIA AVE FROM N MEADE AVE  (6100 W) TO N MELVINA AVE  (6200 W),4880.0,Street Resurfacing
30,2025,Street Speed Hump Menu,ON W WARWICK AVE FROM N CICERO AVE  (4800 W) TO N LAMON AVE  (4900 W),4880.0,Street Resurfacing
30,2025,Street Speed Hump Replacement,ON N MELVINA AVE FROM W BELMONT AVE  (3200 N) TO W ROSCOE ST  (3400 N),0.0,Street Resurfacing
30,2025,Street Speed Hump Replacement,ON N MENARD AVE FROM W ALTGELD ST  (2500 N) TO W WRIGHTWOOD AVE  (2600 N),0.0,Street Resurfacing
30,2025,Street Speed Hump Replacement,ON W EDDY ST FROM N SPRINGFIELD AVE  (3900 W) TO N PULASKI RD  (4000 W); 3900 W EDDY ST,0.0,Street Resurfacing
31,2025,Alley Apron Menu,2951 N LONG AVE,16423.46,Alleys
31,2025,Alley Resurfacing Menu,2300-2358 N KOSTNER AVE; N KOSTNER AVE &  W BELDEN AVE&W FULLERTON AVE &  N KENNETH AVE,4761.23,Alleys
31,2025,Alley Resurfacing Menu,2800 N LONG AVE; N LONG AVE &  W DIVERSEY AVE&W GEORGE ST &  N LOTUS AVE,40104.2,Alleys
31,2025,Alley Resurfacing Menu,5400 W FULLERTON AVE; W FULLERTON AVE &  N LONG AVE&N LOTUS AVE &  W ALTGELD ST,46655.1,Alleys
31,2025,Alley Resurfacing Menu,N KENNETH AVE &  W GEORGE ST&W WELLINGTON AVE &  N KILBOURN AVE,41789.44,Alleys
31,2025,Alley Resurfacing Menu,N KENNETH AVE &  W WELLINGTON AVE&W BARRY AVE &  N KILBOURN AVE,34544.44,Alleys
31,2025,Alley Resurfacing Menu,W ALTGELD ST &  N KILPATRICK AVE&N CICERO AVE &  W DEMING PL,39393.49,Alleys
31,2025,Alley Resurfacing Menu,W BELDEN AVE &  N LAMON AVE&N LAVERGNE AVE &  W MEDILL AVE,31375.97,Alleys
31,2025,Alley Resurfacing Menu,W DEMING PL &  N KILBOURN AVE&N KENTON AVE &  W WRIGHTWOOD AVE,43163.35,Alleys
31,2025,Alley Resurfacing Menu,W DEMING PL &  N KOSTNER AVE&N KILBOURN AVE &  W WRIGHTWOOD AVE,34591.95,Alleys
31,2025,Alley Resurfacing Menu,W NELSON ST &  N LAVERGNE AVE&N LECLAIRE AVE &  W BARRY AVE,37339.77,Alleys
31,2025,Alley Speed Hump Replacement,5400 W FULLERTON AVE; W FULLERTON AVE &  N LONG AVE&N LOTUS AVE &  W ALTGELD ST,0.0,Alleys
31,2025,Alley Speed Hump Replacement,N KENNETH AVE &  W GEORGE ST&W WELLINGTON AVE &  N KILBOURN AVE,0.0,Alleys
31,2025,Alley Speed Hump Replacement,N KENNETH AVE &  W WELLINGTON AVE&W BARRY AVE &  N KILBOURN AVE,0.0,Alleys
31,2025,Alley Speed Hump Replacement,W ALTGELD ST &  N KILPATRICK AVE&N CICERO AVE &  W DEMING PL,0.0,Alleys
31,2025,Alley Speed Hump Replacement,W BELDEN AVE &  N LAMON AVE&N LAVERGNE AVE &  W MEDILL AVE,0.0,Alleys
31,2025,Alley Speed Hump Replacement,W DEMING PL &  N KILBOURN AVE&N KENTON AVE &  W WRIGHTWOOD AVE,0.0,Alleys
31,2025,Alley Speed Hump Replacement,W DEMING PL &  N KOSTNER AVE&N KILBOURN AVE &  W WRIGHTWOOD AVE,0.0,Alleys
31,2025,Alley Speed Hump Replacement,W NELSON ST &  N LAVERGNE AVE&N LECLAIRE AVE &  W BARRY AVE,0.0,Alleys
31,2025,Curb & Gutter Menu,5307 W SCHUBERT AVE,24817.99,Street Resurfacing
31,2025,Floodlight Menu,2318 N LAVERGNE AVE,5750.0,Lighting
31,2025,Sidewalk Menu,3111 N KOSTNER AVE,5715.44,Sidewalk Repair
31,2025,Sidewalk Menu,4175 W FLETCHER ST,2305.86,Sidewalk Repair
31,2025,Sidewalk Menu,5019 W WRIGHTWOOD AVE,4755.95,Sidewalk Repair
31,2025,Sidewalk Menu,5420 W DRUMMOND PL; 5434 W DRUMMOND PL; 5418 W DRUMMOND PL,5651.82,Sidewalk Repair
31,2025,Sidewalk Menu,ON N AVERS AVE FROM W WELLINGTON AVE  (3000 N) TO N MILWAUKEE AVE  (3110 N); 3010-3072 N AVERS AVE,128764.34,Sidewalk Repair
31,2025,Sidewalk Menu,ON N HAUSSEN CT FROM W BARRY AVE  (3030 N) TO N MILWAUKEE AVE  (3134 N); 3040-3102 N HAUSSEN CT; 3037-3107 N HAUSSEN CT,198511.25,Sidewalk Repair
31,2025,Street Light Upgrade Menu,2318 N LAVERGNE AVE,1500.0,Lighting
31,2025,Street Resurfacing Menu,ON N HAMLIN AVE FROM W WELLINGTON AVE  (3000 N) TO N MILWAUKEE AVE  (3070 N),54849.87,Street Resurfacing
31,2025,Street Resurfacing Menu,ON N KILBOURN AVE FROM W BELDEN AVE  (2300 N) TO W FULLERTON AVE  (2400 N),66203.83,Street Resurfacing
31,2025,Street Resurfacing Menu,ON N KILBOURN AVE FROM W WRIGHTWOOD AVE  (2570 N) TO W PARKER AVE  (2740 N),98964.38,Street Resurfacing
31,2025,Street Resurfacing Menu,ON N KNOX AVE FROM W BARRY AVE  (3100 N) TO W BELMONT AVE  (3200 N),52817.74,Street Resurfacing
31,2025,Street Resurfacing Menu,ON N KOSTNER AVE FROM W GEORGE ST  (2900 N) TO W WELLINGTON AVE  (3000 N); 2920-2930 N KOSTNER AVE,59512.5,Street Resurfacing
31,2025,Street Resurfacing Menu,ON N LOREL AVE FROM W FULLERTON AVE  (2400 N) TO W ALTGELD ST  (2500 N),48231.62,Street Resurfacing
31,2025,Street Resurfacing Menu,ON W BELDEN AVE FROM N KOSTNER AVE  (4400 W) TO N KENNETH AVE  (4430 W),39592.99,Street Resurfacing
31,2025,Street Resurfacing Menu,ON W DEMING PL FROM N LAVERGNE AVE  (5000 W) TO N LECLAIRE AVE  (5100 W),56131.32,Street Resurfacing
31,2025,Street Resurfacing Menu,ON W PARKER AVE FROM N LECLAIRE AVE  (5100 W) TO N LARAMIE AVE  (5200 W),55583.86,Street Resurfacing
31,2025,Street Resurfacing Menu,ON W PARKER AVE FROM N LONG AVE  (5400 W) TO N LINDER AVE  (5500 W),56937.54,Street Resurfacing
31,2025,Street Speed Hump Menu,2520 N KILBOURN AVE; ON N KILBOURN AVE FROM W ALTGELD ST  (2500 N) TO W DEMING PL  (2530 N),2440.0,Street Resurfacing
31,2025,Street Speed Hump Menu,2700-2759 N KILPATRICK AVE; ON N KILPATRICK AVE FROM W SCHUBERT AVE  (2699 N) TO W DIVERSEY AVE  (2800 N),4880.0,Street Resurfacing
31,2025,Street Speed Hump Menu,4500 W ALTGELD ST; ON W ALTGELD ST FROM N KILBOURN AVE  (4500 W) TO N KENTON AVE  (4600 W),4880.0,Street Resurfacing
31,2025,Street Speed Hump Menu,5028 W DEMING PL; ON W DEMING PL FROM N LAVERGNE AVE  (5000 W) TO N LECLAIRE AVE (5100 W),4880.0,Street Resurfacing
31,2025,Street Speed Hump Menu,ON N HAMLIN AVE FROM W WELLINGTON AVE  (3000 N) TO N MILWAUKEE AVE  (3070 N),0.0,Street Resurfacing
31,2025,Street Speed Hump Menu,ON N KILBOURN AVE FROM W MONTANA ST  (2430 N) TO W ALTGELD ST  (2500 N); 2462 N KILBOURN AVE,2440.0,Street Resurfacing
31,2025,Street Speed Hump Menu,ON N KILBOURN AVE FROM W WELLINGTON AVE  (3000 N) TO W BARRY AVE  (3100 N); 3002 N KILBOURN AVE,4880.0,Street Resurfacing
31,2025,Street Speed Hump Menu,ON N KNOX AVE FROM W BARRY AVE  (3100 N) TO W BELMONT AVE  (3200 N); 3132 N KNOX AVE,4880.0,Street Resurfacing
31,2025,Street Speed Hump Menu,ON N LAMON AVE FROM W DIVERSEY AVE  (2800 N) TO W ROSCOE ST  (3400 N),21960.0,Street Resurfacing
31,2025,Street Speed Hump Menu,ON N TRIPP AVE FROM W FULLERTON AVE  (2400 N) TO W ALTGELD ST  (2500 N); 2400 N TRIPP AVE,4880.0,Street Resurfacing
31,2025,Street Speed Hump Menu,ON W DRUMMOND PL FROM N LAVERGNE AVE  (5000 W) TO N LARAMIE AVE  (5200 W),4880.0,Street Resurfacing
31,2025,Street Speed Hump Menu,ON W GEORGE ST FROM N KILDARE AVE  (4310 W) TO N KOSTNER AVE  (4400 W),4880.0,Street Resurfacing
31,2025,Street Speed Hump Menu,ON W MEDILL AVE FROM N CICERO AVE  (4800 W) TO N LAMON AVE  (4900 W),4880.0,Street Resurfacing
31,2025,Street Speed Hump Menu,ON W NEWPORT AVE FROM N CICERO AVE  (4800 W) TO N LAVERGNE AVE  (5000 W),12200.0,Street Resurfacing
31,2025,Street Speed Hump Menu,ON W PARKER AVE FROM N CICERO AVE  (4800 W) TO N LAMON AVE  (4900 W),4880.0,Street Resurfacing
31,2025,Street Speed Hump Replacement,ON N KILBOURN AVE FROM W BELDEN AVE  (2300 N) TO W FULLERTON AVE  (2400 N),0.0,Street Resurfacing
31,2025,Street Speed Hump Replacement,ON W PARKER AVE FROM N LECLAIRE AVE  (5100 W) TO N LARAMIE AVE  (5200 W),0.0,Street Resurfacing
32,2025,Alley Apron Menu,2114 W LYNDALE ST,2845.41,Alleys
32,2025,Alley Apron Menu,3542 N SEELEY AVE,34496.73,Alleys
32,2025,Alley Resurfacing Menu,1900-1930 W NORTH AVE; W WABANSIA AVE &  N WOLCOTT AVE&N WINCHESTER AVE &  W NORTH AVE,8635.53,Alleys
32,2025,Alley Resurfacing Menu,N LINCOLN AVE &  W BARRY AVE&N ASHLAND AVE &  N LINCOLN AVE,53869.21,Alleys
32,2025,Alley Resurfacing Menu,N WINCHESTER AVE &  N ELSTON CT&N LISTER AVE &  N DAMEN AVE,24872.57,Alleys
32,2025,Alley Resurfacing Menu,ON W WELLINGTON AVE FROM N LAKEWOOD AVE  (1300 W) TO N LINCOLN AVE  (1399 W); 2940 N LAKEWOOD AVE,47662.85,Alleys
32,2025,Alley Resurfacing Menu,W ADDISON ST &  N BELL AVE&N OAKLEY AVE &  W CORNELIA AVE,54102.12,Alleys
32,2025,Alley Resurfacing Menu,W ALTGELD ST &  N GREENVIEW AVE&N BOSWORTH AVE &  W WRIGHTWOOD AVE,17627.57,Alleys
32,2025,Alley Resurfacing Menu,W ALTGELD ST &  N JANSSEN AVE&N GREENVIEW AVE &  W FULLERTON AVE,46426.83,Alleys
32,2025,Alley Resurfacing Menu,W ALTGELD ST &  N RACINE AVE&N SURREY CT &  W MONTANA ST,53253.51,Alleys
32,2025,Alley Resurfacing Menu,W CHARLESTON ST &  N OAKLEY AVE&N WESTERN AVE &  W DICKENS AVE,81915.96,Alleys
32,2025,Alley Resurfacing Menu,W CORNELIA AVE &  N BELL AVE&N OAKLEY AVE &  W ROSCOE ST,45899.2,Alleys
32,2025,Alley Resurfacing Menu,W CORNELIA AVE &  N LEAVITT ST&N BELL AVE &  W ROSCOE ST,40261.03,Alleys
32,2025,Alley Resurfacing Menu,W DIVERSEY PKWY &  N RACINE AVE&N MAGNOLIA AVE &  W SCHUBERT AVE,32970.83,Alleys
32,2025,Alley Resurfacing Menu,W MCLEAN AVE &  N OAKLEY AVE&N WESTERN AVE &  W ARMITAGE AVE,57719.8,Alleys
32,2025,Alley Resurfacing Menu,W MONTANA ST &  N OAKLEY AVE&N WESTERN AVE &  W FULLERTON AVE,70232.17,Alleys
32,2025,Alley Resurfacing Menu,W WRIGHTWOOD AVE &  N WAYNE AVE&N SOUTHPORT AVE &  W ALTGELD ST,52003.21,Alleys
32,2025,Alley Speed Hump Replacement,N LINCOLN AVE &  W BARRY AVE&N ASHLAND AVE &  N LINCOLN AVE,0.0,Alleys
32,2025,Alley Speed Hump Replacement,N WINCHESTER AVE &  N ELSTON CT&N LISTER AVE &  N DAMEN AVE,0.0,Alleys
32,2025,Alley Speed Hump Replacement,W ADDISON ST &  N BELL AVE&N OAKLEY AVE &  W CORNELIA AVE,0.0,Alleys
32,2025,Alley Speed Hump Replacement,W CHARLESTON ST &  N OAKLEY AVE&N WESTERN AVE &  W DICKENS AVE,0.0,Alleys
32,2025,Alley Speed Hump Replacement,W CORNELIA AVE &  N BELL AVE&N OAKLEY AVE &  W ROSCOE ST,0.0,Alleys
32,2025,Alley Speed Hump Replacement,W CORNELIA AVE &  N LEAVITT ST&N BELL AVE &  W ROSCOE ST,0.0,Alleys
32,2025,Alley Speed Hump Replacement,W WABANSIA AVE &  N WOLCOTT AVE&N WINCHESTER AVE &  W NORTH AVE; 1900-1930 W NORTH AVE,0.0,Alleys
32,2025,Arterial Street Bump Outs Menu,ON W ARMITAGE AVE FROM N KENNEDY ARMITAGE AV XR  (1730 W) TO N DAMEN AVE  (2000 W),69961.19,Pedestrian Infrastructure
32,2025,Curb & Gutter Menu,2247 N OAKLEY AVE,9639.01,Street Resurfacing
32,2025,Curb & Gutter Menu,3104 N WOLCOTT AVE,6139.39,Street Resurfacing
32,2025,Pavement Markings Menu,1901 N DAMEN AVE,3100.0,Street Redesign
32,2025,Pavement Markings Menu,ON N WESTERN AVE FROM W SHAKESPEARE AVE  (2130 N) TO W PALMER ST  (2200 N),2250.0,Street Redesign
32,2025,Pavement Markings Menu,ON W ADDISON ST FROM N HOYNE AVE  (2100 W) TO N CLAREMONT AVE  (2330 W),2700.0,Street Redesign
32,2025,Pavement Markings Menu,W ADDISON ST &  N OAKLEY AVE,1350.0,Street Redesign
32,2025,Sidewalk Menu,3057 N ASHLAND AVE,3233.72,Sidewalk Repair
32,2025,Street Bump Outs Menu,N WOLCOTT AVE &  W SCHOOL ST,256.84,Pedestrian Infrastructure
32,2025,Street Bump Outs Menu,W BARRY AVE &  N RAVENSWOOD AVE,24000.0,Pedestrian Infrastructure
32,2025,Street Resurfacing Menu,ON N LAKEWOOD AVE FROM W FLETCHER ST  (3130 N) TO W BELMONT AVE  (3200 N),36970.23,Street Resurfacing
32,2025,Street Resurfacing Menu,ON N LAKEWOOD AVE FROM W WELLINGTON AVE  (3000 N) TO W NELSON ST  (3030 N),55982.54,Street Resurfacing
32,2025,Street Resurfacing Menu,ON N OAKLEY AVE FROM W LYNDALE ST  (2230 N) TO W BELDEN AVE  (2300 N),30192.81,Street Resurfacing
32,2025,Street Resurfacing Menu,ON N PAULINA ST FROM W DIVERSEY PKWY  (2800 N) TO W BARRY AVE  (3100 N),219292.13,Street Resurfacing
32,2025,Street Resurfacing Menu,ON W CORTLAND ST FROM N DAMEN AVE  (2000 W) TO N HOYNE AVE  (2100 W),56790.74,Street Resurfacing
32,2025,Street Resurfacing Menu,ON W HENDERSON ST FROM N RAVENSWOOD AVE  (1800 W) TO N WOLCOTT AVE  (1900 W),53823.51,Street Resurfacing
32,2025,Street Resurfacing Menu,ON W MEDILL AVE FROM N OAKLEY AVE  (2300 W) TO N WESTERN AVE  (2400 W),75591.29,Street Resurfacing
32,2025,Street Resurfacing Menu,ON W SCHOOL ST FROM N WOLCOTT AVE  (1900 W) TO N DAMEN AVE  (2000 W),60251.35,Street Resurfacing
32,2025,Street Speed Hump Menu,ON N HERMITAGE AVE FROM W WABANSIA AVE  (1700 N) TO W BLOOMINGDALE AVE  (1800 N),4880.0,Street Resurfacing
32,2025,Street Speed Hump Menu,ON N MARSHFIELD AVE FROM W WRIGHTWOOD AVE  (2600 N) TO W DIVERSEY PKWY  (2800 N),2440.0,Street Resurfacing
32,2025,Street Speed Hump Menu,ON W ALTGELD ST FROM N RACINE AVE  (1200 W) TO N SURREY CT  (1300 W),2440.0,Street Resurfacing
32,2025,Street Speed Hump Menu,ON W BARRY AVE FROM N HOYNE AVE  (2100 W) TO N LEAVITT ST  (2200 W),4880.0,Street Resurfacing
32,2025,Street Speed Hump Menu,ON W CORNELIA AVE FROM N DAMEN AVE  (2000 W) TO N HOYNE AVE  (2100 W),4880.0,Street Resurfacing
32,2025,Street Speed Hump Menu,ON W SCHOOL ST FROM N GREENVIEW AVE  (1500 W) TO N ASHLAND AVE  (1600 W),2440.0,Street Resurfacing
32,2025,Street Speed Hump Menu,ON W WRIGHTWOOD AVE FROM N ASHLAND AVE  (1600 W) TO N MARSHFIELD AVE  (1630 W),2440.0,Street Resurfacing
32,2025,Street Speed Hump Replacement,ON W MEDILL AVE FROM N OAKLEY AVE  (2300 W) TO N WESTERN AVE  (2400 W),0.0,Street Resurfacing
33,2025,Alley Resurfacing Menu,3221 N SACRAMENTO AVE; N SACRAMENTO AVE &  W BELMONT AVE&W SCHOOL ST &  N RICHMOND ST,19838.12,Alleys
33,2025,Alley Resurfacing Menu,3921 N TROY ST; N TROY ST &  W BYRON ST&W IRVING PARK RD &  N ALBANY AVE,34387.6,Alleys
33,2025,Alley Resurfacing Menu,N SPAULDING AVE &  W LELAND AVE&W LAWRENCE AVE &  N SAWYER AVE,50258.5,Alleys
33,2025,Alley Resurfacing Menu,N WHIPPLE ST &  W SCHOOL ST&W ROSCOE ST &  N ALBANY AVE,32352.82,Alleys
33,2025,Alley Resurfacing Menu,ON W WINDSOR AVE FROM 3720-3756 W TO N HAMLIN AVE  (3800 W); 3720-3756 W WINDSOR AVE,27762.93,Alleys
33,2025,Alley Resurfacing Menu,W AGATITE AVE &  N LAWNDALE AVE&N HAMLIN AVE &  W MONTROSE AVE,41309.32,Alleys
33,2025,Alley Resurfacing Menu,W WILSON AVE &  N KEDZIE AVE&N TROY ST &  W SUNNYSIDE AVE,32443.2,Alleys
33,2025,Alley Speed Hump Replacement,3921 N TROY ST; N TROY ST &  W BYRON ST&W IRVING PARK RD &  N ALBANY AVE,0.0,Alleys
33,2025,Alley Speed Hump Replacement,W AGATITE AVE &  N LAWNDALE AVE&N HAMLIN AVE &  W MONTROSE AVE,0.0,Alleys
33,2025,Alley Speed Hump Replacement,W WILSON AVE &  N KEDZIE AVE&N TROY ST &  W SUNNYSIDE AVE,0.0,Alleys
33,2025,Curb & Gutter Menu,3434 W LELAND AVE,6492.69,Street Resurfacing
33,2025,Miscellaneous CDOT Projects,3705 W LAWRENCE AVE; 4410 N KIMBALL AVE; W IRVING PARK RD &  N SACRAMENTO AVE; N KIMBALL AVE &  W MONTROSE AVE; 3054 W MONTROSE AVE; 3358 W MONTROSE AVE,16755.0,Misc. CDOT
33,2025,Sidewalk Menu,3311 W LAWRENCE AVE,20270.93,Sidewalk Repair
33,2025,Sidewalk Menu,4702 N KIMBALL AVE,13103.39,Sidewalk Repair
33,2025,Sidewalk Menu,5008 N KEDZIE AVE,17629.41,Sidewalk Repair
33,2025,Speed Indicator Signs,N ELSTON AVE &  N ALBANY AVE,28300.7,Traffic Signals
33,2025,Street Resurfacing Menu,ON N CENTRAL PARK AVE FROM W IRVING PARK RD  (3999 N) TO W BELLE PLAINE AVE (4099 N),63867.18,Street Resurfacing
33,2025,Street Resurfacing Menu,ON N CHRISTIANA AVE FROM W MONTROSE AVE  (4400 N) TO W SUNNYSIDE AVE  (4500 N),49770.68,Street Resurfacing
33,2025,Street Resurfacing Menu,ON N FRANCISCO AVE FROM W MONTROSE AVE  (4400 N) TO W SUNNYSIDE AVE  (4500 N),58871.4,Street Resurfacing
33,2025,Street Resurfacing Menu,ON N HAMILTON AVE FROM W WILSON AVE  (4600 N) TO W EASTWOOD AVE  (4630 N),22101.67,Street Resurfacing
33,2025,Street Resurfacing Menu,ON N HAMLIN AVE FROM W EASTWOOD AVE  (4630 N) TO W LELAND AVE  (4700 N),36184.89,Street Resurfacing
33,2025,Street Resurfacing Menu,ON N RICHMOND ST FROM W BELLE PLAINE AVE  (4100 N) TO W BERTEAU AVE  (4200 N),59683.54,Street Resurfacing
33,2025,Street Resurfacing Menu,ON N RICHMOND ST FROM W MONTROSE AVE  (4400 N) TO W SUNNYSIDE AVE  (4500 N),57545.16,Street Resurfacing
33,2025,Street Resurfacing Menu,ON N SPAULDING AVE FROM W BYRON ST  (3900 N) TO W IRVING PARK RD  (4000 N),38995.74,Street Resurfacing
33,2025,Street Resurfacing Menu,ON W AINSLIE ST FROM N LAWNDALE AVE  (3700 W) TO N MONTICELLO AVE  (3630 W),25738.27,Street Resurfacing
33,2025,Street Resurfacing Menu,ON W ROSCOE ST FROM N CALIFORNIA AVE  (2800 W) TO N ELSTON AVE  (3000 W); 2861 W ROSCOE ST,69699.45,Street Resurfacing
33,2025,Street Speed Hump Menu,ON N MOZART ST FROM W IRVING PARK RD  (4000 N) TO W BELLE PLAINE AVE  (4100 N),4880.0,Street Resurfacing
33,2025,Street Speed Hump Menu,ON N SPAULDING AVE FROM W SUNNYSIDE AVE  (4500 N) TO W WILSON AVE  (4600 N),4880.0,Street Resurfacing
33,2025,Street Speed Hump Menu,ON W EASTWOOD AVE FROM N KEDZIE AVE  (3200 W) TO N SPAULDING AVE  (3300 W),4880.0,Street Resurfacing
33,2025,Street Speed Hump Replacement,ON N CHRISTIANA AVE FROM W MONTROSE AVE  (4400 N) TO W SUNNYSIDE AVE  (4500 N),0.0,Street Resurfacing
33,2025,Street Speed Hump Replacement,ON N FRANCISCO AVE FROM W MONTROSE AVE  (4400 N) TO W SUNNYSIDE AVE  (4500 N),0.0,Street Resurfacing
33,2025,Street Speed Hump Replacement,ON N RICHMOND ST FROM W BELLE PLAINE AVE  (4100 N) TO W BERTEAU AVE  (4200 N),0.0,Street Resurfacing
33,2025,Street Speed Hump Replacement,ON N RICHMOND ST FROM W MONTROSE AVE  (4400 N) TO W SUNNYSIDE AVE  (4500 N),0.0,Street Resurfacing
33,2025,Street Speed Hump Replacement,ON N SPAULDING AVE FROM W BYRON ST  (3900 N) TO W IRVING PARK RD  (4000 N),0.0,Street Resurfacing
34,2025,Alley Apron Menu,166 W WASHINGTON ST,564.65,Alleys
34,2025,Alley Apron Menu,722 S ABERDEEN ST,15752.34,Alleys
34,2025,Alley Apron Menu,926 S MAY ST,27935.29,Alleys
34,2025,Alley Resurfacing Menu,618 S RACINE AVE; S RACINE AVE &  W HARRISON ST&W FLOURNOY ST &  W WESTGATE TER,9177.45,Alleys
34,2025,Alley Resurfacing Menu,S ABERDEEN ST &  W MONROE ST&W ADAMS ST &  S RACINE AVE,43859.77,Alleys
34,2025,Alley Resurfacing Menu,S MICHIGAN AVE &  E ADAMS ST&E JACKSON BLVD &  S WABASH AVE; 200 S MICHIGAN AVE,2286.64,Alleys
34,2025,Alley Resurfacing Menu,W ARTHINGTON ST &  S CARPENTER ST&S ABERDEEN ST &  W TAYLOR ST,28673.33,Alleys
34,2025,Alley Speed Hump Menu,1061-1143 W TILDEN ST,1450.0,Alleys
34,2025,Alley Speed Hump Menu,S ABERDEEN ST &  W MONROE ST&W ADAMS ST &  S RACINE AVE,0.0,Alleys
34,2025,Alley Speed Hump Replacement,S ABERDEEN ST &  W MONROE ST&W ADAMS ST &  S RACINE AVE,0.0,Alleys
34,2025,Arterial Street Bump Outs Menu,S JEFFERSON ST &  W TILDEN ST,79273.4,Pedestrian Infrastructure
34,2025,Arterial Street Bump Outs Menu,W VAN BUREN ST &  S ABERDEEN ST,9601.67,Pedestrian Infrastructure
34,2025,Arterial Street Bump Outs Menu,W VAN BUREN ST &  S PEORIA ST,19493.27,Pedestrian Infrastructure
34,2025,Curb & Gutter Menu,1016-1040 W MONROE ST,119993.34,Street Resurfacing
34,2025,Curb & Gutter Menu,107 S ABERDEEN ST,87938.2,Street Resurfacing
34,2025,Curb & Gutter Menu,1131-1135 W VERNON PARK PL,56022.21,Street Resurfacing
34,2025,Pavement Markings Menu,ON S JEFFERSON ST FROM W VAN BUREN ST  (400 S) TO W POLK ST  (800 S),5000.0,Street Redesign
34,2025,Pavement Markings Menu,S FRANKLIN ST &  W VAN BUREN ST,1700.0,Street Redesign
34,2025,Sidewalk Menu,1059 W VERNON PARK PL,52794.17,Sidewalk Repair
34,2025,Sidewalk Menu,1456-1458 W FLOURNOY ST,6596.66,Sidewalk Repair
34,2025,Sidewalk Menu,1628 W ADAMS ST,8103.3,Sidewalk Repair
34,2025,Sidewalk Menu,837 S CARPENTER ST,12021.13,Sidewalk Repair
34,2025,Sidewalk Menu,ON S SANGAMON ST FROM W ADAMS ST  (200 S) TO W JACKSON BLVD  (300 S),59810.55,Sidewalk Repair
34,2025,Speed Indicator Signs,800 S LOOMIS ST,14000.0,Traffic Signals
34,2025,Street Bump Outs Menu,S FINANCIAL PL &  W POLK ST; S LA SALLE ST &  W POLK ST,34875.38,Pedestrian Infrastructure
34,2025,Street Bump Outs Menu,W MONROE ST &  S GREEN ST,65559.56,Pedestrian Infrastructure
34,2025,Street Bump Outs Menu,W MONROE ST &  S LAFLIN ST,1975.12,Pedestrian Infrastructure
34,2025,Street Light Pole Painting Menu,ON S GREEN ST FROM W MONROE ST  (100 S) TO W ADAMS ST  (200 S),1688.0,Lighting
34,2025,Street Light Residential Staggered Piggy Back Menu,ON W POLK ST FROM S CARPENTER ST  (1050 W) TO S RACINE AVE  (1200 W),370000.0,Lighting
34,2025,Street Resurfacing Menu,ON N GARLAND CT FROM E WASHINGTON ST  (100 N) TO E RANDOLPH ST  (150 N),35240.73,Street Resurfacing
34,2025,Street Resurfacing Menu,ON N GREEN ST FROM W MADISON ST  (0 S) TO W WASHINGTON BLVD  (100 N),30225.89,Street Resurfacing
34,2025,Street Resurfacing Menu,ON N HOLDEN CT FROM 1 N TO E WASHINGTON ST  (100 N),12399.5,Street Resurfacing
34,2025,Street Resurfacing Menu,ON N PEORIA ST FROM W MADISON ST  (0 S) TO W WASHINGTON BLVD  (100 N),47515.33,Street Resurfacing
34,2025,Street Resurfacing Menu,ON S ADA ST FROM W FLOURNOY ST  (700 S) TO W LEXINGTON ST  (730 S),27446.95,Street Resurfacing
34,2025,Street Resurfacing Menu,ON W POLK ST FROM 1010 W TO S RACINE AVE  (1200 W),157768.45,Street Resurfacing
34,2025,Street Resurfacing Menu,ON W POLK ST FROM S FINANCIAL PL  (160 W) TO S WELLS ST  (200 W),5202.63,Street Resurfacing
34,2025,Street Speed Hump Menu,ON S GREEN ST FROM W JACKSON BLVD  (300 S) TO W VAN BUREN ST  (400 S),2440.0,Street Resurfacing
34,2025,Street Speed Hump Menu,ON S LOOMIS ST FROM 800 S TO W HARRISON ST  (600 S),7320.0,Street Resurfacing
34,2025,Street Speed Hump Menu,ON W TILDEN ST FROM 1054 W TO S MORGAN ST  (1000 W),4880.0,Street Resurfacing
34,2025,Street Speed Hump Replacement,ON W POLK ST FROM 1010 W TO S RACINE AVE  (1200 W),0.0,Street Resurfacing
35,2025,Alley Apron Menu,2301 N KARLOV AVE,89000.0,Alleys
35,2025,Alley Apron Menu,2500 N SAWYER AVE,15831.58,Alleys
35,2025,Alley Apron Menu,2837 N WOODARD ST,27152.89,Alleys
35,2025,Alley Apron Menu,3950 W BELDEN AVE,21589.08,Alleys
35,2025,Alley Resurfacing Menu,N CENTRAL PARK AVE &  W DIVERSEY AVE&W SCHUBERT AVE &  N DRAKE AVE,57498.85,Alleys
35,2025,Alley Resurfacing Menu,N CENTRAL PARK AVE &  W SHAKESPEARE AVE&W DICKENS AVE &  N LAWNDALE AVE,58411.58,Alleys
35,2025,Alley Resurfacing Menu,N KIMBALL AVE &  N ALLEN AVE; N MILWAUKEE AVE &  N GRESHAM AVE,84890.99,Alleys
35,2025,Alley Resurfacing Menu,W ALTGELD ST &  N DRAKE AVE&N ST LOUIS AVE &  W WRIGHTWOOD AVE,55397.62,Alleys
35,2025,Alley Resurfacing Menu,W GEORGE ST &  N SACRAMENTO AVE&N WHIPPLE ST &  W DIVERSEY AVE,28224.13,Alleys
35,2025,Alley Speed Hump Menu,W ALTGELD ST &  N DRAKE AVE&N ST LOUIS AVE &  W WRIGHTWOOD AVE,0.0,Alleys
35,2025,Alley Speed Hump Menu,W DIVERSEY AVE &  N SPAULDING AVE; N MILWAUKEE AVE &  N SAWYER AVE,2175.0,Alleys
35,2025,Alley Speed Hump Menu,W GEORGE ST &  N SACRAMENTO AVE&N WHIPPLE ST &  W DIVERSEY AVE,0.0,Alleys
35,2025,Alley Speed Hump Replacement,N CENTRAL PARK AVE &  W DIVERSEY AVE&W SCHUBERT AVE &  N DRAKE AVE,0.0,Alleys
35,2025,Alley Speed Hump Replacement,N CENTRAL PARK AVE &  W SHAKESPEARE AVE&W DICKENS AVE &  N LAWNDALE AVE,0.0,Alleys
35,2025,Alley Speed Hump Replacement,N KIMBALL AVE &  N ALLEN AVE; N MILWAUKEE AVE &  N GRESHAM AVE,0.0,Alleys
35,2025,Arterial Street Bump Outs Menu,N KIMBALL AVE &  W BELDEN AVE,80000.0,Pedestrian Infrastructure
35,2025,Arterial Street Bump Outs Menu,N KIMBALL AVE &  W DICKENS AVE,80000.0,Pedestrian Infrastructure
35,2025,Arterial Street Bump Outs Menu,ON N CENTRAL PARK AVE FROM W BARRY AVE  (3100 N) TO W BELMONT AVE  (3200 N),59327.06,Pedestrian Infrastructure
35,2025,Curb & Gutter Menu,3110 N KEDZIE AVE,9157.56,Street Resurfacing
35,2025,"In-Road ""State Law Stop For Pedestrians"" Sign Menu",N CENTRAL PARK AVE &  W SHAKESPEARE AVE,700.0,Pedestrian Infrastructure
35,2025,"In-Road ""State Law Stop For Pedestrians"" Sign Menu",N MILWAUKEE AVE &  N HAMLIN AVE,350.0,Pedestrian Infrastructure
35,2025,"In-Road ""State Law Stop For Pedestrians"" Sign Menu",N MILWAUKEE AVE &  N LAWNDALE AVE,350.0,Pedestrian Infrastructure
35,2025,"In-Road ""State Law Stop For Pedestrians"" Sign Menu",N MILWAUKEE AVE &  N MONTICELLO AVE,350.0,Pedestrian Infrastructure
35,2025,"In-Road ""State Law Stop For Pedestrians"" Sign Menu",N MILWAUKEE AVE &  N WISNER AVE,350.0,Pedestrian Infrastructure
35,2025,Logan Square Skate Park,W LOGAN BLVD &  N KENNEDY WESTERN AV ER,50000.0,Parks
35,2025,Miscellaneous CDOT Projects,2559 N KIMBALL AVE,660.0,Misc. CDOT
35,2025,Miscellaneous CDOT Projects,2934 N MILWAUKEE AVE,101.0,Misc. CDOT
35,2025,Miscellaneous CDOT Projects,3251 W FULLERTON AVE,4000.0,Misc. CDOT
35,2025,Pavement Markings Menu,N ELSTON AVE &  N CENTRAL PARK AVE,5000.0,Street Redesign
35,2025,Pavement Markings Menu,N ELSTON AVE &  N DRAKE AVE,8000.0,Street Redesign
35,2025,Pavement Markings Menu,N WESTERN AVE &  W LOGAN BLVD,1500.0,Street Redesign
35,2025,Pavement Markings Menu,W ADDISON ST &  N ST LOUIS AVE,2100.0,Street Redesign
35,2025,Pavement Markings Menu,W BELMONT AVE &  N WASHTENAW AVE,1900.0,Street Redesign
35,2025,Sidewalk Menu,2249 N KEELER AVE,12395.53,Sidewalk Repair
35,2025,Sidewalk Menu,2322 N KARLOV AVE,5804.89,Sidewalk Repair
35,2025,Sidewalk Menu,2628 N SPRINGFIELD AVE,1058.6,Sidewalk Repair
35,2025,Sidewalk Menu,2822-2828 N KEDZIE AVE; 2848-2850 N KEDZIE AVE; 2844 N KEDZIE AVE,62250.34,Sidewalk Repair
35,2025,Sidewalk Menu,3055 N GRESHAM AVE,13792.74,Sidewalk Repair
35,2025,Sidewalk Menu,3123-3129 N KIMBALL AVE; 3137 N KIMBALL AVE; 3122-3128 N KIMBALL AVE; 3112-3116 N KIMBALL AVE,58477.97,Sidewalk Repair
35,2025,Sidewalk Menu,3341 W WAVELAND AVE,35045.28,Sidewalk Repair
35,2025,Sidewalk Menu,3435 N KIMBALL AVE,15239.25,Sidewalk Repair
35,2025,Sidewalk Menu,3537 W BELDEN AVE,28942.45,Sidewalk Repair
35,2025,Sidewalk Menu,3601-3609 W ALTGELD ST,23634.98,Sidewalk Repair
35,2025,Sidewalk Menu,3702 W WRIGHTWOOD AVE,350.71,Sidewalk Repair
35,2025,Sidewalk Menu,4306 W ARMITAGE AVE,24498.14,Sidewalk Repair
35,2025,Sidewalk Menu,ON N KEELER AVE FROM W PALMER ST  (2200 N) TO W BELDEN AVE  (2300 N); 2256 N KEELER AVE,2035.8,Sidewalk Repair
35,2025,Street Bump Outs Menu,N KILDARE AVE &  W DICKENS AVE,21732.02,Pedestrian Infrastructure
35,2025,Street Light Upgrade Menu,2437 N HAMLIN AVE,500.0,Lighting
35,2025,Street Resurfacing Menu,ON N DRAKE AVE FROM W BELMONT AVE  (3200 N) TO W SCHOOL ST  (3300 N),49315.76,Street Resurfacing
35,2025,Street Resurfacing Menu,ON W DICKENS AVE FROM N TRIPP AVE  (4230 W) TO N KILDARE AVE  (4300 W),42081.95,Street Resurfacing
35,2025,Street Resurfacing Menu,ON W GEORGE ST FROM N KEDZIE AVE  (3200 W) TO N SAWYER AVE  (3230 W),29295.78,Street Resurfacing
35,2025,Street Resurfacing Menu,ON W GEORGE ST FROM N SACRAMENTO AVE  (2999 W) TO N KEDZIE AVE  (3200 W),108927.95,Street Resurfacing
35,2025,Street Resurfacing Menu,ON W GRACE ST FROM N CALIFORNIA AVE  (2800 W) TO N FRANCISCO AVE  (2900 W),58640.31,Street Resurfacing
35,2025,Street Resurfacing Menu,ON W SCHUBERT AVE FROM N AVERS AVE  (3830 W) TO N SPRINGFIELD AVE  (3900 W),32722.61,Street Resurfacing
35,2025,Street Speed Hump Menu,ON N FAIRFIELD AVE FROM W GEORGE ST  (2900 N) TO W WELLINGTON AVE  (3000 N),4880.0,Street Resurfacing
35,2025,Street Speed Hump Replacement,ON W GEORGE ST FROM N KEDZIE AVE  (3200 W) TO N SAWYER AVE  (3230 W),0.0,Street Resurfacing
35,2025,Street Speed Hump Replacement,ON W SCHUBERT AVE FROM N AVERS AVE  (3830 W) TO N SPRINGFIELD AVE  (3900 W),0.0,Street Resurfacing
35,2025,Street Traffic Circle Menu,W BARRY AVE &  N SAWYER AVE,22000.0,Street Redesign
36,2025,ADA - Alley Resurfacing Menu,N LARAMIE AVE &  W PALMER ST&W BELDEN AVE &  N LEAMINGTON AVE,28760.31,Alleys
36,2025,Alley Apron Menu,6517 W GEORGE ST; 6520 W GEORGE ST,17760.28,Alleys
36,2025,Alley Apron Menu,6520 W GEORGE ST; 6517 W GEORGE ST,52193.45,Alleys
36,2025,Alley Resurfacing Menu,N DAMEN AVE &  W RICE ST&W IOWA ST &  N HOYNE AVE; 846 N DAMEN AVE; 2009 W IOWA ST,30282.49,Alleys
36,2025,Alley Resurfacing Menu,N LOREL AVE &  W PALMER ST&W BELDEN AVE &  N LOCKWOOD AVE; 2255 N LOREL AVE,49759.44,Alleys
36,2025,Alley Resurfacing Menu,N MERRIMAC AVE &  W PALMER ST&W DICKENS AVE &  N MELVINA AVE,45485.54,Alleys
36,2025,Alley Resurfacing Menu,N MONTICELLO AVE &  W THOMAS ST&W DIVISION ST &  N LAWNDALE AVE; 1142 N MONTICELLO AVE,62782.83,Alleys
36,2025,Alley Resurfacing Menu,N WASHTENAW AVE &  W IOWA ST&W CHICAGO AVE &  N FAIRFIELD AVE; 827 N FAIRFIELD AVE,56279.44,Alleys
36,2025,Alley Resurfacing Menu,N WESTERN AVE &  W IOWA ST&W WALTON ST &  N CAMPBELL AVE; 900 N WESTERN AVE,56773.85,Alleys
36,2025,Alley Resurfacing Menu,W CORTEZ ST &  N CAMPBELL AVE&N WESTERN AVE &  W AUGUSTA BLVD; 2441 W CORTEZ ST,31841.8,Alleys
36,2025,Alley Resurfacing Menu,W DICKENS AVE &  N MARMORA AVE&N MONITOR AVE &  W GRAND AVE,47981.5,Alleys
36,2025,Alley Resurfacing Menu,W THOMAS ST &  N ROCKWELL ST&N WASHTENAW AVE &  W HADDON AVE; 2638 W THOMAS ST,51009.74,Alleys
36,2025,Alley Resurfacing Menu,W WALTON ST &  N CAMPBELL AVE&N ROCKWELL ST &  W AUGUSTA BLVD; 2500 W WALTON ST,28014.63,Alleys
36,2025,Alley Speed Hump Menu,2839 N NEENAH AVE,1450.0,Alleys
36,2025,Alley Speed Hump Menu,6135 W GRAND AVE; W GRAND AVE &  N MOODY AVE&N MELVINA AVE &  W PALMER ST; 6155 W GRAND AVE,2175.0,Alleys
36,2025,Alley Speed Hump Replacement,1142 N MONTICELLO AVE; N MONTICELLO AVE &  W THOMAS ST&W DIVISION ST &  N LAWNDALE AVE,0.0,Alleys
36,2025,Alley Speed Hump Replacement,N LOREL AVE &  W PALMER ST&W BELDEN AVE &  N LOCKWOOD AVE; 2255 N LOREL AVE,0.0,Alleys
36,2025,Alley Speed Hump Replacement,N WASHTENAW AVE &  W IOWA ST&W CHICAGO AVE &  N FAIRFIELD AVE; 827 N FAIRFIELD AVE,0.0,Alleys
36,2025,Alley Speed Hump Replacement,N WESTERN AVE &  W IOWA ST&W WALTON ST &  N CAMPBELL AVE; 900 N WESTERN AVE,0.0,Alleys
36,2025,Alley Speed Hump Replacement,W CORTEZ ST &  N CAMPBELL AVE&N WESTERN AVE &  W AUGUSTA BLVD; 2441 W CORTEZ ST,0.0,Alleys
36,2025,Alley Speed Hump Replacement,W DICKENS AVE &  N MARMORA AVE&N MONITOR AVE &  W GRAND AVE,0.0,Alleys
36,2025,Alley Speed Hump Replacement,W THOMAS ST &  N ROCKWELL ST&N WASHTENAW AVE &  W HADDON AVE; 2638 W THOMAS ST,0.0,Alleys
36,2025,Alley Speed Hump Replacement,W WALTON ST &  N CAMPBELL AVE&N ROCKWELL ST &  W AUGUSTA BLVD; 2500 W WALTON ST,0.0,Alleys
36,2025,Bollard Menu,2342 N AUSTIN AVE,2856.41,Pedestrian Infrastructure
36,2025,Commercial Park Improvements - improvements to ball field and playground,1845 W RICE ST,50000.0,Parks
36,2025,Concrete Alley Menu,N MONITOR AVE &  W BELDEN AVE&W FULLERTON AVE &  N MARMORA AVE,320000.0,Alleys
36,2025,Curb & Gutter Menu,2846 N NATOMA AVE,17946.3,Street Resurfacing
36,2025,Sidewalk Menu,1047 N CALIFORNIA AVE; 1053 N CALIFORNIA AVE; 1045 N CALIFORNIA AVE; 1043 N CALIFORNIA AVE,44320.66,Sidewalk Repair
36,2025,Sidewalk Menu,1824 W GRAND AVE,2442.25,Sidewalk Repair
36,2025,Sidewalk Menu,2125 W WALTON ST,2352.15,Sidewalk Repair
36,2025,Sidewalk Menu,2155 N NATCHEZ AVE,4907.2,Sidewalk Repair
36,2025,Sidewalk Menu,2316 W HURON ST,6713.88,Sidewalk Repair
36,2025,Sidewalk Menu,2317 N AUSTIN AVE,4923.04,Sidewalk Repair
36,2025,Sidewalk Menu,2321 N MONITOR AVE,5339.1,Sidewalk Repair
36,2025,Sidewalk Menu,2324 N NORMANDY AVE,2798.83,Sidewalk Repair
36,2025,Sidewalk Menu,2325 N MOBILE AVE,4936.8,Sidewalk Repair
36,2025,Sidewalk Menu,2331 N MEADE AVE,6314.72,Sidewalk Repair
36,2025,Sidewalk Menu,2344 W SUPERIOR ST,4813.88,Sidewalk Repair
36,2025,Sidewalk Menu,2358 N RUTHERFORD AVE,4277.69,Sidewalk Repair
36,2025,Sidewalk Menu,2536 N RUTHERFORD AVE,9609.33,Sidewalk Repair
36,2025,Sidewalk Menu,2613 W SUPERIOR ST,3516.47,Sidewalk Repair
36,2025,Sidewalk Menu,2845 N OAK PARK AVE,8350.25,Sidewalk Repair
36,2025,Sidewalk Menu,2846 N NORMANDY AVE,5928.79,Sidewalk Repair
36,2025,Sidewalk Menu,3029 N NATOMA AVE,4677.32,Sidewalk Repair
36,2025,Sidewalk Menu,3120-3124 N NEW ENGLAND AVE,483.43,Sidewalk Repair
36,2025,Sidewalk Menu,3142 N RUTHERFORD AVE,9377.8,Sidewalk Repair
36,2025,Sidewalk Menu,3144 N NEENAH AVE; 3140 N NEENAH AVE,9398.83,Sidewalk Repair
36,2025,Sidewalk Menu,4700 W GRAND AVE,11776.68,Sidewalk Repair
36,2025,Sidewalk Menu,808 N WOOD ST,11129.69,Sidewalk Repair
36,2025,Sidewalk Menu,931 N WINCHESTER AVE,4412.43,Sidewalk Repair
36,2025,Street Resurfacing Menu,870 N MOZART ST; ON N MOZART ST FROM W CHICAGO AVE  (800 N) TO W WALTON ST  (900 N),86614.36,Street Resurfacing
36,2025,Street Resurfacing Menu,ON W GEORGE ST FROM N NAGLE AVE  (6432 W) TO N NARRAGANSETT AVE  (6400 W),26720.92,Street Resurfacing
36,2025,Street Resurfacing Menu,ON W OHIO ST FROM N DAMEN AVE  (2000 W) TO N HOYNE AVE  (2100 W),71695.49,Street Resurfacing
36,2025,Street Resurfacing Menu,ON W OHIO ST FROM N HOYNE AVE  (2100 W) TO N LEAVITT ST  (2200 W); 2124 W OHIO ST,74473.68,Street Resurfacing
36,2025,Street Resurfacing Menu,ON W OHIO ST FROM N OAKLEY BLVD  (2300 W) TO N WESTERN AVE  (2400 W),59816.96,Street Resurfacing
36,2025,Street Resurfacing Menu,ON W POTOMAC AVE FROM N PULASKI RD  (4000 W) TO N HARDING AVE  (3940 W); 3940 W POTOMAC AVE,24747.18,Street Resurfacing
36,2025,Street Speed Hump Menu,ON N LOCKWOOD AVE FROM W DICKENS AVE  (2100 N) TO W PALMER ST  (2200 N); 2141 N LOCKWOOD AVE,4880.0,Street Resurfacing
36,2025,Street Speed Hump Menu,ON N OAKLEY AVE FROM W WALTON ST  (930 N) TO W AUGUSTA BLVD  (1000 N),2440.0,Street Resurfacing
36,2025,Street Speed Hump Menu,ON N SACRAMENTO AVE FROM W GRAND AVE  (831 N) TO W AUGUSTA BLVD  (1000 N),4880.0,Street Resurfacing
36,2025,Street Speed Hump Menu,ON N SAYRE AVE FROM W GRAND AVE  (2400 N) TO W MEDILL AVE  (2340 N); 2359 N SAYRE AVE,2440.0,Street Resurfacing
36,2025,Street Speed Hump Menu,ON W OHIO ST FROM N OAKLEY BLVD  (2300 W) TO N WESTERN AVE  (2400 W),4880.0,Street Resurfacing
36,2025,Street Speed Hump Menu,ON W POTOMAC AVE FROM N PULASKI RD  (4000 W) TO N HARDING AVE  (3940 W); 3940 W POTOMAC AVE,0.0,Street Resurfacing
36,2025,Street Speed Hump Replacement,870 N MOZART ST; ON N MOZART ST FROM W CHICAGO AVE  (800 N) TO W WALTON ST  (900 N),0.0,Street Resurfacing
36,2025,Street Speed Hump Replacement,ON W OHIO ST FROM N HOYNE AVE  (2100 W) TO N LEAVITT ST  (2200 W); 2124 W OHIO ST,0.0,Street Resurfacing
37,2025,Alley Resurfacing Menu,1754 N LECLAIRE AVE; N LECLAIRE AVE &  W BLOOMINGDALE AVE&W ST PAUL AVE &  N LARAMIE AVE,59060.49,Alleys
37,2025,Alley Resurfacing Menu,N KEDVALE AVE &  W DIVISION ST&W THOMAS ST &  N KEELER AVE; 1118 N KEDVALE AVE,35184.16,Alleys
37,2025,Alley Resurfacing Menu,N LONG AVE &  W NORTH AVE&W WABANSIA AVE &  N LOTUS AVE; 1644 N LONG AVE,41310.88,Alleys
37,2025,Alley Resurfacing Menu,N SPRINGFIELD AVE &  W DIVISION ST&W POTOMAC AVE &  N HARDING AVE; 1216 N SPRINGFIELD AVE,54289.84,Alleys
37,2025,Alley Resurfacing Menu,N SPRINGFIELD AVE &  W FERDINAND ST&W FERDINAND ST &  N HARDING AVE,44292.38,Alleys
37,2025,Alley Resurfacing Menu,W CHICAGO AVE &  N LAWLER AVE&N LECLAIRE AVE &  W IOWA ST,40660.41,Alleys
37,2025,Alley Resurfacing Menu,W CRYSTAL ST &  N KILDARE AVE&N KEELER AVE &  W POTOMAC AVE; 4201 W POTOMAC AVE,40028.11,Alleys
37,2025,Alley Resurfacing Menu,W ERIE ST &  N LAVERGNE AVE&N LECLAIRE AVE &  W OHIO ST,38454.51,Alleys
37,2025,Alley Resurfacing Menu,W WALTON ST &  N CICERO AVE&N LAMON AVE &  W IOWA ST,57111.43,Alleys
37,2025,Alley Speed Hump Menu,N LECLAIRE AVE &  W ST PAUL AVE; N LAMON AVE &  W WABANSIA AVE,3625.0,Alleys
37,2025,Alley Speed Hump Replacement,1118 N KEDVALE AVE; N KEDVALE AVE &  W DIVISION ST&W THOMAS ST &  N KEELER AVE,0.0,Alleys
37,2025,Alley Speed Hump Replacement,1754 N LECLAIRE AVE; N LECLAIRE AVE &  W BLOOMINGDALE AVE&W ST PAUL AVE &  N LARAMIE AVE,0.0,Alleys
37,2025,Alley Speed Hump Replacement,N SPRINGFIELD AVE &  W FERDINAND ST&W FERDINAND ST &  N HARDING AVE,0.0,Alleys
37,2025,Alley Speed Hump Replacement,W CHICAGO AVE &  N LAWLER AVE&N LECLAIRE AVE &  W IOWA ST,0.0,Alleys
37,2025,Alley Speed Hump Replacement,W CRYSTAL ST &  N KILDARE AVE&N KEELER AVE &  W POTOMAC AVE; 4201 W POTOMAC AVE,0.0,Alleys
37,2025,Alley Speed Hump Replacement,W WALTON ST &  N CICERO AVE&N LAMON AVE &  W IOWA ST,0.0,Alleys
37,2025,Curb & Gutter Menu,1805 N LUNA AVE,9964.27,Street Resurfacing
37,2025,Curb & Gutter Menu,N KOLIN AVE &  W IOWA ST,14221.97,Street Resurfacing
37,2025,Miscellaneous CDOT Projects,1020-1024 N CICERO AVE,150.0,Misc. CDOT
37,2025,Sidewalk Menu,1101 N KEELER AVE; W THOMAS ST &  N KEELER AVE,18067.92,Sidewalk Repair
37,2025,Sidewalk Menu,1421 N LINDER AVE,3514.76,Sidewalk Repair
37,2025,Sidewalk Menu,1748 N LUNA AVE,7441.36,Sidewalk Repair
37,2025,Sidewalk Menu,1827 N LECLAIRE AVE,5867.75,Sidewalk Repair
37,2025,Sidewalk Menu,4059 W POTOMAC AVE,33417.74,Sidewalk Repair
37,2025,Sidewalk Menu,5444 W LE MOYNE ST,26134.36,Sidewalk Repair
37,2025,Sidewalk Menu,838-841 N KEYSTONE AVE,30385.74,Sidewalk Repair
37,2025,Sidewalk Menu,ON N LOCKWOOD AVE FROM W WABANSIA AVE  (1700 N) TO W NORTH AVE  (1600 N),146459.58,Sidewalk Repair
37,2025,Sidewalk Menu,ON W KAMERLING AVE FROM N KARLOV AVE  (4100 W) TO N KEELER AVE  (4200 W),222978.96,Sidewalk Repair
37,2025,Street Light Upgrade Menu,5100 W BLOOMINGDALE AVE,5000.0,Lighting
37,2025,Street Resurfacing Menu,ON N KEELER AVE FROM W THOMAS ST  (1100 N) TO W POTOMAC AVE  (1300 N),156413.57,Street Resurfacing
37,2025,Street Resurfacing Menu,ON N LOCKWOOD AVE FROM W WABANSIA AVE  (1700 N) TO W BLOOMINGDALE AVE  (1800 N),59572.77,Street Resurfacing
37,2025,Street Resurfacing Menu,ON N LUNA AVE FROM W BLOOMINGDALE AVE  (1800 N) TO W CORTLAND ST  (1850 N),43393.13,Street Resurfacing
37,2025,Street Resurfacing Menu,ON W CRYSTAL ST FROM N PULASKI RD  (4000 W) TO N KARLOV AVE  (4100 W),61341.72,Street Resurfacing
37,2025,Street Resurfacing Menu,ON W POTOMAC AVE FROM N PULASKI RD  (4000 W) TO N KARLOV AVE  (4100 W),61204.77,Street Resurfacing
37,2025,Street Speed Hump Menu,ON N KEDVALE AVE FROM W CHICAGO AVE  (800 N) TO W IOWA ST  (900 N),4880.0,Street Resurfacing
37,2025,Street Speed Hump Menu,ON N KEYSTONE AVE FROM W IOWA ST  (900 N) TO W AUGUSTA BLVD  (1000 N),4880.0,Street Resurfacing
37,2025,Street Speed Hump Menu,ON N LEAMINGTON AVE FROM W HIRSCH ST  (1400 N) TO W LE MOYNE ST  (1500 N),2440.0,Street Resurfacing
37,2025,Street Speed Hump Menu,ON N LECLAIRE AVE FROM W WABANSIA AVE  (1700 N) TO W ST PAUL AVE  (1730 N),2440.0,Street Resurfacing
37,2025,Street Speed Hump Menu,ON N LOCKWOOD AVE FROM W WABANSIA AVE  (1700 N) TO W BLOOMINGDALE AVE  (1800 N),0.0,Street Resurfacing
37,2025,Street Speed Hump Menu,ON W FERDINAND ST FROM N SPRINGFIELD AVE  (3900 W) TO N PULASKI RD  (3999 W),4880.0,Street Resurfacing
37,2025,Street Speed Hump Menu,ON W IOWA ST FROM N KARLOV AVE  (4100 W) TO N KEELER AVE  (4200 W),4880.0,Street Resurfacing
37,2025,Street Speed Hump Menu,ON W WABANSIA AVE FROM N LOCKWOOD AVE  (5300 W) TO N LONG AVE  (5400 W),4880.0,Street Resurfacing
37,2025,Viaduct Improvement Menu,1800 N LARAMIE AVE,43158.31,Viaducts
38,2025,Miscellaneous CDOT Projects,3940 N OKETO AVE,660.0,Misc. CDOT
38,2025,Miscellaneous CDOT Projects,420 N AUSTIN BLVD,660.0,Misc. CDOT
38,2025,"N Harlem Ave from W Grace St to W Irving Park Road. Each block at $500,000; total of $1,000,000",ON N HARLEM AVE FROM W GRACE ST  (3800 N) TO W IRVING PARK RD  (4000 N),260000.0,Parks
38,2025,Smyser Elementary Gym Renovations,4310 N MELVINA AVE,75000.0,Schools
38,2025,Street Resurfacing Menu,ON N CHESTER AVE FROM W MONTROSE AVE  (4400 N) TO W AGATITE AVE  (4500 N),56288.79,Street Resurfacing
38,2025,Street Resurfacing Menu,ON N MCVICKER AVE FROM 4038 N TO W IRVING PARK RD  (4000 N),33000.08,Street Resurfacing
38,2025,Street Resurfacing Menu,ON N MELVINA AVE FROM W IRVING PARK RD  (4000 N) TO W DAKIN ST  (3930 N),41621.98,Street Resurfacing
38,2025,Street Resurfacing Menu,ON N NATOMA AVE FROM W CORNELIA AVE  (3500 N) TO W ADDISON ST  (3600 N),54835.59,Street Resurfacing
38,2025,Street Resurfacing Menu,ON N NORMANDY AVE FROM W BELMONT AVE  (3200 N) TO W SCHOOL ST  (3300 N),58050.05,Street Resurfacing
38,2025,Street Resurfacing Menu,ON N OCTAVIA AVE FROM W GRACE ST  (3800 N) TO W BYRON ST  (3900 N),56131.32,Street Resurfacing
38,2025,Street Resurfacing Menu,ON N OKETO AVE FROM W ADDISON ST  (3600 N) TO W CORNELIA AVE  (3500 N),65536.73,Street Resurfacing
38,2025,Street Resurfacing Menu,ON N OZARK AVE FROM W CORNELIA AVE  (3500 N) TO W ADDISON ST  (3600 N),47424.01,Street Resurfacing
38,2025,Street Resurfacing Menu,ON N PARIS AVE FROM W ADDISON ST  (3600 N) TO W FOREST PRESERVE AVE  (3499 N),62865.01,Street Resurfacing
38,2025,Street Resurfacing Menu,ON N PARIS AVE FROM W SCHOOL ST  (3300 N) TO W ROSCOE ST  (3400 N),58677.7,Street Resurfacing
38,2025,Street Resurfacing Menu,ON N PIONEER AVE FROM W SCHOOL ST  (3300 N) TO W FOREST PRESERVE AVE  (3447 N),95500.84,Street Resurfacing
38,2025,Street Resurfacing Menu,ON N PITTSBURGH AVE FROM 4041 N TO W BELLE PLAINE AVE  (4100 N),58718.86,Street Resurfacing
38,2025,Street Resurfacing Menu,ON N PITTSBURGH AVE FROM W BERTEAU AVE  (4200 N) TO W BELLE PLAINE AVE  (4100 N),64271.79,Street Resurfacing
38,2025,Street Resurfacing Menu,ON N PITTSBURGH AVE FROM W BYRON ST  (3900 N) TO W IRVING PARK RD  (4000 N),59329.94,Street Resurfacing
38,2025,Street Resurfacing Menu,ON N PITTSBURGH AVE FROM W SCHOOL ST  (3300 N) TO W FOREST PRESERVE AVE  (3400 N),72635.4,Street Resurfacing
38,2025,Street Resurfacing Menu,ON N PONTIAC AVE FROM W ADDISON ST  (3600 N) TO W WAVELAND AVE  (3700 N),56948.39,Street Resurfacing
38,2025,Street Resurfacing Menu,ON N PONTIAC AVE FROM W IRVING PARK RD  (4000 N) TO W BELLE PLAINE AVE  (4100 N),64940.88,Street Resurfacing
38,2025,Street Resurfacing Menu,ON N PONTIAC AVE FROM W SCHOOL ST  (3300 N) TO W FOREST PRESERVE AVE  (3400 N),27353.18,Street Resurfacing
38,2025,Street Resurfacing Menu,ON W ROSCOE ST FROM N NEENAH AVE  (6530 W) TO N NATOMA AVE  (6630 W),45498.99,Street Resurfacing
38,2025,Street Resurfacing Menu,ON W WARNER AVE FROM N LOCKWOOD AVE  (5300 W) TO N LONG AVE  (5400 W),52029.04,Street Resurfacing
38,2025,Street Speed Hump Replacement,ON N NORMANDY AVE FROM W BELMONT AVE  (3200 N) TO W SCHOOL ST  (3300 N),0.0,Street Resurfacing
38,2025,Street Speed Hump Replacement,ON N OKETO AVE FROM W ADDISON ST  (3600 N) TO W CORNELIA AVE  (3500 N),0.0,Street Resurfacing
38,2025,Street Speed Hump Replacement,ON N PARIS AVE FROM W ADDISON ST  (3600 N) TO W FOREST PRESERVE AVE  (3499 N),0.0,Street Resurfacing
38,2025,Street Speed Hump Replacement,ON N PIONEER AVE FROM W SCHOOL ST  (3300 N) TO W FOREST PRESERVE AVE  (3447 N),0.0,Street Resurfacing
38,2025,Street Speed Hump Replacement,ON N PITTSBURGH AVE FROM W BYRON ST  (3900 N) TO W IRVING PARK RD  (4000 N),0.0,Street Resurfacing
39,2025,Alley Resurfacing Menu,N TRIPP AVE &  W GRANVILLE AVE&W ROSEMONT AVE &  N KILDARE AVE,4047.97,Alleys
39,2025,Install Gates in the Openings in the Fence Around North Mayfair Park,4533 W CARMEN AVE,20000.0,Parks
39,2025,Mayfair Park Field House Restroom Improvements,4550 W SUNNYSIDE AVE,200000.0,Parks
39,2025,Miscellaneous CDOT Projects,4900 N KEELER AVE,660.0,Misc. CDOT
39,2025,Miscellaneous CDOT Projects,N PULASKI RD &  W BERTEAU AVE,4000.0,Misc. CDOT
39,2025,Miscellaneous CDOT Projects,W BRYN MAWR AVE &  N MOZART ST,35000.0,Misc. CDOT
39,2025,Palmer Elementary Outdoor Education Space,5051 N KENNETH AVE,30000.0,Schools
39,2025,Pavement Markings Menu,3730 W BRYN MAWR AVE,1600.0,Street Redesign
39,2025,Pavement Markings Menu,6040 N KILPATRICK AVE,5400.0,Street Redesign
39,2025,Pavement Markings Menu,W FOSTER AVE &  N KOSTNER AVE,3000.0,Street Redesign
39,2025,Sidewalk Menu,5407 N VIRGINIA AVE,80151.98,Sidewalk Repair
39,2025,Street Light Upgrade Menu,5638 N BERNARD ST,500.0,Lighting
39,2025,Street Light Upgrade Menu,5942 N KIMBALL AVE,500.0,Lighting
39,2025,Street Light Upgrade Menu,6030 N MARMORA AVE,500.0,Lighting
39,2025,Street Light Upgrade Menu,6131 N HARDING AVE,500.0,Lighting
39,2025,Street Resurfacing Menu,ON N BERNARD ST FROM W BALMORAL AVE  (5400 N) TO W CATALPA AVE  (5500 N),56424.91,Street Resurfacing
39,2025,Street Resurfacing Menu,ON N KARLOV AVE FROM W GLENLAKE AVE  (6100 N) TO W GRANVILLE AVE  (6200 N),59834.66,Street Resurfacing
39,2025,Street Resurfacing Menu,ON N KEDVALE AVE FROM W GRANVILLE AVE  (6200 N) TO W ROSEMONT AVE  (6300 N),54626.09,Street Resurfacing
39,2025,Street Resurfacing Menu,ON N KEELER AVE FROM W LAWRENCE AVE  (4800 N) TO W AINSLIE ST  (4900 N),43422.7,Street Resurfacing
39,2025,Street Resurfacing Menu,ON N KERCHEVAL AVE FROM N KERBS AVE  (5730 N) TO N FOREST GLEN AVE  (5800 N),120271.51,Street Resurfacing
39,2025,Street Resurfacing Menu,ON N KOSTNER AVE FROM N SAUGANASH AVE  (6145 N) TO N FOREST GLEN AVE  (6252 N),48149.51,Street Resurfacing
39,2025,Street Resurfacing Menu,ON N KOSTNER AVE FROM W SUNNYSIDE AVE  (4500 N) TO W WILSON AVE  (4600 N),46891.39,Street Resurfacing
39,2025,Street Resurfacing Menu,ON N LEMONT AVE FROM N HIAWATHA AVE  (6130 N) TO N IONIA AVE  (6230 N),57276.34,Street Resurfacing
39,2025,Street Resurfacing Menu,ON N LENOX AVE FROM N HIAWATHA AVE  (6300 N) TO W DEVON AVE  (6400 N),29050.74,Street Resurfacing
39,2025,Street Resurfacing Menu,ON N LYNCH AVE FROM 5585 N TO N ELSTON AVE  (5500 N),92629.22,Street Resurfacing
39,2025,Street Resurfacing Menu,ON N MAJOR AVE FROM N LEONARD AVE  (5900 N) TO N MANTON AVE  (5800 N),41202.57,Street Resurfacing
39,2025,Street Resurfacing Menu,ON N SAWYER AVE FROM W FOSTER AVE  (5200 N) TO W BERWYN AVE  (5300 N),49165.36,Street Resurfacing
39,2025,Street Resurfacing Menu,ON W BRYN MAWR AVE FROM 4357 W TO N PULASKI RD  (4000 W),211048.0,Street Resurfacing
39,2025,Street Speed Hump Replacement,4414 W ARGYLE ST,0.0,Street Resurfacing
39,2025,Street Speed Hump Replacement,ON N KOSTNER AVE FROM W SUNNYSIDE AVE  (4500 N) TO W WILSON AVE  (4600 N),0.0,Street Resurfacing
40,2025,"2024 Menu - Ward 40 - CPL garden installation, sidewalk improvements",5630 N LINCOLN AVE,51162.0,Sidewalk Repair
40,2025,Alley Apron Menu,2514 W FARRAGUT AVE; N LINCOLN AVE &  W FARRAGUT AVE&W BERWYN AVE &  N ROCKWELL ST,15671.43,Alleys
40,2025,Alley Resurfacing Menu,N ARTESIAN AVE &  W ARDMORE AVE&W THORNDALE AVE &  N WESTERN AVE,33634.03,Alleys
40,2025,Alley Resurfacing Menu,N ARTESIAN AVE &  W HOLLYWOOD AVE&W ARDMORE AVE &  N WESTERN AVE,41960.55,Alleys
40,2025,Alley Resurfacing Menu,W EASTWOOD AVE &  N MANOR AVE&N FRANCISCO AVE &  W WILSON AVE,18692.47,Alleys
40,2025,Alley Speed Hump Menu,W RASCHER AVE &  N WASHTENAW AVE&N CALIFORNIA AVE &  W BALMORAL AVE; 2743 W RASCHER AVE,725.0,Alleys
40,2025,Alley Speed Hump Replacement,N ARTESIAN AVE &  W ARDMORE AVE&W THORNDALE AVE &  N WESTERN AVE,0.0,Alleys
40,2025,Alley Speed Hump Replacement,N ARTESIAN AVE &  W HOLLYWOOD AVE&W ARDMORE AVE &  N WESTERN AVE,0.0,Alleys
40,2025,Alley Speed Hump Replacement,W EASTWOOD AVE &  N MANOR AVE&N FRANCISCO AVE &  W WILSON AVE,0.0,Alleys
40,2025,Bollard Menu,1740 W CATALPA AVE,1173.06,Pedestrian Infrastructure
40,2025,Bollard Menu,2844 W EASTWOOD AVE,1956.51,Pedestrian Infrastructure
40,2025,Concrete Alley Menu,W LAWRENCE AVE &  N ROCKWELL ST&N TALMAN AVE &  W LELAND AVE,147706.97,Alleys
40,2025,Curb & Gutter Menu,2031 W BALMORAL AVE,10721.93,Street Resurfacing
40,2025,Curb & Gutter Menu,2633-2635 W BRYN MAWR AVE,4131.42,Street Resurfacing
40,2025,Curb & Gutter Menu,4705-4709 N WASHTENAW AVE,6634.07,Street Resurfacing
40,2025,Curb & Gutter Menu,6114 N RAVENSWOOD AVE W,17746.08,Street Resurfacing
40,2025,"In-Road ""State Law Stop For Pedestrians"" Sign Menu",W DEVON AVE &  N HERMITAGE AVE,350.0,Pedestrian Infrastructure
40,2025,"In-Road ""State Law Stop For Pedestrians"" Sign Menu",W DEVON AVE &  N RAVENSWOOD AVE,350.0,Pedestrian Infrastructure
40,2025,LED Traffic Signal Upgrades & Pedestrian Countdown Signal,W BERWYN AVE &  N WESTERN AVE,207867.42,Pedestrian Infrastructure
40,2025,Miscellaneous CDOT Projects,ON N CLARK ST FROM W CARMEN AVE  (5100 N) TO W HOLLYWOOD AVE  (5700 N); W LAWRENCE AVE &  N CALIFORNIA AVE,54400.0,Misc. CDOT
40,2025,Miscellaneous CDOT Projects,W FOSTER AVE &  N PAULINA ST,70000.0,Misc. CDOT
40,2025,Pavement Markings Menu,N CALIFORNIA AVE &  W WINNEMAC AVE,1000.0,Street Redesign
40,2025,Pavement Markings Menu,ON W FOSTER AVE FROM N RAVENSWOOD AVE  (1800 W) TO N DAMEN AVE  (2000 W),3750.0,Street Redesign
40,2025,Sidewalk Menu,2621 W CARMEN AVE,407.86,Sidewalk Repair
40,2025,Sidewalk Menu,2726 W BALMORAL AVE,1846.38,Sidewalk Repair
40,2025,Sidewalk Menu,4674 N VIRGINIA AVE,14721.68,Sidewalk Repair
40,2025,Sidewalk Menu,4861 N TALMAN AVE,8818.39,Sidewalk Repair
40,2025,Sidewalk Menu,4901-4903 N LEAVITT ST,5376.46,Sidewalk Repair
40,2025,Sidewalk Menu,5811 N ROCKWELL ST,3569.28,Sidewalk Repair
40,2025,Sidewalk Menu,5928 N MAPLEWOOD AVE,6672.07,Sidewalk Repair
40,2025,Sidewalk Menu,6043 N ARTESIAN AVE,6622.12,Sidewalk Repair
40,2025,Sidewalk Menu,6114 N RAVENSWOOD AVE W,13300.91,Sidewalk Repair
40,2025,Sidewalk Menu,6116-6146 N DAMEN AVE,66058.19,Sidewalk Repair
40,2025,Sidewalk Menu,6901 N BELL AVE,23895.59,Sidewalk Repair
40,2025,Sidewalk Menu,ON N HERMITAGE AVE FROM 5609 N TO W BRYN MAWR AVE  (5600 N),6701.9,Sidewalk Repair
40,2025,Sidewalk Menu,ON N RAVENSWOOD AVE FROM W GRANVILLE AVE  (6199 N) TO W THOME AVE  (6300 N),18615.2,Sidewalk Repair
40,2025,Speed Indicator Signs,W DEVON AVE &  N RAVENSWOOD AVE,28300.7,Traffic Signals
40,2025,Street Bump Outs Menu,N HOYNE AVE &  W ARGYLE ST,15066.44,Pedestrian Infrastructure
40,2025,Street Bump Outs Menu,N RAVENSWOOD AVE &  W DEVON AVE,10099.84,Pedestrian Infrastructure
40,2025,Street Bump Outs Menu,N WASHTENAW AVE &  W LELAND AVE,29523.31,Pedestrian Infrastructure
40,2025,Street Resurfacing Menu,ON N FAIRFIELD AVE FROM W LAWRENCE AVE  (4800 N) TO W GUNNISON ST  (4840 N),27208.37,Street Resurfacing
40,2025,Street Resurfacing Menu,ON N PAULINA ST FROM 5800 N TO W THORNDALE AVE  (5900 N),45440.62,Street Resurfacing
40,2025,Street Resurfacing Menu,ON N ROCKWELL ST FROM W FARWELL AVE  (6830 N) TO W COYLE AVE  (6930 N),81508.75,Street Resurfacing
40,2025,Street Resurfacing Menu,ON N VIRGINIA AVE FROM W LAWRENCE AVE  (4800 N) TO W LELAND AVE  (4700 N),76206.53,Street Resurfacing
40,2025,Street Resurfacing Menu,ON W ARTHUR AVE FROM N OAKLEY AVE  (2300 W) TO N WESTERN AVE  (2400 W),58099.98,Street Resurfacing
40,2025,Street Resurfacing Menu,ON W BRYN MAWR AVE FROM N ASHLAND AVE  (1600 W) TO N RAVENSWOOD AVE  (1799 W),150000.0,Street Resurfacing
40,2025,Street Resurfacing Menu,ON W OLIVE AVE FROM N HERMITAGE AVE  (1700 W) TO N RAVENSWOOD AVE  (1800 W),44065.41,Street Resurfacing
40,2025,Street Resurfacing Menu,ON W SCHREIBER AVE FROM N HERMITAGE AVE  (1740 W) TO N RAVENSWOOD AVE  (1800 W),40921.07,Street Resurfacing
40,2025,Street Speed Hump Menu,ON N MANOR AVE FROM W MONTROSE AVE  (4400 N) TO W SUNNYSIDE AVE  (4500 N),4880.0,Street Resurfacing
40,2025,Street Speed Hump Menu,ON W ARGYLE ST FROM N FRANCISCO AVE  (2900 W) TO N WHIPPLE ST  (3030 W); 2923 W ARGYLE ST,2440.0,Street Resurfacing
40,2025,Street Traffic Circle Menu,N CAMPBELL AVE &  W GLENLAKE AVE,20000.0,Street Redesign
41,2025,Alley Resurfacing Menu,7301 W GREENLEAF AVE; W GREENLEAF AVE &  N OCTAVIA AVE&N ODELL AVE &  W LUNT AVE,30080.47,Alleys
41,2025,Curb & Gutter Menu,ON N NATCHEZ AVE FROM 5429 N TO W BALMORAL AVE  (5400 N),126394.91,Street Resurfacing
41,2025,Curb & Gutter Menu,ON N NEW ENGLAND AVE FROM W HAYES AVE  (6440 N) TO W IMLAY ST  (6400 N),10440.29,Street Resurfacing
41,2025,Curb & Gutter Menu,ON N NORDICA AVE FROM N SAYRE AVE  (6210 N) TO W IMLAY ST  (6360 N),54601.32,Street Resurfacing
41,2025,Curb & Gutter Menu,ON N SAYRE AVE FROM W HIGHLAND AVE  (6300 N) TO W DEVON AVE  (6360 N),70942.43,Street Resurfacing
41,2025,Miscellaneous CDOT Projects,5331 N ORIOLE AVE,660.0,Misc. CDOT
41,2025,Sidewalk Menu,5225 N OAK PARK AVE,18129.07,Sidewalk Repair
41,2025,Street Resurfacing Menu,ON N NATOMA AVE FROM W DEVON AVE  (6400 N) TO W ALBION AVE  (6600 N),112126.69,Street Resurfacing
41,2025,Street Resurfacing Menu,ON N NEWARK AVE FROM W DEVON AVE  (6400 N) TO W HAYES AVE  (6500 N),88573.63,Street Resurfacing
41,2025,Street Resurfacing Menu,ON N NEW ENGLAND AVE FROM W HAYES AVE  (6440 N) TO W IMLAY ST  (6400 N),44215.27,Street Resurfacing
41,2025,Street Resurfacing Menu,ON N NICKERSON AVE FROM N NINA AVE  (5900 N) TO N WEST CIRCLE AVE  (6000 N),75160.12,Street Resurfacing
41,2025,Street Resurfacing Menu,ON N NORDICA AVE FROM N SAYRE AVE  (6210 N) TO W IMLAY ST  (6360 N),95888.06,Street Resurfacing
41,2025,Street Resurfacing Menu,ON N OAK PARK AVE FROM W RAVEN ST  (6199 N) TO W DEVON AVE  (6400 N),96422.92,Street Resurfacing
41,2025,Street Resurfacing Menu,ON N OZARK AVE FROM W GLENLAKE AVE  (6100 N) TO N OZANAM AVE  (6180 N),183972.54,Street Resurfacing
41,2025,Street Resurfacing Menu,ON N SAYRE AVE FROM W HIGHLAND AVE  (6300 N) TO W DEVON AVE  (6360 N),50464.62,Street Resurfacing
41,2025,Street Resurfacing Menu,ON W MYRTLE AVE FROM N HARLEM AVE  (7200 W) TO N OLCOTT AVE  (7500 W),161263.64,Street Resurfacing
41,2025,Street Resurfacing Menu,ON W MYRTLE AVE FROM N OLCOTT AVE  (7500 W) TO N ORIOLE AVE  (7600 W),78311.13,Street Resurfacing
41,2025,Street Resurfacing Menu,ON W PALATINE AVE FROM N ORIOLE AVE  (7600 W) TO N OVERHILL AVE  (7700 W),56546.26,Street Resurfacing
41,2025,Street Resurfacing Menu,ON W SCHREIBER AVE FROM N NATOMA AVE  (6600 W) TO N NEWCASTLE AVE  (6800 W),103466.44,Street Resurfacing
41,2025,Street Speed Hump Menu,ON N ODELL AVE FROM W ARDMORE AVE  (5800 N) TO W TALCOTT AVE  (5900 N); 5800 N ODELL AVE,647.57,Street Resurfacing
42,2025,Alley Resurfacing Menu,N FRANKLIN ST &  W CHICAGO AVE&W SUPERIOR ST &  N WELLS ST,12916.41,Alleys
42,2025,Alley Resurfacing Menu,N FRANKLIN ST &  W ERIE ST&W ONTARIO ST &  N WELLS ST,20130.51,Alleys
42,2025,Alley Resurfacing Menu,N FRANKLIN ST &  W HURON ST&W ERIE ST &  N WELLS ST,13225.41,Alleys
42,2025,Alley Resurfacing Menu,N FRANKLIN ST &  W ILLINOIS ST&W HUBBARD ST &  N WELLS ST,26246.49,Alleys
42,2025,Alley Resurfacing Menu,N FRANKLIN ST &  W ONTARIO ST&W OHIO ST &  N WELLS ST,16271.23,Alleys
42,2025,Alley Speed Hump Replacement,N FRANKLIN ST &  W ILLINOIS ST&W HUBBARD ST &  N WELLS ST,0.0,Alleys
42,2025,Miscellaneous CDOT Projects,101 W HUBBARD ST,660.0,Misc. CDOT
42,2025,Miscellaneous CDOT Projects,ON N STETSON AVE FROM E SOUTH WATER ST  (300 N) TO E WACKER DR  (349 N),124519.02,Misc. CDOT
42,2025,Right-turn arrow installation for the northbound to eastbound movement at Streeter-Grand.,N STREETER DR &  E GRAND AVE,33401.16,Street Redesign
42,2025,Speed Indicator Signs,ON N ORLEANS ST FROM W WOLF POINT PLZ  (320 N) TO W ILLINOIS ST  (500 N),300.7,Traffic Signals
42,2025,Street Light Residential Staggered Piggy Back Menu,ON W SUPERIOR ST FROM N FRANKLIN ST  (300 W) TO N SEDGWICK ST  (400 W),71957.87,Lighting
42,2025,Street Resurfacing Menu,ON E SOUTH WATER ST FROM N STETSON AVE  (154 E) TO N COLUMBUS DR  (241 E),40656.87,Street Resurfacing
42,2025,Street Resurfacing Menu,ON N HARBOR DR FROM E RANDOLPH ST  (150 N) TO E WATERSIDE DR  (225 N),81190.18,Street Resurfacing
42,2025,Street Resurfacing Menu,ON N MICHIGAN LOWER AVE FROM E NORTH WATER LOWER ST  (420 N) TO E GRAND AVE (600 N),152398.36,Street Resurfacing
42,2025,Street Resurfacing Menu,ON N PARK DR FROM E NORTH WATER ST  (440 N) TO E ILLINOIS ST  (480 N),58815.46,Street Resurfacing
42,2025,Street Resurfacing Menu,ON N STETSON AVE FROM E RANDOLPH ST  (140 N) TO E WACKER DR  (349 N),200935.14,Street Resurfacing
42,2025,Street Resurfacing Menu,ON W ERIE ST FROM N DEARBORN ST  (50 W) TO N STATE ST  (0 E),39705.28,Street Resurfacing
42,2025,Street Speed Hump Replacement,ON N HARBOR DR FROM E RANDOLPH ST  (150 N) TO E WATERSIDE DR  (225 N),0.0,Street Resurfacing
42,2025,Viaduct Improvement Menu,360 E RANDOLPH ST,28717.68,Viaducts
42,2025,Viaduct Improvement Menu,ON N STETSON AVE FROM E RANDOLPH ST  (140 N) TO E WACKER DR  (349 N),70987.0,Viaducts
42,2025,Viaduct Improvement Menu,W KINZIE ST &  N ORLEANS ST,24271.0,Viaducts
43,2025,Alley Apron Menu,2000 N SEMINARY AVE,22589.89,Alleys
43,2025,Alley Apron Menu,2727 N LEHMANN CT,78654.12,Alleys
43,2025,Alley Resurfacing Menu,N DAYTON ST &  W WISCONSIN ST; N HALSTED ST &  W WILLOW ST,41437.57,Alleys
43,2025,Alley Resurfacing Menu,N HAMPDEN CT &  W WRIGHTWOOD AVE&W DIVERSEY PKWY &  N LEHMANN CT; 2754 N HAMPDEN CT,16671.99,Alleys
43,2025,Alley Resurfacing Menu,W WISCONSIN ST &  N FREMONT ST&N BISSELL ST &  W WILLOW ST,7694.22,Alleys
43,2025,Alley Resurfacing Menu,W WRIGHTWOOD AVE &  N HAMPDEN CT&N LAKEVIEW AVE &  W DEMING PL,10506.17,Alleys
43,2025,Arterial Street Bump Outs Menu,N CLYBOURN AVE &  N KENMORE AVE,12038.3,Pedestrian Infrastructure
43,2025,Arterial Street Bump Outs Menu,N HALSTED ST &  W DICKENS AVE,116549.89,Pedestrian Infrastructure
43,2025,Arterial Street Bump Outs Menu,N SHEFFIELD AVE &  W MONTANA ST,3710.45,Pedestrian Infrastructure
43,2025,Curb & Gutter Menu,1875 N DAYTON ST; N DAYTON ST &  W WISCONSIN ST,185608.68,Street Resurfacing
43,2025,Curb & Gutter Menu,2731 N HAMPDEN CT,89749.11,Street Resurfacing
43,2025,Curb & Gutter Menu,300 W WEBSTER AVE,45453.08,Street Resurfacing
43,2025,"In-Road ""State Law Stop For Pedestrians"" Sign Menu",W DIVERSEY PKWY &  N SEMINARY AVE,600.0,Pedestrian Infrastructure
43,2025,Lincoln Park Arch Project,2560 N LINCOLN AVE,86492.95,Parks
43,2025,Miscellaneous CDOT Projects,2400 N LINCOLN AVE,660.0,Misc. CDOT
43,2025,Pavement Markings Menu,ON N SHEFFIELD AVE FROM 2720 N TO N LINCOLN AVE  (2600 N),3000.0,Street Redesign
43,2025,Sidewalk Menu,1134-1138 W SCHUBERT AVE,19130.2,Sidewalk Repair
43,2025,Sidewalk Menu,1301 N STATE PKWY,21430.92,Sidewalk Repair
43,2025,Sidewalk Menu,2121-2127 N BISSELL ST,10630.31,Sidewalk Repair
43,2025,Sidewalk Menu,2717 N HALSTED ST,21133.99,Sidewalk Repair
43,2025,Sidewalk Menu,424 W EUGENIE ST,81560.61,Sidewalk Repair
43,2025,Sidewalk Menu,515 W WRIGHTWOOD AVE,8681.12,Sidewalk Repair
43,2025,Sidewalk Menu,659 W ARMITAGE AVE,21300.96,Sidewalk Repair
43,2025,Sidewalk Menu,830 W ALTGELD ST,4520.95,Sidewalk Repair
43,2025,Sidewalk Menu,ON W WILLOW ST FROM 849 W TO N FREMONT ST  (900 W),15114.43,Sidewalk Repair
43,2025,Street Bump Outs Menu,N SHEFFIELD AVE &  W SCHUBERT AVE,32000.0,Pedestrian Infrastructure
43,2025,Street Bump Outs Menu,W BELDEN AVE &  N COMMONWEALTH AVE,28272.2,Pedestrian Infrastructure
43,2025,Street Light Upgrade Menu,2001 N MOHAWK ST,500.0,Lighting
43,2025,Street Resurfacing Menu,2200-2300 N LINCOLN PARK WEST,67603.13,Street Resurfacing
43,2025,Street Resurfacing Menu,ON N KENMORE AVE FROM N MAUD AVE  (1900 N) TO W ARMITAGE AVE  (2000 N),84631.42,Street Resurfacing
43,2025,Street Resurfacing Menu,ON N ST MICHAELS CT FROM W EUGENIE ST  (1700 N) TO W WILLOW ST  (1740 N),12673.24,Street Resurfacing
43,2025,Street Resurfacing Menu,ON W ARLINGTON PL FROM N LAKEVIEW AVE  (400 W) TO N CLARK ST  (500 W),41320.27,Street Resurfacing
43,2025,Street Resurfacing Menu,ON W BELDEN AVE FROM N CLARK ST  (410 W) TO N CLEVELAND AVE  (500 W),40835.09,Street Resurfacing
43,2025,Street Resurfacing Menu,ON W DEMING PL FROM N CLARK ST  (500 W) TO N ORCHARD ST  (700 W),97504.68,Street Resurfacing
43,2025,Street Resurfacing Menu,ON W EUGENIE ST FROM N HUDSON AVE  (440 W) TO N ST MICHAELS CT  (450 W),3611.22,Street Resurfacing
43,2025,Street Resurfacing Menu,ON W SCHUBERT AVE FROM N LINCOLN AVE  (1100 W) TO N RACINE AVE  (1200 W),44411.14,Street Resurfacing
43,2025,Street Resurfacing Menu,ON W WILLOW ST FROM N FERN CT  (420 W) TO N ST MICHAELS CT  (452 W),19365.4,Street Resurfacing
43,2025,Street Resurfacing Menu,ON W WRIGHTWOOD AVE FROM N LAKEVIEW AVE  (400 W) TO N PINE GROVE AVE  (430 W),28007.53,Street Resurfacing
43,2025,Street Resurfacing Menu,ON W WRIGHTWOOD AVE FROM N SEMINARY AVE  (1100 W) TO N RACINE AVE  (1200 W),69464.76,Street Resurfacing
43,2025,Street Speed Hump Menu,ON N MOHAWK ST FROM W ARMITAGE AVE  (2000 N) TO W DICKENS AVE  (2100 N),4880.0,Street Resurfacing
44,2025,Alley Resurfacing Menu,N CAMBRIDGE AVE &  W BRIAR PL&W BELMONT AVE &  N PINE GROVE AVE; 3167 N CAMBRIDGE AVE,25488.26,Alleys
44,2025,Alley Resurfacing Menu,N COMMONWEALTH AVE &  W SURF ST&W OAKDALE AVE &  N SHERIDAN RD,19652.72,Alleys
44,2025,Alley Resurfacing Menu,N JANSSEN AVE &  W CORNELIA AVE&W ADDISON ST &  N SOUTHPORT AVE,21458.56,Alleys
44,2025,Alley Resurfacing Menu,N LAKEWOOD AVE &  W HENDERSON ST&W SCHOOL ST &  N RACINE AVE,15172.15,Alleys
44,2025,Alley Resurfacing Menu,W BUCKINGHAM PL &  N HALSTED ST&N CLARK ST &  W ALDINE AVE,24936.7,Alleys
44,2025,Alley Resurfacing Menu,W SCHOOL ST &  N LAKEWOOD AVE&N RACINE AVE &  W MELROSE ST,41587.43,Alleys
44,2025,Alley Speed Hump Menu,N BROADWAY &  W ALDINE AVE&W MELROSE ST &  N HALSTED ST,725.0,Alleys
44,2025,Alley Speed Hump Replacement,N CAMBRIDGE AVE &  W BRIAR PL&W BELMONT AVE &  N PINE GROVE AVE; 3167 N CAMBRIDGE AVE,0.0,Alleys
44,2025,Alley Speed Hump Replacement,W SCHOOL ST &  N LAKEWOOD AVE&N RACINE AVE &  W MELROSE ST,0.0,Alleys
44,2025,Bollard Menu,W ROSCOE ST &  N LAKE SHORE DR,18865.46,Pedestrian Infrastructure
44,2025,Curb & Gutter Menu,1225 W EDDY ST,16934.3,Street Resurfacing
44,2025,Curb & Gutter Menu,829-837 W NEWPORT AVE,68858.16,Street Resurfacing
44,2025,LED Traffic Signal Upgrades & Pedestrian Countdown Signal,N CLARK ST &  W WELLINGTON AVE,75129.66,Pedestrian Infrastructure
44,2025,LED Traffic Signal Upgrades & Pedestrian Countdown Signal,N HALSTED ST &  W WELLINGTON AVE,87104.82,Pedestrian Infrastructure
44,2025,Miscellaneous Other Projects,600 W WELLINGTON AVE,660.0,Misc.
44,2025,Pavement Markings Menu,W BARRY AVE &  N CLARK ST,4000.0,Street Redesign
44,2025,Speed Indicator Signs,W ADDISON ST &  N FREMONT ST,38000.0,Traffic Signals
44,2025,Street Bump Outs Menu,N SEMINARY AVE &  W CORNELIA AVE,20000.0,Pedestrian Infrastructure
44,2025,Street Bump Outs Menu,W OAKDALE AVE &  N LAKE SHORE DR,20000.0,Pedestrian Infrastructure
44,2025,Street Light Residential Staggered Piggy Back Menu,ON N SOUTHPORT AVE FROM W HENDERSON ST  (3331 N) TO W GRACE ST  (3801 N),582531.07,Lighting
44,2025,Street Resurfacing Menu,ON N PINE GROVE AVE FROM W DIVERSEY PKWY  (2800 N) TO W SURF ST  (2900 N),44829.93,Street Resurfacing
44,2025,Street Resurfacing Menu,ON W BRIAR PL FROM N SHERIDAN RD  (400 W) TO N BROADWAY  (600 W),121730.81,Street Resurfacing
44,2025,Street Resurfacing Menu,ON W CORNELIA AVE FROM N RACINE AVE  (1200 W) TO N LAKEWOOD AVE  (1300 W),53622.0,Street Resurfacing
44,2025,Street Resurfacing Menu,ON W HAWTHORNE PL FROM N LAKE SHORE DR  (500 W) TO N BROADWAY  (599 W),93832.96,Street Resurfacing
44,2025,Street Speed Hump Menu,ON N WAYNE AVE FROM W GRACE ST  (3800 N) TO W BYRON ST  (3900 N),4880.0,Street Resurfacing
44,2025,Street Speed Hump Replacement,ON W BRIAR PL FROM N SHERIDAN RD  (400 W) TO N BROADWAY  (600 W),0.0,Street Resurfacing
45,2025,Alley Resurfacing Menu,N MULLIGAN AVE &  W BRYN MAWR AVE&W BRYN MAWR AVE &  N AVONDALE AVE; 5621 N MULLIGAN AVE,9429.39,Alleys
45,2025,Street Resurfacing Menu,ON N ALGONQUIN AVE FROM N CALDWELL AVE  (6430 N) TO N LEHIGH AVE  (6458 N),36247.11,Street Resurfacing
45,2025,Street Resurfacing Menu,ON N CHICORA AVE FROM N CALDWELL AVE  (6530 N) TO N LEOTI AVE  (6630 N),57008.19,Street Resurfacing
45,2025,Street Resurfacing Menu,ON N HIAWATHA AVE FROM N CENTRAL AVE  (6540 N) TO N KINZUA AVE  (6700 N),137476.16,Street Resurfacing
45,2025,Street Resurfacing Menu,ON N LEAMINGTON AVE FROM W LELAND AVE  (4700 N) TO N AVONDALE AVE  (4770 N),31854.99,Street Resurfacing
45,2025,Street Resurfacing Menu,ON N LECLAIRE AVE FROM N ELSTON AVE  (5300 N) TO W FOSTER AVE  (5200 N),75600.93,Street Resurfacing
45,2025,Street Resurfacing Menu,ON N LORON AVE FROM N CALDWELL AVE  (6620 N) TO N HIAWATHA AVE  (6800 N),117237.97,Street Resurfacing
45,2025,Street Resurfacing Menu,ON N LOWELL AVE FROM 4125 N TO W IRVING PARK RD  (4000 N),87365.91,Street Resurfacing
45,2025,Street Resurfacing Menu,ON N LUDLAM AVE FROM N LORING AVE  (5230 N) TO N LIND AVE  (5300 N),58159.08,Street Resurfacing
45,2025,Street Resurfacing Menu,ON N LYNCH AVE FROM W BERWYN AVE  (5310 N) TO N LARNED AVE  (5410 N); ON N LORINGAVE FROM W FARRAGUT AVE  (5230 N) TO N LYNCH AVE  (5300 N); ON N LYNCH AVE FROM N LORING AVE  (5300 N) TO N LARNED AVE  (5410 N),175984.18,Street Resurfacing
45,2025,Street Resurfacing Menu,ON N MANILA AVE FROM N MAGNET AVE  (5400 N) TO N MILWAUKEE AVE  (5400 N),3339.42,Street Resurfacing
45,2025,Street Resurfacing Menu,ON N MCALPIN AVE FROM N LEOTI AVE  (7000 N) TO N TAHOMA AVE  (7030 N),30155.98,Street Resurfacing
45,2025,Street Resurfacing Menu,ON N MELVINA AVE FROM W FOSTER AVE  (5200 N) TO W BERWYN AVE  (5300 N),61811.48,Street Resurfacing
45,2025,Street Resurfacing Menu,ON N MENARD AVE FROM W LAWRENCE AVE  (4800 N) TO W EASTWOOD AVE  (4630 N),103439.69,Street Resurfacing
45,2025,Street Resurfacing Menu,ON N MONON AVE FROM N SIOUX AVE  (7030 N) TO N IONIA AVE  (7110 N),65735.85,Street Resurfacing
45,2025,Street Resurfacing Menu,ON N NEOLA AVE FROM N NASSAU AVE  (6160 N) TO W RAVEN ST  (6200 N),32427.67,Street Resurfacing
45,2025,Street Resurfacing Menu,ON N PARKSIDE AVE FROM W SEMINOLE ST  (5700 N) TO N ELSTON AVE  (5730 N),22577.46,Street Resurfacing
45,2025,Street Resurfacing Menu,ON W AINSLIE ST FROM N LECLAIRE AVE  (5100 W) TO N LARAMIE AVE  (5199 W),73986.16,Street Resurfacing
45,2025,Street Resurfacing Menu,ON W AINSLIE ST FROM N MAJOR AVE  (5700 W) TO N MENARD AVE  (5820 W),88692.58,Street Resurfacing
45,2025,Street Resurfacing Menu,ON W CARMEN AVE FROM N LONG AVE  (5400 W) TO N LOCKWOOD AVE  (5300 W),24651.37,Street Resurfacing
45,2025,Street Resurfacing Menu,ON W CARMEN AVE FROM N LONG AVE  (5400 W) TO N LOVEJOY AVE  (5440 W),44566.41,Street Resurfacing
45,2025,Street Resurfacing Menu,ON W GIDDINGS ST FROM N CENTRAL AVE  (5600 W) TO N MAJOR AVE  (5700 W),58507.41,Street Resurfacing
45,2025,Street Resurfacing Menu,ON W GUNNISON ST FROM N MASON AVE  (5930 W) TO N AUSTIN AVE  (5999 W),33328.31,Street Resurfacing
45,2025,Street Resurfacing Menu,ON W PENSACOLA AVE FROM N LARAMIE AVE  (5200 W) TO N LOCKWOOD AVE  (5300 W),55701.29,Street Resurfacing
45,2025,Street Speed Hump Menu,ON N LEAMINGTON AVE FROM W WILSON AVE  (4600 N) TO W LELAND AVE  (4700 N),4880.0,Street Resurfacing
45,2025,Street Speed Hump Menu,ON N NORTHWEST HWY FROM N LONG AVE  (5000 N) TO W CARMEN AVE  (5099 N),75.0,Street Resurfacing
45,2025,Street Speed Hump Menu,ON W AINSLIE ST FROM N CICERO AVE  (4800 W) TO N LAVERGNE AVE  (5000 W),4880.0,Street Resurfacing
45,2025,Street Speed Hump Menu,ON W BYRON ST FROM N KILPATRICK AVE  (4700 W) TO N CICERO AVE  (4800 W),4880.0,Street Resurfacing
45,2025,Street Speed Hump Replacement,ON N LECLAIRE AVE FROM N ELSTON AVE  (5300 N) TO W FOSTER AVE  (5200 N),0.0,Street Resurfacing
45,2025,Street Speed Hump Replacement,ON N MENARD AVE FROM W LAWRENCE AVE  (4800 N) TO W EASTWOOD AVE  (4630 N),0.0,Street Resurfacing
45,2025,Street Speed Hump Replacement,ON W AINSLIE ST FROM N LECLAIRE AVE  (5100 W) TO N LARAMIE AVE  (5199 W),0.0,Street Resurfacing
45,2025,Street Speed Hump Replacement,ON W CARMEN AVE FROM N LONG AVE  (5400 W) TO N LOCKWOOD AVE  (5300 W),0.0,Street Resurfacing
45,2025,Street Speed Hump Replacement,ON W PENSACOLA AVE FROM N LARAMIE AVE  (5200 W) TO N LOCKWOOD AVE  (5300 W),0.0,Street Resurfacing
46,2025,Alley Speed Hump Menu,900 W MONTROSE AVE; W MONTROSE AVE &  N HAZEL ST&N SHERIDAN RD &  W AGATITE AVE; 913 W AGATITE AVE,1450.0,Alleys
46,2025,Curb & Gutter Menu,3801 N PINE GROVE AVE; W GRACE ST &  N PINE GROVE AVE,17097.18,Street Resurfacing
46,2025,Miscellaneous CDOT Projects,739 W BROMPTON AVE,660.0,Misc. CDOT
46,2025,Miscellaneous CDOT Projects,N LAKE SHORE DR &  W GRACE ST; 3750 N LAKE SHORE DR,4000.0,Misc. CDOT
46,2025,Miscellaneous CDOT Projects,N MARINE DR &  W WILSON AVE,4000.0,Misc. CDOT
46,2025,Sidewalk Menu,1002 W BUENA AVE,49024.83,Sidewalk Repair
46,2025,Sidewalk Menu,1024-1026 W BUENA AVE,74001.17,Sidewalk Repair
46,2025,Sidewalk Menu,1060 W LAWRENCE AVE,37069.82,Sidewalk Repair
46,2025,Sidewalk Menu,1200 W MONTROSE AVE; W MONTROSE AVE &  N MAGNOLIA AVE,20518.41,Sidewalk Repair
46,2025,Sidewalk Menu,1227 W LELAND AVE,30411.21,Sidewalk Repair
46,2025,Sidewalk Menu,1249-1255 W WILSON AVE,24583.03,Sidewalk Repair
46,2025,Sidewalk Menu,1321 W WILSON AVE,18213.26,Sidewalk Repair
46,2025,Sidewalk Menu,1403-1409 W SUNNYSIDE AVE; ON W SUNNYSIDE AVE FROM N CLARK ST  (1440 W) TO N DOVER ST  (1400 W),38144.4,Sidewalk Repair
46,2025,Sidewalk Menu,3601-3603 N BROADWAY,22510.55,Sidewalk Repair
46,2025,Sidewalk Menu,3753 N PINE GROVE AVE; 3727 N PINE GROVE AVE,26970.68,Sidewalk Repair
46,2025,Sidewalk Menu,3835-3859 N FREMONT ST,5265.63,Sidewalk Repair
46,2025,Sidewalk Menu,3932 N CLARENDON AVE,34925.67,Sidewalk Repair
46,2025,Sidewalk Menu,3934 N PINE GROVE AVE; 3927 N PINE GROVE AVE,16752.49,Sidewalk Repair
46,2025,Sidewalk Menu,3949 N BROADWAY,15686.66,Sidewalk Repair
46,2025,Sidewalk Menu,4018 N KENMORE AVE; 4036 N KENMORE AVE,23404.05,Sidewalk Repair
46,2025,Sidewalk Menu,4135-4149 N CLARENDON AVE,67257.9,Sidewalk Repair
46,2025,Sidewalk Menu,4136 N SHERIDAN RD,11524.64,Sidewalk Repair
46,2025,Sidewalk Menu,4142 N BROADWAY,5877.72,Sidewalk Repair
46,2025,Sidewalk Menu,4155 N CLARK ST,25599.01,Sidewalk Repair
46,2025,Sidewalk Menu,4247 N HAZEL ST,5129.8,Sidewalk Repair
46,2025,Sidewalk Menu,4407 N MALDEN ST,13871.96,Sidewalk Repair
46,2025,Sidewalk Menu,4419 N RACINE AVE,9889.75,Sidewalk Repair
46,2025,Sidewalk Menu,4440-4442 N HAZEL ST,1975.28,Sidewalk Repair
46,2025,Sidewalk Menu,4450-4454 N MALDEN ST,30160.23,Sidewalk Repair
46,2025,Sidewalk Menu,4520 N BEACON ST,14451.34,Sidewalk Repair
46,2025,Sidewalk Menu,4526-4528 N MAGNOLIA AVE,9759.96,Sidewalk Repair
46,2025,Sidewalk Menu,4555 N MALDEN ST,43664.2,Sidewalk Repair
46,2025,Sidewalk Menu,4638 N MALDEN ST,15333.79,Sidewalk Repair
46,2025,Sidewalk Menu,4646 N MARINE DR,20588.52,Sidewalk Repair
46,2025,Sidewalk Menu,4728 N KENMORE AVE; 4832 N KENMORE AVE; 4718 N KENMORE AVE,22066.98,Sidewalk Repair
46,2025,Sidewalk Menu,4813 N WINTHROP AVE,1530.65,Sidewalk Repair
46,2025,Sidewalk Menu,4820 N MARINE DR,8421.41,Sidewalk Repair
46,2025,Sidewalk Menu,4827 N KENMORE AVE; 4869 N KENMORE AVE; 4883 N KENMORE AVE; 4857 N KENMORE AVE,26139.41,Sidewalk Repair
46,2025,Sidewalk Menu,4835 N SHERIDAN RD; 4878 N SHERIDAN RD; 4855 N SHERIDAN RD; 4840 N SHERIDAN RD,84261.68,Sidewalk Repair
46,2025,Sidewalk Menu,4840-4850 N MARINE DR,13308.19,Sidewalk Repair
46,2025,Sidewalk Menu,622-632 W STRATFORD PL; 606 W STRATFORD PL; 558 W STRATFORD PL; 534 W STRATFORD PL; 520 W STRATFORD PL; 506-512 W STRATFORD PL,82171.38,Sidewalk Repair
46,2025,Sidewalk Menu,627-645 W PATTERSON AVE,35089.67,Sidewalk Repair
46,2025,Sidewalk Menu,650 W GRACE ST,6591.86,Sidewalk Repair
46,2025,Sidewalk Menu,653 W BITTERSWEET PL,10321.6,Sidewalk Repair
46,2025,Sidewalk Menu,655 W JUNIOR TER,12503.85,Sidewalk Repair
46,2025,Sidewalk Menu,709 W MONTROSE AVE,5458.47,Sidewalk Repair
46,2025,Sidewalk Menu,712 W BITTERSWEET PL,16312.89,Sidewalk Repair
46,2025,Sidewalk Menu,807-811 W LELAND AVE,11005.04,Sidewalk Repair
46,2025,Sidewalk Menu,910 W CUYLER AVE,15312.39,Sidewalk Repair
46,2025,Sidewalk Menu,911 W EASTWOOD AVE,6165.45,Sidewalk Repair
46,2025,Sidewalk Menu,915 W DAKIN ST,5978.14,Sidewalk Repair
46,2025,Sidewalk Menu,920 W EASTWOOD AVE; 928 W EASTWOOD AVE,22870.96,Sidewalk Repair
46,2025,Sidewalk Menu,924 W CUYLER AVE; W CUYLER AVE &  N SHERIDAN RD; 976 W CUYLER AVE; 970 W CUYLER AVE,9739.86,Sidewalk Repair
46,2025,Sidewalk Menu,924 W GORDON TER; 909-911 W GORDON TER; 906-912 W GORDON TER; 941-945 W GORDON TER; 903 W GORDON TER,77406.19,Sidewalk Repair
46,2025,Sidewalk Menu,929 W DAKIN ST,22624.73,Sidewalk Repair
46,2025,Sidewalk Menu,N RACINE AVE &  W WILSON AVE; 1200 W WILSON AVE,8292.57,Sidewalk Repair
46,2025,Sidewalk Menu,N SHERIDAN RD &  W IRVING PARK RD,32740.23,Sidewalk Repair
46,2025,Street Resurfacing Menu,ON W HUTCHINSON ST FROM N MARINE DR  (640 W) TO N HAZEL ST  (900 W),106516.09,Street Resurfacing
46,2025,Street Speed Hump Menu,ON W BYRON ST FROM N SOUTHPORT AVE  (1400 W) TO N ASHLAND AVE  (1600 W),7320.0,Street Resurfacing
46,2025,Street Speed Hump Menu,ON W SUNNYSIDE AVE FROM N CLARENDON AVE  (800 W) TO N HAZEL ST  (900 W),4880.0,Street Resurfacing
46,2025,Viaduct Improvement Menu,N MARINE DR &  W BUENA AVE; N LAKE SHORE DR &  N MARINE DR,16019.75,Viaducts
47,2025,Alley Resurfacing Menu,1454 W WARNER AVE,2811.95,Alleys
47,2025,Alley Resurfacing Menu,W ADDISON ST &  N OAKLEY AVE&N CLAREMONT AVE &  W WAVELAND AVE,48371.24,Alleys
47,2025,Alley Speed Hump Menu,W BERTEAU AVE &  N DAMEN AVE&N LINCOLN AVE &  W WARNER AVE; 2031 W BERTEAU AVE,1450.0,Alleys
47,2025,Alley Speed Hump Removal Menu,W BERTEAU AVE &  N DAMEN AVE&N LINCOLN AVE &  W WARNER AVE; 2031 W BERTEAU AVE,725.0,Alleys
47,2025,Alley Speed Hump Replacement,W ADDISON ST &  N OAKLEY AVE&N CLAREMONT AVE &  W WAVELAND AVE,0.0,Alleys
47,2025,Arterial Street Bump Outs Menu,W ADDISON ST &  N HERMITAGE AVE,160000.0,Pedestrian Infrastructure
47,2025,Bollard Menu,5025 N CLARK ST,8870.43,Pedestrian Infrastructure
47,2025,Curb & Gutter Menu,1466 W HUTCHINSON ST; 4226 N GREENVIEW AVE,10108.37,Street Resurfacing
47,2025,Curb & Gutter Menu,1805 W CUYLER AVE,6093.78,Street Resurfacing
47,2025,Curb & Gutter Menu,2206 W CULLOM AVE,3399.13,Street Resurfacing
47,2025,Curb & Gutter Menu,4046 N LEAVITT ST; N LEAVITT ST &  W CUYLER AVE,114443.03,Street Resurfacing
47,2025,Curb & Gutter Menu,W MONTROSE AVE &  N HERMITAGE AVE,14643.78,Street Resurfacing
47,2025,Hamilton ES HVAC system,1650 W CORNELIA AVE,125000.0,Misc.
47,2025,LED Traffic Signal Upgrades & Pedestrian Countdown Signal,W LAWRENCE AVE &  N DAMEN AVE,146770.57,Pedestrian Infrastructure
47,2025,Left-Turn Arrow Menu,N WESTERN AVE &  W WILSON AVE,131116.08,Street Redesign
47,2025,Miscellaneous CDOT Projects,ON N RAVENSWOOD AVE W FROM W SUNNYSIDE AVE  (4500 N) TO W WILSON AVE  (4600 N),30556.93,Misc. CDOT
47,2025,Miscellaneous CDOT Projects,W BERTEAU AVE &  N RAVENSWOOD AVE,3690.71,Misc. CDOT
47,2025,Miscellaneous CDOT Projects,W IRVING PARK RD &  N HOYNE AVE,3500.0,Misc. CDOT
47,2025,Pavement Markings Menu,ON N ROCKWELL ST FROM W SUNNYSIDE AVE  (4500 N) TO W WILSON AVE  (4600 N),5000.0,Street Redesign
47,2025,Pavement Markings Menu,W ADDISON ST &  N HERMITAGE AVE,2000.0,Street Redesign
47,2025,Pavement Markings Menu,W ADDISON ST &  N OAKLEY AVE,1350.0,Street Redesign
47,2025,Sidewalk Menu,1600 W IRVING PARK RD,66919.78,Sidewalk Repair
47,2025,Sidewalk Menu,2437 W LELAND AVE,5777.48,Sidewalk Repair
47,2025,Sidewalk Menu,2455-2457 W LELAND AVE,1558.09,Sidewalk Repair
47,2025,Sidewalk Menu,3701 N HOYNE AVE,33770.0,Sidewalk Repair
47,2025,Sidewalk Menu,3749-3753 N HOYNE AVE,19713.28,Sidewalk Repair
47,2025,Sidewalk Menu,4144 N CLAREMONT AVE,3088.69,Sidewalk Repair
47,2025,Sidewalk Menu,4715 N HAMILTON AVE,23233.78,Sidewalk Repair
47,2025,Speed Indicator Signs,2301 W IRVING PARK RD,14150.35,Traffic Signals
47,2025,Speed Indicator Signs,2444 W ADDISON ST,14150.35,Traffic Signals
47,2025,Speed Indicator Signs,2603 W ADDISON ST,14150.35,Traffic Signals
47,2025,Speed Indicator Signs,4015 N ASHLAND AVE,16310.35,Traffic Signals
47,2025,Speed Indicator Signs,4148-4150 N ASHLAND AVE,16310.35,Traffic Signals
47,2025,Street Light Pole for High Definition Camera Menu,4015 N ASHLAND AVE,3000.0,Lighting
47,2025,Street Resurfacing Menu,ON N HOYNE AVE FROM W BYRON ST  (3900 N) TO W IRVING PARK RD  (4000 N),53334.27,Street Resurfacing
47,2025,Street Resurfacing Menu,ON N RAVENSWOOD AVE FROM W SUNNYSIDE AVE  (4500 N) TO W WILSON AVE  (4600 N),47033.92,Street Resurfacing
47,2025,Street Resurfacing Menu,ON N WOLCOTT AVE FROM W AINSLIE ST  (4900 N) TO W ARGYLE ST  (5000 N),47983.09,Street Resurfacing
47,2025,Street Resurfacing Menu,ON W BYRON ST FROM N OAKLEY AVE  (2300 W) TO N CLAREMONT AVE  (2330 W),23047.04,Street Resurfacing
47,2025,Street Resurfacing Menu,ON W GRACE ST FROM N WESTERN AVE  (2400 W) TO N CAMPBELL AVE  (2500 W),67017.7,Street Resurfacing
47,2025,Street Resurfacing Menu,ON W WARNER AVE FROM N SOUTHPORT AVE  (1400 W) TO N GREENVIEW AVE  (1500 W),17829.82,Street Resurfacing
47,2025,Street Resurfacing Menu,ON W WAVELAND AVE FROM N BELL AVE  (2230 W) TO N OAKLEY AVE  (2300 W),28564.32,Street Resurfacing
47,2025,Street Resurfacing Menu,ON W WINNEMAC AVE FROM N BROADWAY  (1200 W) TO N GLENWOOD AVE  (1400 W),124405.62,Street Resurfacing
47,2025,Street Speed Hump Menu,ON W SUNNYSIDE AVE FROM N DOVER ST  (1400 W) TO N CLARK ST  (1440 W),2440.0,Street Resurfacing
47,2025,Street Speed Hump Replacement,ON W WINNEMAC AVE FROM N BROADWAY  (1200 W) TO N GLENWOOD AVE  (1400 W),0.0,Street Resurfacing
47,2025,Welles Park Nature Play Area,2333 W SUNNYSIDE AVE,8750.0,Parks
48,2025,2025 Menu- 48th ward-Connection of the Berwyn Greenway to Lakefront Trail via Meadows,4830 S WESTERN AVE; 100 S JEAN BAPTISTE POINTE DUSABLE LAKE SHORE DR SB,30000.0,Misc.
48,2025,2025 Menu- 48th ward- Lakefront Bunches,400 S JEAN BAPTISTE POINTE DUSABLE LAKE SHORE DR SB,100000.0,Misc.
48,2025,Alley Apron Menu,1058 W BALMORAL AVE,10693.05,Alleys
48,2025,Alley Apron Menu,1316 W BERWYN AVE,14950.82,Alleys
48,2025,Alley Apron Menu,1317 W BALMORAL AVE,27495.53,Alleys
48,2025,Alley Apron Menu,1410 W ROSEMONT AVE,21210.46,Alleys
48,2025,Alley Apron Menu,5863 N GLENWOOD AVE,11426.25,Alleys
48,2025,Alley Apron Menu,6205 N WAYNE AVE,18116.86,Alleys
48,2025,Alley Apron Menu,6246 N GREENVIEW AVE,16598.3,Alleys
48,2025,Alley Resurfacing Menu,N BROADWAY &  W ELMDALE AVE; W THORNDALE AVE &  N MAGNOLIA AVE,40894.81,Alleys
48,2025,Alley Resurfacing Menu,N RIDGE AVE &  W HOLLYWOOD AVE&N GLENWOOD AVE &  N RIDGE AVE; 1328 W HOLLYWOOD AVE,12329.3,Alleys
48,2025,Alley Resurfacing Menu,N WINTHROP AVE &  W ARGYLE ST&N KENMORE AVE &  W WINONA ST,12175.12,Alleys
48,2025,Alley Resurfacing Menu,W CATALPA AVE &  N WINTHROP AVE&N KENMORE AVE &  W BRYN MAWR AVE,35423.94,Alleys
48,2025,Alley Resurfacing Menu,W GRANVILLE AVE &  N WINTHROP AVE&N KENMORE AVE &  W GLENLAKE AVE,27869.93,Alleys
48,2025,Alley Resurfacing Menu,W HIGHLAND AVE &  N GREENVIEW AVE&N CLARK ST &  W ROSEMONT AVE,40864.74,Alleys
48,2025,Alley Resurfacing Menu,W WINONA ST &  N SHERIDAN RD&N MARINE DR &  W FOSTER AVE,58273.69,Alleys
48,2025,Alley Speed Hump Replacement,N WINTHROP AVE &  W ARGYLE ST&N KENMORE AVE &  W WINONA ST,0.0,Alleys
48,2025,Alley Speed Hump Replacement,W CATALPA AVE &  N WINTHROP AVE&N KENMORE AVE &  W BRYN MAWR AVE,0.0,Alleys
48,2025,Alley Speed Hump Replacement,W GRANVILLE AVE &  N WINTHROP AVE&N KENMORE AVE &  W GLENLAKE AVE,0.0,Alleys
48,2025,Alley Speed Hump Replacement,W WINONA ST &  N SHERIDAN RD&N MARINE DR &  W FOSTER AVE,0.0,Alleys
48,2025,Arterial Street Bump Outs Menu,W FOSTER AVE &  N WAYNE AVE,60000.0,Pedestrian Infrastructure
48,2025,Bollard Menu,N BROADWAY &  W ARGYLE ST,12819.99,Pedestrian Infrastructure
48,2025,Bollard Menu,ON W ARGYLE ST FROM N SHERIDAN RD  (1000 W) TO N BROADWAY  (1200 W),15000.0,Pedestrian Infrastructure
48,2025,LED Traffic Signal Upgrades & Pedestrian Countdown Signal,N SHERIDAN RD &  W BALMORAL AVE; 5400 N SHERIDAN RD,180000.0,Pedestrian Infrastructure
48,2025,Miscellaneous CDOT Projects,N BROADWAY &  W ARGYLE ST,660.0,Misc. CDOT
48,2025,Miscellaneous CDOT Projects,N BROADWAY &  W THORNDALE AVE; N BROADWAY &  W HOLLYWOOD AVE,12000.0,Misc. CDOT
48,2025,Miscellaneous CDOT Projects,ON N CLARK ST FROM W FOSTER AVE  (5200 N) TO W EDGEWATER AVE  (5800 N),9246.79,Misc. CDOT
48,2025,Miscellaneous CDOT Projects,ON W ARGYLE ST FROM N SHERIDAN RD  (1000 W) TO N BROADWAY  (1200 W),52928.78,Misc. CDOT
48,2025,Pavement Markings Menu,N SHERIDAN RD &  W CATALPA AVE,2000.0,Street Redesign
48,2025,Pavement Markings Menu,ON W BRYN MAWR AVE FROM N SHERIDAN RD  (998 W) TO N BROADWAY  (1200 W),250000.0,Street Redesign
48,2025,Pavement Markings Menu,ON W FOSTER AVE FROM N BROADWAY  (1199 W) TO N CLARK ST  (1500 W),3400.0,Street Redesign
48,2025,Sidewalk Menu,1057 W FOSTER AVE; W FOSTER AVE &  N KENMORE AVE&N WINTHROP AVE &  W WINONA ST,2545.91,Sidewalk Repair
48,2025,Sidewalk Menu,1126 W ARGYLE ST,1561.68,Sidewalk Repair
48,2025,Sidewalk Menu,1436 W GRANVILLE AVE,9522.1,Sidewalk Repair
48,2025,Sidewalk Menu,1439 W GREGORY ST,5573.16,Sidewalk Repair
48,2025,Sidewalk Menu,4910 N SHERIDAN RD,31098.46,Sidewalk Repair
48,2025,Sidewalk Menu,5300 N SHERIDAN RD; 1018 W BERWYN AVE,6671.54,Sidewalk Repair
48,2025,Sidewalk Menu,5509 N KENMORE AVE,3081.16,Sidewalk Repair
48,2025,Sidewalk Menu,5517 N KENMORE AVE,26715.01,Sidewalk Repair
48,2025,Sidewalk Menu,5609 N BROADWAY,3079.47,Sidewalk Repair
48,2025,Street Bump Outs Menu,W ELMDALE AVE &  N MAGNOLIA AVE,17437.43,Pedestrian Infrastructure
48,2025,Street Resurfacing Menu,6107-6129 N KENMORE AVE; ON N KENMORE AVE FROM W GLENLAKE AVE  (6100 N) TO W GRANVILLE AVE  (6200 N),31599.29,Street Resurfacing
48,2025,Street Resurfacing Menu,ON N GLENWOOD AVE FROM W ARDMORE AVE  (5850 N) TO W ROSEDALE AVE  (5900 N),35081.49,Street Resurfacing
48,2025,Street Resurfacing Menu,ON N GLENWOOD AVE FROM W GLENLAKE AVE  (6100 N) TO W HOOD AVE  (6130 N),32181.65,Street Resurfacing
48,2025,Street Resurfacing Menu,ON N GLENWOOD AVE FROM W HOOD AVE  (6130 N) TO W GRANVILLE AVE  (6200 N),11755.38,Street Resurfacing
48,2025,Street Resurfacing Menu,ON N GLENWOOD AVE FROM W ROSEMONT AVE  (6300 N) TO W DEVON AVE  (6400 N),94933.83,Street Resurfacing
48,2025,Street Resurfacing Menu,ON W ARDMORE AVE FROM N SHERIDAN RD  (1000 W) TO N WINTHROP AVE  (1100 W),75361.03,Street Resurfacing
48,2025,Street Speed Hump Menu,1401 W NORWOOD ST,2440.0,Street Resurfacing
48,2025,Street Speed Hump Menu,6054 N GLENWOOD AVE,2440.0,Street Resurfacing
48,2025,Street Speed Hump Menu,ON N WAYNE AVE FROM W BALMORAL AVE  (5400 N) TO W CATALPA AVE  (5500 N),4880.0,Street Resurfacing
48,2025,Street Speed Hump Menu,ON N WAYNE AVE FROM W BERWYN AVE  (5300 N) TO W BALMORAL AVE  (5400 N),4880.0,Street Resurfacing
48,2025,Street Speed Hump Menu,ON W ARDMORE AVE FROM N WAYNE AVE  (1300 W) TO N GLENWOOD AVE  (1400 W),2440.0,Street Resurfacing
48,2025,Street Speed Hump Menu,ON W HOOD AVE FROM N GREENVIEW AVE  (1500 W) TO N CLARK ST  (1600 W),4880.0,Street Resurfacing
48,2025,Street Speed Hump Menu,ON W NORWOOD ST FROM N GREENVIEW AVE  (1500 W) TO N CLARK ST  (1600 W),4880.0,Street Resurfacing
48,2025,Street Speed Hump Replacement,ON N GLENWOOD AVE FROM W GLENLAKE AVE  (6100 N) TO W HOOD AVE  (6130 N),0.0,Street Resurfacing
48,2025,Street Speed Hump Replacement,ON N GLENWOOD AVE FROM W HOOD AVE  (6130 N) TO W GRANVILLE AVE  (6200 N),0.0,Street Resurfacing
48,2025,Street Speed Hump Replacement,ON N KENMORE AVE FROM W GLENLAKE AVE  (6100 N) TO W GRANVILLE AVE  (6200 N),0.0,Street Resurfacing
49,2025,Arterial Street Bump Outs Menu,N ROGERS AVE &  N HONORE ST,80000.0,Pedestrian Infrastructure
49,2025,Arterial Street Bump Outs Menu,W TOUHY AVE &  N PAULINA ST,184102.89,Pedestrian Infrastructure
49,2025,Curb & Gutter Menu,N SHERIDAN RD &  W NORTH SHORE AVE,22934.38,Street Resurfacing
49,2025,Left-Turn Arrow Menu,N RIDGE BLVD &  W PRATT BLVD,233342.7,Street Redesign
49,2025,Miscellaneous CDOT Projects,5900 N SHERIDAN RD,660.0,Misc. CDOT
49,2025,Miscellaneous CDOT Projects,ON N ROGERS AVE FROM W BIRCHWOOD AVE  (7500 N) TO N ASHLAND AVE  (7510 N),226764.13,Misc. CDOT
49,2025,Pollard Family Exhibit at Paschen Park,1932 W LUNT AVE,12000.0,Parks
49,2025,Sidewalk Menu,1560 W HOWARD ST,1976.94,Sidewalk Repair
49,2025,Sidewalk Menu,1617 W HOWARD ST,1976.94,Sidewalk Repair
49,2025,Sidewalk Menu,7434-7442 N HERMITAGE AVE,14242.94,Sidewalk Repair
49,2025,Street Bump Outs Menu,N GLENWOOD AVE &  W ARTHUR AVE,44076.58,Pedestrian Infrastructure
49,2025,Street Bump Outs Menu,N GLENWOOD AVE &  W NORTH SHORE AVE,21877.65,Pedestrian Infrastructure
49,2025,Street Bump Outs Menu,N NEWGARD AVE &  W ARTHUR AVE,30000.0,Pedestrian Infrastructure
49,2025,Street Light Upgrade Menu,N CLARK ST &  W WALLEN AVE,700.0,Lighting
49,2025,Street Resurfacing Menu,ON N GLENWOOD AVE FROM W DEVON AVE  (6400 N) TO W PRATT BLVD  (6800 N),255832.54,Street Resurfacing
49,2025,Street Resurfacing Menu,ON N LAKEWOOD AVE FROM W PRATT BLVD  (6800 N) TO W FARWELL AVE  (6900 N),36673.86,Street Resurfacing
49,2025,Street Resurfacing Menu,ON W LUNT AVE FROM N SHERIDAN RD  (1200 W) TO N GLENWOOD AVE  (1400 W),77728.18,Street Resurfacing
49,2025,Street Speed Hump Menu,ON N GLENWOOD AVE FROM W ALBION AVE  (6600 N) TO W COLUMBIA AVE  (6740 N),7320.0,Street Resurfacing
49,2025,Street Speed Hump Menu,ON N GLENWOOD AVE FROM W ARTHUR AVE  (6500 N) TO W LOYOLA AVE  (6550 N),2440.0,Street Resurfacing
49,2025,Street Speed Hump Menu,ON N WOLCOTT AVE FROM W GREENLEAF AVE  (7040 N) TO W ESTES AVE  (7100 N),2440.0,Street Resurfacing
49,2025,Street Speed Hump Menu,ON W ARTHUR AVE FROM N BOSWORTH AVE  (1530 W) TO N ASHLAND AVE  (1600 W),2440.0,Street Resurfacing
49,2025,Street Speed Hump Replacement,ON N GLENWOOD AVE FROM W DEVON AVE  (6400 N) TO W PRATT BLVD  (6800 N),0.0,Street Resurfacing
49,2025,Street Traffic Circle Menu,N NEWGARD AVE &  W ALBION AVE,20000.0,Street Redesign
50,2025,Alley Resurfacing Menu,2414-2418 W LUNT AVE; W LUNT AVE &  N WESTERN AVE&N WESTERN AVE &  W GREENLEAF AVE,4882.28,Alleys
50,2025,Alley Resurfacing Menu,6608 N ARTESIAN AVE; N ARTESIAN AVE &  W ALBION AVE&W NORTH SHORE AVE &  N CAMPBELL AVE,31580.31,Alleys
50,2025,Alley Resurfacing Menu,N BELL AVE &  W GRANVILLE AVE&W ROSEMONT AVE &  N OAKLEY AVE,38516.31,Alleys
50,2025,Alley Resurfacing Menu,N CAMPBELL AVE &  W GRANVILLE AVE&W ROSEMONT AVE &  N MAPLEWOOD AVE,32754.53,Alleys
50,2025,Alley Resurfacing Menu,N VIRGINIA AVE &  W BRYN MAWR AVE&W HOLLYWOOD AVE &  N SACRAMENTO AVE,47971.86,Alleys
50,2025,Alley Resurfacing Menu,W GREENLEAF AVE &  N HAMILTON AVE&N BELL AVE &  W LUNT AVE,45390.5,Alleys
50,2025,Alley Speed Hump Menu,N CENTRAL PARK AVE &  W DEVON AVE&W ROSEMONT AVE &  N DRAKE AVE,1450.0,Alleys
50,2025,Bollard Menu,W DEVON AVE &  N RICHMOND ST; 2927 W DEVON AVE,5537.19,Pedestrian Infrastructure
50,2025,Concrete Alley Menu,N RIDGE BLVD &  W ESTES AVE&W GREENLEAF AVE &  N BELL AVE,40473.89,Alleys
50,2025,Curb & Gutter Menu,ON W GREENLEAF AVE FROM N BELL AVE  (2200 W) TO N OAKLEY AVE  (2300 W),215000.0,Street Resurfacing
50,2025,Miscellaneous CDOT Projects,W BRYN MAWR AVE &  N MOZART ST,35000.0,Misc. CDOT
50,2025,Pavement Markings Menu,W TOUHY AVE &  N ALBANY AVE,18200.0,Street Redesign
50,2025,Sidewalk Menu,5742 N SACRAMENTO AVE,96821.84,Sidewalk Repair
50,2025,Street Light Residential Staggered Piggy Back Menu,ON N WASHTENAW AVE FROM W ALBION AVE  (6600 N) TO W NORTH SHORE AVE  (6700 N),185000.0,Lighting
50,2025,Street Light Upgrade Menu,2701 W CHASE AVE,500.0,Lighting
50,2025,Street Light Upgrade Menu,5618 N CALIFORNIA AVE,500.0,Lighting
50,2025,Street Light Upgrade Menu,6336 N LINCOLN AVE,1000.0,Lighting
50,2025,Street Light Upgrade Menu,6504 N ROCKWELL ST,500.0,Lighting
50,2025,Street Light Upgrade Menu,6558 N CAMPBELL AVE,500.0,Lighting
50,2025,Street Resurfacing Menu,2724 W SHERWIN AVE,5108.55,Street Resurfacing
50,2025,Street Resurfacing Menu,ON N MOZART ST FROM W GRANVILLE AVE  (6200 N) TO W ROSEMONT AVE  (6300 N),53103.38,Street Resurfacing
50,2025,Street Resurfacing Menu,ON N RIDGEWAY AVE FROM 6340 N TO W DEVON AVE  (6400 N),10804.3,Street Resurfacing
50,2025,Street Resurfacing Menu,ON W FARGO AVE FROM N ALBANY AVE  (3100 W) TO N KEDZIE AVE  (3200 W),52324.75,Street Resurfacing
50,2025,Street Resurfacing Menu,ON W FARGO AVE FROM N ROCKWELL ST  (2600 W) TO N WASHTENAW AVE  (2700 W),54013.52,Street Resurfacing
50,2025,Street Resurfacing Menu,ON W GREENLEAF AVE FROM 2458 W TO N WESTERN AVE  (2400 W),34732.22,Street Resurfacing
50,2025,Street Resurfacing Menu,ON W JARLATH ST FROM 2835 W TO N CALIFORNIA AVE  (2800 W),34350.62,Street Resurfacing
50,2025,Street Resurfacing Menu,ON W THOME AVE FROM N LEAVITT ST  (2200 W) TO N BELL AVE  (2230 W),21365.83,Street Resurfacing
50,2025,Street Speed Hump Menu,ON N FRANCISCO AVE FROM 5750 N TO W HOLLYWOOD AVE  (5700 N),4880.0,Street Resurfacing
50,2025,Street Speed Hump Menu,ON N TROY ST FROM W GRANVILLE AVE  (6200 N) TO W ROSEMONT AVE  (6300 N),4880.0,Street Resurfacing
50,2025,Street Speed Hump Menu,ON W BIRCHWOOD AVE FROM N WASHTENAW AVE  (2700 W) TO N CALIFORNIA AVE  (2800 W),4880.0,Street Resurfacing
50,2025,Street Speed Hump Menu,ON W FARGO AVE FROM N ALBANY AVE  (3100 W) TO N KEDZIE AVE  (3200 W),0.0,Street Resurfacing
50,2025,W Greenleaf Ave from N Rockwell St to N California Ave;Including N Washtenaw Av and N Rockwell St from Alley North & Alley South of W Greenleaf Ave.,ON W GREENLEAF AVE FROM N ROCKWELL ST  (2600 W) TO N CALIFORNIA AVE  (2800 W),370000.0,Alleys
1,2026,Arterial Street Bump Outs Menu,N CALIFORNIA AVE &  W SHAKESPEARE AVE,6008.65,Pedestrian Infrastructure
1,2026,Pedestrian Refuge Island Menu,N WESTERN AVE &  W CORTLAND ST; N WESTERN AVE &  N WINNEBAGO AVE,33064.63,Pedestrian Infrastructure
2,2026,Alley Apron Menu,2042 N MAGNOLIA AVE,19599.8,Alleys
2,2026,Arterial Street Bump Outs Menu,N CLYBOURN AVE &  N KENMORE AVE,9158.42,Pedestrian Infrastructure
2,2026,Floodlight Menu,1258 N STATE PKWY,1150.0,Lighting
2,2026,Pavement Markings Menu,ON E CHICAGO AVE FROM N MIES VAN DER ROHE WAY  (230 E) TO N FAIRBANKS CT  (300 E),900.0,Street Redesign
2,2026,Sidewalk Menu,ON E PEARSON ST FROM N MICHIGAN AVE W (128 E) TO N LAKE SHORE DR  (300 E),42080.54,Sidewalk Repair
2,2026,Street Bump Outs Menu,N WABASH AVE &  E HURON ST,13500.0,Pedestrian Infrastructure
2,2026,Street Bump Outs Menu,N WABASH AVE &  E SUPERIOR ST,21500.0,Pedestrian Infrastructure
2,2026,Street Resurfacing Menu,ON N MAGNOLIA AVE FROM W WEBSTER AVE  (2200 N) TO W BELDEN AVE  (2300 N),61653.77,Street Resurfacing
2,2026,Street Resurfacing Menu,ON W DELAWARE PL FROM N CLARK ST  (100 W) TO N LA SALLE DR  (130 W),34521.8,Street Resurfacing
3,2026,Alley Resurfacing Menu,E 45TH PL &  S DR MARTIN LUTHER KING JR DR E&S VINCENNES AVE &  E 46TH ST,47091.7,Alleys
3,2026,Miscellaneous CDOT Projects,4640-4644 S VINCENNES AVE,150.0,Misc. CDOT
3,2026,Street Resurfacing Menu,ON S WABASH AVE FROM E 25TH ST  (2500 S) TO E 26TH ST  (2600 S),64217.38,Street Resurfacing
4,2026,Street Light Upgrade Menu,4822 S COTTAGE GROVE AVE,2500.0,Lighting
4,2026,Street Resurfacing Menu,ON S VINCENNES AVE FROM E OAKWOOD BLVD  (3946 S) TO E 41ST ST  (4099 S),93846.1,Street Resurfacing
4,2026,Street Speed Hump Menu,ON S VINCENNES AVE FROM E OAKWOOD BLVD  (3946 S) TO E 41ST ST  (4099 S),5300.0,Street Resurfacing
5,2026,Alley Resurfacing Menu,E 54TH PL &  S CORNELL AVE; S HYDE PARK BLVD &  E 54TH ST,102855.44,Alleys
5,2026,Alley Speed Hump Replacement,S HYDE PARK BLVD &  E 54TH ST; E 54TH PL &  S CORNELL AVE,0.0,Alleys
5,2026,Installation of two concrete pads at Promontory Point for two additional bike racks.,5491 S JEAN BAPTISTE POINTE DUSABLE LAKE SHORE DR NB,18361.28,Bicycle Infrastructure
7,2026,Street Light Upgrade Menu,9930 S CLYDE AVE,500.0,Lighting
7,2026,Street Resurfacing Menu,ON E 82ND ST FROM S MANISTEE AVE  (2730 E) TO S BURNHAM AVE  (2800 E),20287.36,Street Resurfacing
8,2026,Street Resurfacing Menu,ON S DREXEL AVE FROM E 98TH ST  (9800 S) TO E 99TH ST  (9900 S),64426.25,Street Resurfacing
10,2026,Sidewalk Menu,12626 S MARQUETTE AVE,4371.56,Sidewalk Repair
10,2026,Sidewalk Menu,2800 E 96TH ST,7735.0,Sidewalk Repair
10,2026,Sidewalk Menu,2914 E 130TH ST,1753.72,Sidewalk Repair
10,2026,Sidewalk Menu,9523 S ESCANABA AVE,4539.77,Sidewalk Repair
11,2026,Alley Apron Menu,3700 S UNION AVE,38891.62,Alleys
11,2026,Seven public safety cameras at Taylor Lauridsen Park,704 W 47TH ST,24550.0,Parks
13,2026,Alley Apron Menu,5700 S PARKSIDE AVE,9437.66,Alleys
13,2026,Alley Apron Menu,5800 W 63RD PL,36913.27,Alleys
13,2026,Alley Apron Menu,5806 S NATCHEZ AVE,25293.2,Alleys
13,2026,Alley Apron Menu,5929 S PARKSIDE AVE,25994.73,Alleys
13,2026,Concrete Alley Menu,5750 S NATCHEZ AVE,12893.9,Alleys
13,2026,Concrete Alley Menu,6118-6120 W 60TH ST,21183.34,Alleys
13,2026,Concrete Alley Menu,6153-6155 W 64TH ST; 6149-6155 W 64TH ST,37498.06,Alleys
13,2026,Curb & Gutter Menu,4152 W 58TH ST,7341.46,Street Resurfacing
13,2026,Curb & Gutter Menu,6013 S NARRAGANSETT AVE,2342.31,Street Resurfacing
13,2026,Curb & Gutter Menu,6028 S MULLIGAN AVE,10151.47,Street Resurfacing
13,2026,Curb & Gutter Menu,6047 S NATOMA AVE; 6053 S NATOMA AVE,14688.22,Street Resurfacing
13,2026,Curb & Gutter Menu,6053 S TRIPP AVE,5049.79,Street Resurfacing
13,2026,Curb & Gutter Menu,6207 S MERRIMAC AVE,9048.56,Street Resurfacing
13,2026,Curb & Gutter Menu,6217 S MEADE AVE,4629.95,Street Resurfacing
13,2026,Curb & Gutter Menu,6549 S KEELER AVE,1793.36,Street Resurfacing
13,2026,Curb & Gutter Menu,6600 S KOLIN AVE,6852.8,Street Resurfacing
13,2026,Curb & Gutter Menu,6743 W 59TH ST,6502.52,Street Resurfacing
13,2026,Curb & Gutter Menu,6841 W 64TH PL,2283.8,Street Resurfacing
13,2026,Sidewalk Menu,6527 S KARLOV AVE,1042.18,Sidewalk Repair
13,2026,Sidewalk Menu,6558 S KILDARE AVE,27159.52,Sidewalk Repair
13,2026,Sidewalk Menu,6604 W 63RD PL,5493.66,Sidewalk Repair
13,2026,Sidewalk Menu,6615 S KOMENSKY AVE,7155.44,Sidewalk Repair
13,2026,Sidewalk Menu,6617 S KOMENSKY AVE,6479.8,Sidewalk Repair
13,2026,Sidewalk Menu,6639 S KILBOURN AVE,5473.69,Sidewalk Repair
13,2026,Sidewalk Menu,7011 W 64TH PL,3827.28,Sidewalk Repair
13,2026,Sidewalk Menu,7015 W 64TH PL,5313.13,Sidewalk Repair
13,2026,Sidewalk Menu,7029 W 63RD PL,1697.12,Sidewalk Repair
13,2026,Sidewalk Menu,7148 W 64TH ST,8588.18,Sidewalk Repair
13,2026,Sidewalk Menu,S KENNETH AVE &  W 64TH ST,16364.5,Sidewalk Repair
13,2026,Sidewalk Menu,S NEENAH AVE &  W 56TH ST,1112.87,Sidewalk Repair
13,2026,Street Light Upgrade Menu,5926 S MENARD AVE; 5758 W 59TH ST,9000.0,Lighting
13,2026,Street Light Upgrade Menu,6205 S KOSTNER AVE,500.0,Lighting
13,2026,Street Light Upgrade Menu,6240 W 63RD PL,500.0,Lighting
13,2026,Street Resurfacing Menu,ON S KARLOV AVE FROM W 62ND ST  (6200 S) TO W 63RD ST  (6300 S),57988.89,Street Resurfacing
13,2026,Street Resurfacing Menu,ON S KEELER AVE FROM W 58TH ST  (5800 S) TO W 59TH ST  (5900 S),66034.67,Street Resurfacing
14,2026,Alley Speed Hump Menu,3919 W 47TH ST,800.0,Alleys
14,2026,Alley Speed Hump Menu,S KEDZIE AVE &  W 54TH ST&W 53RD PL &  S ALBANY AVE; 3144 W 54TH ST,4000.0,Alleys
14,2026,Alley Speed Hump Menu,W 59TH ST &  S HOMAN AVE&S ST LOUIS AVE &  W 59TH PL,1600.0,Alleys
14,2026,Sidewalk Menu,3301-3307 W 65TH PL,14519.47,Sidewalk Repair
14,2026,Sidewalk Menu,3459 W 64TH PL,3905.12,Sidewalk Repair
14,2026,Sidewalk Menu,4227 W 43RD ST,23025.84,Sidewalk Repair
14,2026,Sidewalk Menu,4315 S TRIPP AVE,17736.82,Sidewalk Repair
14,2026,Sidewalk Menu,4859 S KILDARE AVE,25665.59,Sidewalk Repair
14,2026,Street Resurfacing Menu,ON S HOMAN AVE FROM W 61ST ST  (6100 S) TO W 63RD ST  (6300 S),105982.84,Street Resurfacing
14,2026,Street Speed Hump Menu,3500 W NORMAN R BOBINS PL,7950.0,Street Resurfacing
14,2026,Street Speed Hump Menu,ON S KILBOURN AVE FROM W 50TH ST  (5000 S) TO W 51ST ST  (5100 S),5300.0,Street Resurfacing
14,2026,Street Speed Hump Menu,ON S SPAULDING AVE FROM W 57TH ST  (5700 S) TO W 58TH ST  (5800 S),5300.0,Street Resurfacing
18,2026,Street Resurfacing Menu,ON S SCOTTSDALE AVE FROM 8042 S TO S KILPATRICK AVE  (8060 S),26977.54,Street Resurfacing
18,2026,Street Resurfacing Menu,ON S SPAULDING AVE FROM W 80TH ST  (8000 S) TO W 81ST ST  (8100 S),73707.24,Street Resurfacing
19,2026,Pavement Markings Menu,W 99TH ST &  S PROSPECT AVE,5000.0,Street Redesign
19,2026,Street Resurfacing Menu,ON W 104TH ST FROM S LAWNDALE AVE  (3700 W) TO S RIDGEWAY AVE  (3730 W),38752.8,Street Resurfacing
21,2026,Sidewalk Menu,12247 S GREEN ST,7850.06,Sidewalk Repair
21,2026,Sidewalk Menu,650-656 W 123RD ST,21727.07,Sidewalk Repair
21,2026,Street Speed Hump Replacement,ON S ABERDEEN ST FROM W 106TH ST  (10600 S) TO W 107TH ST  (10700 S),0.0,Street Resurfacing
21,2026,Street Speed Hump Replacement,ON S EMERALD AVE FROM W 109TH ST  (10900 S) TO W 110TH ST  (11000 S),0.0,Street Resurfacing
21,2026,Street Speed Hump Replacement,ON S GREEN ST FROM W 99TH ST  (9900 S) TO W 101ST ST  (10100 S),0.0,Street Resurfacing
21,2026,Street Speed Hump Replacement,ON S MARSHFIELD AVE FROM W 90TH ST  (9000 S) TO W 91ST ST  (9100 S),0.0,Street Resurfacing
21,2026,Street Speed Hump Replacement,ON S PEORIA ST FROM W 104TH ST  (10400 S) TO W 105TH ST  (10500 S),0.0,Street Resurfacing
21,2026,Street Speed Hump Replacement,ON S SANGAMON ST FROM W 107TH ST  (10700 S) TO W 109TH ST  (10900 S),0.0,Street Resurfacing
21,2026,Street Speed Hump Replacement,ON S UNION AVE FROM W 97TH ST  (9700 S) TO W 98TH PL  (9832 S),0.0,Street Resurfacing
21,2026,Street Speed Hump Replacement,ON S WALLACE ST FROM W 103RD ST  (10300 S) TO W 105TH ST  (10500 S),0.0,Street Resurfacing
21,2026,Street Speed Hump Replacement,ON W 104TH ST FROM S MORGAN ST  (1000 W) TO S ABERDEEN ST  (1100 W),0.0,Street Resurfacing
24,2026,Alley Apron Menu,W CONGRESS PKWY &  S KILPATRICK AVE&S CICERO AVE &  W HARRISON ST; 4701 W CONGRESS PKWY,170210.87,Alleys
24,2026,Alley Resurfacing Menu,S DRAKE AVE &  W 16TH ST&W 18TH ST &  S ST LOUIS AVE,54504.02,Alleys
24,2026,Alley Resurfacing Menu,S KEDZIE AVE &  W 15TH ST&W 16TH ST &  S SAWYER AVE,54253.99,Alleys
24,2026,Alley Resurfacing Menu,S KEDZIE AVE &  W TAYLOR ST&W ARTHINGTON ST &  S ALBANY AVE,47448.1,Alleys
24,2026,Alley Resurfacing Menu,W 21ST ST &  S KEELER AVE&S KILDARE AVE &  W 21ST PL,46758.97,Alleys
24,2026,Alley Resurfacing Menu,W ARTHINGTON ST &  S PULASKI RD&S KARLOV AVE &  W TAYLOR ST,31762.72,Alleys
24,2026,Alley Resurfacing Menu,W CONGRESS PKWY &  S KILPATRICK AVE&S CICERO AVE &  W HARRISON ST,46723.0,Alleys
24,2026,Alley Resurfacing Menu,W FILLMORE ST &  S INDEPENDENCE BLVD&S CENTRAL PARK AVE &  W GRENSHAW ST,88978.37,Alleys
24,2026,Alley Resurfacing Menu,W LEXINGTON ST &  S KOSTNER AVE&S KILDARE AVE &  W FLOURNOY ST,39248.39,Alleys
24,2026,Alley Resurfacing Menu,W OGDEN AVE &  S ST LOUIS AVE&S TRUMBULL AVE &  W 21ST ST,62797.44,Alleys
24,2026,Alley Speed Hump Removal Menu,S KEDZIE AVE &  W TAYLOR ST&W ARTHINGTON ST &  S ALBANY AVE,0.0,Alleys
24,2026,Alley Speed Hump Replacement,S DRAKE AVE &  W 16TH ST&W 18TH ST &  S ST LOUIS AVE,0.0,Alleys
24,2026,Alley Speed Hump Replacement,S KEDZIE AVE &  W 15TH ST&W 16TH ST &  S SAWYER AVE,0.0,Alleys
24,2026,Alley Speed Hump Replacement,W 21ST ST &  S KEELER AVE&S KILDARE AVE &  W 21ST PL,0.0,Alleys
24,2026,Alley Speed Hump Replacement,W ARTHINGTON ST &  S PULASKI RD&S KARLOV AVE &  W TAYLOR ST,0.0,Alleys
24,2026,Alley Speed Hump Replacement,W CONGRESS PKWY &  S KILPATRICK AVE&S CICERO AVE &  W HARRISON ST,0.0,Alleys
24,2026,Alley Speed Hump Replacement,W FILLMORE ST &  S INDEPENDENCE BLVD&S CENTRAL PARK AVE &  W GRENSHAW ST,0.0,Alleys
24,2026,Alley Speed Hump Replacement,W LEXINGTON ST &  S KOSTNER AVE&S KILDARE AVE &  W FLOURNOY ST,0.0,Alleys
24,2026,Alley Speed Hump Replacement,W OGDEN AVE &  S ST LOUIS AVE&S TRUMBULL AVE &  W 21ST ST,0.0,Alleys
24,2026,Floodlight Menu,3058 W CERMAK RD,1150.0,Lighting
24,2026,Pavement Markings Menu,ON W FIFTH AVE FROM S KOSTNER AVE  (4400 W) TO S CICERO AVE  (4800 W),7500.0,Street Redesign
24,2026,Pavement Markings Menu,W ROOSEVELT RD &  S HOMAN AVE,500.0022,Street Redesign
24,2026,Sidewalk Menu,1301-1307 S HARDING AVE,19964.42,Sidewalk Repair
24,2026,Sidewalk Menu,1401-1411 S KEELER AVE,38825.54,Sidewalk Repair
24,2026,Sidewalk Menu,1428-1440 S KEDZIE AVE,47943.4,Sidewalk Repair
24,2026,Sidewalk Menu,701-719 S KEDZIE AVE,6557.26,Sidewalk Repair
24,2026,Sidewalk Menu,831 S KOLMAR AVE; ON S KOLMAR AVE FROM W FIFTH AVE  (900 S) TO W POLK ST  (800 S),47998.86,Sidewalk Repair
24,2026,Street Light Upgrade Menu,2215 S TROY ST,500.0,Lighting
24,2026,Street Light Upgrade Menu,3125 W CERMAK RD,500.0,Lighting
24,2026,Street Light Upgrade Menu,3301 W HARRISON ST,500.0,Lighting
24,2026,Street Resurfacing Menu,ON S AVERS AVE FROM W 19TH ST  (1900 S) TO W OGDEN AVE  (2130 S),81145.96,Street Resurfacing
24,2026,Street Resurfacing Menu,ON W ARTHINGTON ST FROM S INDEPENDENCE BLVD  (3799 W) TO S SPRINGFIELD AVE (3900 W),50793.82,Street Resurfacing
24,2026,Street Speed Hump Menu,4047 W 21ST ST,2650.0,Street Resurfacing
24,2026,Street Speed Hump Menu,ON W ARTHINGTON ST FROM S CICERO AVE  (4800 W) TO S LAVERGNE AVE  (5000 W),10600.0,Street Resurfacing
24,2026,Street Speed Hump Menu,ON W ARTHINGTON ST FROM S KILPATRICK AVE  (4700 W) TO S CICERO AVE  (4800 W),5300.0,Street Resurfacing
26,2026,Alley Resurfacing Menu,N TRIPP AVE &  W CORTLAND ST; 1801 N TRIPP AVE; N KEELER AVE &  W CORTLAND ST,32139.22,Alleys
26,2026,Alley Resurfacing Menu,W NORTH AVE &  N CALIFORNIA AVE&N MOZART ST &  W WABANSIA AVE,23006.88,Alleys
26,2026,Alley Resurfacing Menu,W WABANSIA AVE &  N SPRINGFIELD AVE&N AVERS AVE &  W NORTH AVE,42374.72,Alleys
26,2026,Alley Speed Hump Replacement,W NORTH AVE &  N CALIFORNIA AVE&N MOZART ST &  W WABANSIA AVE,0.0,Alleys
26,2026,Chicago Park District - Humboldt Park - Bench,W NORTH AVE &  N KEDZIE AVE&N CALIFORNIA AVE &  W AUGUSTA BLVD,12000.0,Parks
26,2026,Fitness course playground at Stowe Elementary,3444 W WABANSIA AVE,300000.0,Parks
26,2026,Sidewalk Menu,1800 N MOZART ST,25377.08,Sidewalk Repair
26,2026,Sidewalk Menu,1825 N TRIPP AVE,6038.06,Sidewalk Repair
26,2026,Sidewalk Menu,2021 N ST LOUIS AVE,28239.76,Sidewalk Repair
26,2026,Sidewalk Menu,2216 N LA CROSSE AVE,5805.6,Sidewalk Repair
26,2026,Sidewalk Menu,2517 W DIVISION ST,22757.48,Sidewalk Repair
26,2026,Sidewalk Menu,4025 W NORTH AVE,24068.46,Sidewalk Repair
26,2026,Sidewalk Menu,4620 W ARMITAGE AVE,26135.82,Sidewalk Repair
26,2026,Street Resurfacing Menu,ON N KENNETH AVE FROM W ARMITAGE AVE  (2000 N) TO W BELDEN AVE  (2300 N),182952.67,Street Resurfacing
26,2026,Street Resurfacing Menu,ON N KILBOURN AVE FROM W PALMER ST  (2200 N) TO W BELDEN AVE  (2300 N),59382.36,Street Resurfacing
26,2026,Street Resurfacing Menu,ON W HIRSCH ST FROM N AVERS AVE  (3840 W) TO N HARDING AVE  (3930 W),31243.44,Street Resurfacing
26,2026,Street Resurfacing Menu,ON W PALMER ST FROM N LA CROSSE AVE  (4830 W) TO N LAMON AVE  (4900 W),50858.54,Street Resurfacing
26,2026,Street Speed Hump Menu,ON N ROCKWELL ST FROM W POTOMAC AVE  (1300 N) TO W EVERGREEN AVE  (1330 N),2650.0,Street Resurfacing
26,2026,Street Speed Hump Menu,ON W BLOOMINGDALE AVE FROM N HUMBOLDT BLVD E (3000 W) TO N WHIPPLE ST  (3030 W),2650.0,Street Resurfacing
26,2026,Street Speed Hump Replacement,ON N KENNETH AVE FROM W ARMITAGE AVE  (2000 N) TO W BELDEN AVE  (2300 N),0.0,Street Resurfacing
26,2026,Street Speed Hump Replacement,ON N KILBOURN AVE FROM W PALMER ST  (2200 N) TO W BELDEN AVE  (2300 N),0.0024,Street Resurfacing
27,2026,Alley Speed Hump Menu,W MADISON ST &  S LEAVITT ST&S HOYNE AVE &  W MONROE ST,1600.0,Alleys
27,2026,Street Light Upgrade Menu,653 W GRAND AVE,500.0,Lighting
27,2026,Street Resurfacing Menu,ON N SAWYER AVE FROM W FRANKLIN BLVD N (500 N) TO W HURON ST  (700 N),70382.98,Street Resurfacing
29,2026,Alley Resurfacing Menu,1111 N MONITOR AVE; N MONITOR AVE &  W THOMAS ST&W DIVISION ST &  N MENARD AVE,48624.55,Alleys
29,2026,Alley Resurfacing Menu,1734 N NARRAGANSETT AVE; N NAGLE AVE &  W WABANSIA AVE&W BLOOMINGDALE AVE & N NARRAGANSETT AVE,37157.75,Alleys
29,2026,Alley Resurfacing Menu,N MASON AVE &  W DIVISION ST&W THOMAS ST &  N MAYFIELD AVE,23805.28,Alleys
29,2026,Alley Resurfacing Menu,N MAYFIELD AVE &  W HIRSCH ST&W POTOMAC AVE &  N MASON AVE,42649.71,Alleys
29,2026,Alley Resurfacing Menu,N PARKSIDE AVE &  W NORTH AVE&W WABANSIA AVE &  N MAJOR AVE,60288.18,Alleys
29,2026,Alley Resurfacing Menu,W CHICAGO AVE &  N AUSTIN BLVD&W RICE ST &  N MAYFIELD AVE,36026.69,Alleys
29,2026,Alley Resurfacing Menu,W JACKSON BLVD &  S CENTRAL AVE&S LOTUS AVE &  W QUINCY ST,34323.57,Alleys
29,2026,Alley Resurfacing Menu,W QUINCY ST &  S LOCKWOOD AVE&S LARAMIE AVE &  W ADAMS ST,66244.2,Alleys
29,2026,Alley Resurfacing Menu,W RACE AVE &  N WALLER AVE&N MENARD AVE &  W OHIO ST,27114.55,Alleys
29,2026,Alley Resurfacing Menu,W VAN BUREN ST &  S LARAMIE AVE&S LOCKWOOD AVE &  W CONGRESS PKWY,36110.99,Alleys
29,2026,Alley Speed Hump Replacement,1111 N MONITOR AVE; N MONITOR AVE &  W THOMAS ST&W DIVISION ST &  N MENARD AVE,0.0,Alleys
29,2026,Alley Speed Hump Replacement,N MASON AVE &  W DIVISION ST&W THOMAS ST &  N MAYFIELD AVE,0.0,Alleys
29,2026,Alley Speed Hump Replacement,N PARKSIDE AVE &  W NORTH AVE&W WABANSIA AVE &  N MAJOR AVE,0.0,Alleys
29,2026,Alley Speed Hump Replacement,W CHICAGO AVE &  N AUSTIN BLVD&W RICE ST &  N MAYFIELD AVE,0.0,Alleys
29,2026,Alley Speed Hump Replacement,W JACKSON BLVD &  S CENTRAL AVE&S LOTUS AVE &  W QUINCY ST,0.0,Alleys
29,2026,Alley Speed Hump Replacement,W QUINCY ST &  S LOCKWOOD AVE&S LARAMIE AVE &  W ADAMS ST,0.0,Alleys
29,2026,Alley Speed Hump Replacement,W RACE AVE &  N WALLER AVE&N MENARD AVE &  W OHIO ST,0.0,Alleys
29,2026,Alley Speed Hump Replacement,W VAN BUREN ST &  S LARAMIE AVE&S LOCKWOOD AVE &  W CONGRESS PKWY,0.0,Alleys
29,2026,Pavement Markings Menu,ON W BELMONT AVE FROM N HARLEM AVE  (7200 W) TO N ORIOLE AVE  (7600 W),7500.0,Street Redesign
29,2026,Street Resurfacing Menu,ON N MERRIMAC AVE FROM W NORTH AVE  (1600 N) TO W WABANSIA AVE  (1700 N),59545.59,Street Resurfacing
29,2026,Street Resurfacing Menu,ON N MOBILE AVE FROM W NORTH AVE  (1600 N) TO W WABANSIA AVE  (1700 N),62198.39,Street Resurfacing
29,2026,Street Resurfacing Menu,ON N MONT CLARE AVE FROM W DIVERSEY AVE  (2800 N) TO W GEORGE ST  (2900 N),61456.6827,Street Resurfacing
29,2026,Street Resurfacing Menu,ON N NEW ENGLAND AVE FROM W BLOOMINGDALE AVE  (1800 N) TO W CORTLAND ST  (1900 N),61456.68,Street Resurfacing
29,2026,Street Resurfacing Menu,ON N OCTAVIA AVE FROM W BELMONT AVE  (3200 N) TO W SCHOOL ST  (3300 N),24369.36,Street Resurfacing
29,2026,Street Resurfacing Menu,ON W ALTGELD ST FROM N NORDICA AVE  (7100 W) TO N MONT CLARE AVE  (7130 W),43976.86,Street Resurfacing
29,2026,Street Resurfacing Menu,ON W MONROE ST FROM S LOCKWOOD AVE  (5300 W) TO S LOTUS AVE  (5500 W),125578.0,Street Resurfacing
29,2026,Street Speed Hump Replacement,ON N MOBILE AVE FROM W NORTH AVE  (1600 N) TO W WABANSIA AVE  (1700 N),0.0,Street Resurfacing
29,2026,Street Speed Hump Replacement,ON N OCTAVIA AVE FROM W BELMONT AVE  (3200 N) TO W SCHOOL ST  (3300 N),0.0,Street Resurfacing
29,2026,Street Speed Hump Replacement,ON W MONROE ST FROM S LOCKWOOD AVE  (5300 W) TO S LOTUS AVE  (5500 W),0.0,Street Resurfacing
31,2026,Alley Apron Menu,ON N KILBOURN AVE FROM W SCHUBERT AVE  (2700 N) TO W PARKER AVE  (2740 N); 2710 N KILBOURN AVE,46940.4,Alleys
31,2026,Alley Resurfacing Menu,N LINDER AVE &  W BARRY AVE&W BELMONT AVE &  N LOTUS AVE; 3143 N LINDER AVE,45244.94,Alleys
31,2026,Alley Resurfacing Menu,N LOTUS AVE &  W GEORGE ST&W WELLINGTON AVE &  N LINDER AVE; 2900 N LOTUS AVE,40201.44,Alleys
31,2026,Alley Speed Hump Replacement,N LINDER AVE &  W BARRY AVE&W BELMONT AVE &  N LOTUS AVE; 3143 N LINDER AVE,0.0,Alleys
31,2026,Alley Speed Hump Replacement,N LOTUS AVE &  W GEORGE ST&W WELLINGTON AVE &  N LINDER AVE; 2900 N LOTUS AVE,0.0,Alleys
31,2026,Curb & Gutter Menu,3123 N PARKSIDE AVE,11340.39,Street Resurfacing
31,2026,Sidewalk Menu,ON N DAVLIN CT FROM W WELLINGTON AVE  (3000 N) TO W BARRY AVE  (3060 N); 3015-3053 N DAVLIN CT; 3002-3052 N DAVLIN CT,78908.85,Sidewalk Repair
31,2026,Street Light Upgrade Menu,5145 W ALTGELD ST; 5147 W ALTGELD ST,1000.0,Lighting
31,2026,Street Resurfacing Menu,ON N KILPATRICK AVE FROM W WELLINGTON AVE  (3000 N) TO W BARRY AVE  (3100 N); 3000-3100 N KILPATRICK AVE,16799.1,Street Resurfacing
31,2026,Street Resurfacing Menu,ON N LONG AVE FROM W OAKDALE AVE  (2930 N) TO W NELSON ST  (3030 N),55740.45,Street Resurfacing
32,2026,Arterial Street Bump Outs Menu,N ASHLAND AVE &  W WRIGHTWOOD AVE,120000.0,Pedestrian Infrastructure
32,2026,Improvements to South Lakeview Park playlot,1300 W WOLFRAM ST,50000.0,Parks
32,2026,LED Traffic Signal Upgrades & Pedestrian Countdown Signal,N RACINE AVE &  W BELMONT AVE,17660.21,Pedestrian Infrastructure
32,2026,LED Traffic Signal Upgrades & Pedestrian Countdown Signal,N SOUTHPORT AVE &  W BELMONT AVE,17169.08,Pedestrian Infrastructure
32,2026,Street Bump Outs Menu,N PAULINA ST &  W BARRY AVE,69724.29,Pedestrian Infrastructure
33,2026,Alley Apron Menu,3100 W MONTROSE AVE,61572.72,Alleys
34,2026,Miscellaneous CDOT Projects,S CARPENTER ST &  W TAYLOR ST,38302.3,Misc. CDOT
35,2026,Alley Resurfacing Menu,W BELDEN AVE &  N KEYSTONE AVE&N KARLOV AVE &  W FULLERTON AVE,24567.75,Alleys
35,2026,Alley Speed Hump Replacement,W BELDEN AVE &  N KEYSTONE AVE&N KARLOV AVE &  W FULLERTON AVE,0.0,Alleys
35,2026,Curb & Gutter Menu,2448 N SAWYER AVE,5261.33,Street Resurfacing
35,2026,Curb & Gutter Menu,3344-3346 W WAVELAND AVE,27770.53,Street Resurfacing
35,2026,"In-Road ""State Law Stop For Pedestrians"" Sign Menu",3146 N ELSTON AVE; N ELSTON AVE &  W FLETCHER ST,600.0,Pedestrian Infrastructure
35,2026,"In-Road ""State Law Stop For Pedestrians"" Sign Menu",N DRAKE AVE &  N ELSTON AVE,600.0,Pedestrian Infrastructure
35,2026,"In-Road ""State Law Stop For Pedestrians"" Sign Menu",N ST LOUIS AVE &  N ELSTON AVE,600.0,Pedestrian Infrastructure
35,2026,Pavement Markings Menu,W BARRY AVE &  N KEDZIE AVE,1000.0,Street Redesign
35,2026,Sidewalk Menu,2430 N MONTICELLO AVE,3318.32,Sidewalk Repair
35,2026,Sidewalk Menu,N SACRAMENTO AVE &  W WELLINGTON AVE,57265.4,Sidewalk Repair
35,2026,Viaduct Improvement Menu,ON N KIMBALL AVE FROM W MELROSE ST  (3230 N) TO N AVONDALE AVE  (3400 N),54278.74,Viaducts
36,2026,Alley Resurfacing Menu,W CHICAGO AVE &  N OAKLEY BLVD&N LEAVITT ST &  W SUPERIOR ST,37659.4,Alleys
36,2026,Alley Speed Hump Replacement,W CHICAGO AVE &  N OAKLEY BLVD&N LEAVITT ST &  W SUPERIOR ST,0.0,Alleys
37,2026,Alley Speed Hump Replacement,W HIRSCH ST &  N LATROBE AVE&N LOCKWOOD AVE &  W KAMERLING AVE,0.0,Alleys
40,2026,Alley Speed Hump Menu,N TALMAN AVE &  W LAWRENCE AVE&W LELAND AVE &  N WASHTENAW AVE,800.0,Alleys
40,2026,Chappell Elementary School - Playground Improvements,2135 W FOSTER AVE,180000.0,Parks
40,2026,Miscellaneous CDOT Projects,W CATALPA AVE &  N WESTERN AVE,4500.0,Misc. CDOT
40,2026,Miscellaneous CDOT Projects,W FOSTER AVE &  N PAULINA ST,14577.59,Misc. CDOT
40,2026,Pavement Markings Menu,W FOSTER AVE &  N CALIFORNIA AVE,1250.0,Street Redesign
40,2026,Speed Indicator Signs,W DEVON AVE &  N RAVENSWOOD AVE,3305.81,Traffic Signals
40,2026,Street Bump Outs Menu,N WASHTENAW AVE &  W LELAND AVE,9416.05,Pedestrian Infrastructure
40,2026,Street Speed Hump Menu,ON N TALMAN AVE FROM W GLENLAKE AVE  (6100 N) TO W GRANVILLE AVE  (6200 N),5300.0,Street Resurfacing
40,2026,Street Speed Hump Menu,ON N VIRGINIA AVE FROM W LELAND AVE  (4700 N) TO W LAWRENCE AVE  (4800 N),5300.0,Street Resurfacing
40,2026,Street Speed Hump Menu,ON N WASHTENAW AVE FROM W LELAND AVE  (4700 N) TO W LAWRENCE AVE  (4800 N),5300.0,Street Resurfacing
40,2026,Street Speed Hump Menu,ON W CATALPA AVE FROM N WESTERN AVE  (2400 W) TO N LINCOLN AVE  (2530 W),7950.0,Street Resurfacing
40,2026,Street Traffic Circle Menu,N CAMPBELL AVE &  W GLENLAKE AVE,4767.79,Street Redesign
41,2026,Alley Resurfacing Menu,N NICKERSON AVE &  N WEST CIRCLE AVE&N NINA AVE &  N WEST CIRCLE AVE,95645.83,Alleys
41,2026,Street Resurfacing Menu,ON N DELPHIA AVE FROM 5030 N TO W ARGYLE ST  (5000 N),42150.32,Street Resurfacing
41,2026,Street Resurfacing Menu,ON N NEENAH AVE FROM W ARGYLE ST  (5000 N) TO W STRONG ST  (4900 N),60324.76,Street Resurfacing
41,2026,Street Resurfacing Menu,ON N NEVA AVE FROM W THORNDALE AVE  (5900 N) TO W HOOD AVE  (6100 N),128561.4,Street Resurfacing
41,2026,Street Resurfacing Menu,ON N NORDICA AVE FROM W TALCOTT AVE  (5699 N) TO W BRYN MAWR AVE  (5600 N),29807.1,Street Resurfacing
41,2026,Street Resurfacing Menu,ON N NOTTINGHAM AVE FROM W TALCOTT AVE  (5699 N) TO W BRYN MAWR AVE  (5600 N),47495.36,Street Resurfacing
41,2026,Street Resurfacing Menu,ON N OCTAVIA AVE FROM W TOUHY AVE  (7200 N) TO W CHASE AVE  (7300 N),58749.25,Street Resurfacing
41,2026,Street Resurfacing Menu,ON N OLCOTT AVE FROM W CHASE AVE  (7300 N) TO W TOUHY AVE  (7200 N),64605.75,Street Resurfacing
41,2026,Street Resurfacing Menu,ON N OSCEOLA AVE FROM W IBSEN ST  (6900 N) TO W TOUHY AVE  (7200 N),108351.99,Street Resurfacing
41,2026,Street Resurfacing Menu,ON W ARDMORE AVE FROM N NEW HAMPSHIRE AVE  (6830 W) TO N EAST CIRCLE AVE  (6900 W),11435.21,Street Resurfacing
41,2026,Street Resurfacing Menu,ON W ARGYLE ST FROM N CUMBERLAND AVE  (8400 W) TO N DELPHIA AVE  (8600 W),68226.02,Street Resurfacing
41,2026,Street Resurfacing Menu,ON W GREGORY ST FROM N OCTAVIA AVE  (7300 W) TO W BRYN MAWR AVE  (7500 W),191213.47,Street Resurfacing
41,2026,Street Resurfacing Menu,ON W IMLAY ST FROM N MILWAUKEE AVE  (6500 W) TO N NASHVILLE AVE  (6530 W),26462.17,Street Resurfacing
41,2026,Street Speed Hump Replacement,ON N NEVA AVE FROM W THORNDALE AVE  (5900 N) TO W HOOD AVE  (6100 N),0.0,Street Resurfacing
41,2026,Street Speed Hump Replacement,ON N OCONTO AVE FROM W TOUHY AVE  (7200 N) TO W CHASE AVE  (7300 N),0.0,Street Resurfacing
41,2026,Street Speed Hump Replacement,ON W GREGORY ST FROM N OCTAVIA AVE  (7300 W) TO W BRYN MAWR AVE  (7500 W),0.0,Street Resurfacing
42,2026,Street Bump Outs Menu,N HUDSON AVE &  W ERIE ST,30000.0,Pedestrian Infrastructure
42,2026,Street Bump Outs Menu,N HUDSON AVE &  W HURON ST,30000.0,Pedestrian Infrastructure
42,2026,Street Bump Outs Menu,N HUDSON AVE &  W SUPERIOR ST,30000.0,Pedestrian Infrastructure
42,2026,Street Speed Hump Menu,ON N HUDSON AVE FROM W ERIE ST  (660 N) TO W CHICAGO AVE  (800 N),7950.0,Street Resurfacing
43,2026,Arterial Street Bump Outs Menu,N CLYBOURN AVE &  N KENMORE AVE,95304.5,Pedestrian Infrastructure
43,2026,Arterial Street Bump Outs Menu,N HALSTED ST &  W DICKENS AVE,4586.53,Pedestrian Infrastructure
43,2026,Arterial Street Bump Outs Menu,N LINCOLN AVE &  W ALTGELD ST,140000.0,Pedestrian Infrastructure
43,2026,Curb & Gutter Menu,237 W MENOMONEE ST,8352.04,Street Resurfacing
43,2026,Curb & Gutter Menu,444 W HURON ST,7975.62,Street Resurfacing
43,2026,Curb & Gutter Menu,N ORCHARD ST &  W DRUMMOND PL,130000.0,Street Resurfacing
43,2026,Miscellaneous CDOT Projects,1900 N MOHAWK ST,660.0,Misc. CDOT
43,2026,Pavement Markings Menu,ON W FULLERTON PKWY FROM N HALSTED ST  (800 W) TO N CLARK ST  (430 W),7500.0,Street Redesign
43,2026,Renovation of the Garibaldi Plinth monument,1520 W POLK ST,50000.0,Misc.
43,2026,Speed Indicator Signs,N CLYBOURN AVE &  N KENMORE AVE,19000.0,Traffic Signals
43,2026,Street Cul-de-Sac Menu,N LINCOLN AVE &  N SEMINARY AVE; N LINCOLN AVE &  W SCHUBERT AVE,60000.0,Street Redesign
43,2026,Street Light Upgrade Menu,N LINCOLN AVE &  N SEMINARY AVE; N LINCOLN AVE &  W SCHUBERT AVE,30000.0,Lighting
43,2026,Street Resurfacing Menu,ON N DAYTON ST FROM W WISCONSIN ST  (1900 N) TO W ARMITAGE AVE  (2000 N),83806.47,Street Resurfacing
43,2026,Street Resurfacing Menu,ON N LEHMANN CT FROM W DRUMMOND PL  (2700 N) TO W DIVERSEY PKWY  (2800 N),49546.34,Street Resurfacing
44,2026,Alley Apron Menu,1142 W CORNELIA AVE,24838.17,Alleys
44,2026,Alley Apron Menu,1347 W MELROSE ST,34035.46,Alleys
44,2026,Alley Apron Menu,815 W BUCKINGHAM PL,24489.66,Alleys
44,2026,LED Traffic Signal Upgrades & Pedestrian Countdown Signal,N RACINE AVE &  W BELMONT AVE,13660.21,Pedestrian Infrastructure
44,2026,LED Traffic Signal Upgrades & Pedestrian Countdown Signal,N SOUTHPORT AVE &  W BELMONT AVE,17169.07,Pedestrian Infrastructure
44,2026,Street Bump Outs Menu,N SEMINARY AVE &  W CORNELIA AVE,16883.79,Pedestrian Infrastructure
44,2026,Street Bump Outs Menu,W OAKDALE AVE &  N LAKE SHORE DR,6382.03,Pedestrian Infrastructure
44,2026,Street Light Residential Staggered Piggy Back Menu,ON N SOUTHPORT AVE FROM W HENDERSON ST  (3331 N) TO W GRACE ST  (3801 N),187468.93,Lighting
44,2026,Street Resurfacing Menu,ON N CLIFTON AVE FROM W WAVELAND AVE  (3700 N) TO W GRACE ST  (3800 N),68733.51,Street Resurfacing
44,2026,Street Resurfacing Menu,ON N FREMONT ST FROM W ADDISON ST  (3600 N) TO W WAVELAND AVE  (3700 N),67815.78,Street Resurfacing
44,2026,Street Resurfacing Menu,ON W BUCKINGHAM PL FROM N BROADWAY  (600 W) TO N HALSTED ST  (800 W),122039.67,Street Resurfacing
44,2026,Street Speed Hump Replacement,ON N FREMONT ST FROM W ADDISON ST  (3600 N) TO W WAVELAND AVE  (3700 N),0.0,Street Resurfacing
45,2026,Alley Resurfacing Menu,W CATALPA AVE &  N LOVEJOY AVE&N PARKSIDE AVE &  W CATALPA AVE,16488.56,Alleys
45,2026,Pavement Markings Menu,W BRYN MAWR AVE &  N AVONDALE AVE,1100.0,Street Redesign
45,2026,Street Resurfacing Menu,ON N AVONDALE AVE FROM W FOSTER AVE  (5200 N) TO W BERWYN AVE  (5340 N),164945.0,Street Resurfacing
45,2026,Street Resurfacing Menu,ON N AVONDALE AVE FROM W LAWRENCE AVE  (4800 N) TO W AINSLIE ST  (4900 N),77662.29,Street Resurfacing
45,2026,Street Resurfacing Menu,ON N KENNETH AVE FROM W IRVING PARK RD  (4000 N) TO W BERTEAU AVE  (4200 N),127295.49,Street Resurfacing
45,2026,Street Resurfacing Menu,ON N LARAMIE AVE FROM N MILWAUKEE AVE  (4628 N) TO W LELAND AVE  (4700 N),47320.09,Street Resurfacing
45,2026,Street Resurfacing Menu,ON N MEADE AVE FROM W HIGGINS AVE  (5099 N) TO W FOSTER AVE  (5200 N),58409.21,Street Resurfacing
45,2026,Street Resurfacing Menu,ON N MERRIMAC AVE FROM W ESTES AVE  (7100 N) TO W TOUHY AVE  (7200 N),70579.8,Street Resurfacing
45,2026,Street Resurfacing Menu,ON N MOODY AVE FROM W GUNNISON ST  (4832 N) TO W ARGYLE ST  (5000 N),118172.03,Street Resurfacing
45,2026,Street Resurfacing Menu,ON N NEENAH AVE FROM W PALATINE AVE  (6300 N) TO W DEVON AVE  (6400 N),73039.36,Street Resurfacing
45,2026,Street Resurfacing Menu,ON N TONTY AVE FROM N CALDWELL AVE  (6800 N) TO N HIAWATHA AVE  (6900 N),160270.43,Street Resurfacing
45,2026,Street Resurfacing Menu,ON N WILDWOOD AVE FROM N CALDWELL AVE  (6730 N) TO N LEHIGH AVE  (6938 N),281647.8,Street Resurfacing
45,2026,Street Resurfacing Menu,ON W EASTWOOD AVE FROM N AUSTIN AVE  (6000 W) TO N MEADE AVE  (6100 W),32513.55,Street Resurfacing
45,2026,Street Resurfacing Menu,ON W FARRAGUT AVE FROM N LUNA AVE  (5544 W) TO N CENTRAL AVE  (5600 W),37786.8,Street Resurfacing
45,2026,Street Resurfacing Menu,ON W GIDDINGS ST FROM N MILWAUKEE AVE  (5300 W) TO N LONDON AVE  (5350 W),34274.78,Street Resurfacing
45,2026,Street Resurfacing Menu,ON W IMLAY ST FROM N MILWAUKEE AVE  (6500 W) TO N NASHVILLE AVE  (6530 W),30088.58,Street Resurfacing
45,2026,Street Resurfacing Menu,ON W THORNDALE AVE FROM W ROSEDALE AVE  (6130 W) TO N MELVINA AVE  (6200 W),56555.16,Street Resurfacing
45,2026,Street Speed Hump Menu,ON N KOLMAR AVE FROM W IRVING PARK RD  (4000 N) TO W BERTEAU AVE  (4200 N),5300.0,Street Resurfacing
45,2026,Street Speed Hump Menu,ON N LOLETA AVE FROM N HIAWATHA AVE  (6800 N) TO N LEHIGH AVE  (6833 N),2650.0,Street Resurfacing
45,2026,Street Speed Hump Menu,ON W FARRAGUT AVE FROM N LUNA AVE  (5544 W) TO N CENTRAL AVE  (5600 W),0.0,Street Resurfacing
45,2026,Street Speed Hump Replacement,ON N KENNETH AVE FROM W IRVING PARK RD  (4000 N) TO W BERTEAU AVE  (4200 N),0.0,Street Resurfacing
45,2026,Street Speed Hump Replacement,ON W EASTWOOD AVE FROM N AUSTIN AVE  (6000 W) TO N MEADE AVE  (6100 W),0.0041,Street Resurfacing
46,2026,Sidewalk Menu,4018 N SHERIDAN RD,2783.33,Sidewalk Repair
46,2026,Sidewalk Menu,4247 N BROADWAY,62721.24,Sidewalk Repair
46,2026,Sidewalk Menu,4436 N CLIFTON AVE,78656.21,Sidewalk Repair
46,2026,Sidewalk Menu,4555 N MALDEN ST,24337.74,Sidewalk Repair
46,2026,Sidewalk Menu,4615-4623 N MALDEN ST; 4631-4643 N MALDEN ST,49511.33,Sidewalk Repair
46,2026,Sidewalk Menu,4701-4703 N MAGNOLIA AVE; 4735-4741 N MAGNOLIA AVE; 4726 N MAGNOLIA AVE; 4723-4727 N MAGNOLIA AVE,59609.41,Sidewalk Repair
46,2026,Sidewalk Menu,4701-4707 N BEACON ST,25954.1,Sidewalk Repair
46,2026,Sidewalk Menu,4720-4732 N RACINE AVE,21546.98,Sidewalk Repair
46,2026,Sidewalk Menu,711-719 W MONTROSE AVE,20970.08,Sidewalk Repair
46,2026,Sidewalk Menu,902 W BELLE PLAINE AVE,53743.35,Sidewalk Repair
46,2026,Sidewalk Menu,927-929 W EASTWOOD AVE,17439.22,Sidewalk Repair
46,2026,Sidewalk Menu,N SHERIDAN RD &  W IRVING PARK RD,224296.09,Sidewalk Repair
46,2026,Sidewalk Menu,W GRACE ST &  N PINE GROVE AVE,21974.37,Sidewalk Repair
47,2026,Alley Speed Hump Menu,W BELLE PLAINE AVE &  N RAVENSWOOD AVE&N WOLCOTT AVE &  W WARNER AVE,1600.0,Alleys
47,2026,Installation of new barrier netting around the playground behind Lake View High School,4015 N ASHLAND AVE,7053.0,Parks
47,2026,Miscellaneous CDOT Projects,W IRVING PARK RD &  N RAVENSWOOD AVE W,5000.0,Misc. CDOT
47,2026,Miscellaneous CDOT Projects,W LAWRENCE AVE &  N CLAREMONT AVE,10000.0,Misc. CDOT
47,2026,Pavement Markings Menu,W IRVING PARK RD &  N RAVENSWOOD AVE W,7000.0,Street Redesign
47,2026,Pavement Markings Menu,W IRVING PARK RD &  N SOUTHPORT AVE,800.0,Street Redesign
47,2026,Pavement Markings Menu,W WILSON AVE &  N CLAREMONT AVE,2600.0,Street Redesign
47,2026,Speed Indicator Signs,2301 W IRVING PARK RD,5000.0,Traffic Signals
47,2026,Street Light Upgrade Menu,4259 N LINCOLN AVE,500.0,Lighting
47,2026,Street Light Upgrade Menu,5000 N HERMITAGE AVE,500.0,Lighting
47,2026,Street Resurfacing Menu,ON N HERMITAGE AVE FROM W LAWRENCE AVE  (4800 N) TO W AINSLIE ST  (4900 N),110765.38,Street Resurfacing
47,2026,Street Resurfacing Menu,ON W LARCHMONT AVE FROM N WOLCOTT AVE  (1900 W) TO N LINCOLN AVE  (1940 W),45030.4,Street Resurfacing
47,2026,Street Speed Hump Menu,ON N SEELEY AVE FROM W BYRON ST  (3900 N) TO W IRVING PARK RD  (4000 N),5300.0,Street Resurfacing
47,2026,Street Speed Hump Menu,ON W BELLE PLAINE AVE FROM N WESTERN AVE  (2400 W) TO N CAMPBELL AVE  (2500 W),2650.0,Street Resurfacing
47,2026,Street Speed Hump Menu,ON W CARMEN AVE FROM N GLENWOOD AVE  (1400 W) TO N CLARK ST  (1500 W),7950.0,Street Resurfacing
47,2026,Street Speed Hump Menu,ON W WARNER AVE FROM N RAVENSWOOD AVE  (1800 W) TO N WOLCOTT AVE  (1900 W),5300.0,Street Resurfacing
47,2026,Street Speed Hump Menu,ON W WARNER AVE FROM N SOUTHPORT AVE  (1400 W) TO N GREENVIEW AVE  (1500 W),7950.0,Street Resurfacing
47,2026,Street Speed Hump Replacement,ON W LARCHMONT AVE FROM N WOLCOTT AVE  (1900 W) TO N LINCOLN AVE  (1940 W),0.0,Street Resurfacing
47,2026,Street Traffic Circle Menu,W MONTROSE AVE &  N GREENVIEW AVE,700.0044,Street Redesign
48,2026,Alley Apron Menu,1341 W CATALPA AVE,30398.39,Alleys
48,2026,Alley Apron Menu,1349 W BERWYN AVE,32840.81,Alleys
48,2026,Alley Resurfacing Menu,N CLARK ST &  W OLIVE AVE&W HOLLYWOOD AVE &  N GLENWOOD AVE,26822.34,Alleys
48,2026,Alley Resurfacing Menu,N MARINE DR &  W AINSLIE ST&W MARGATE TER &  N MCCUTCHEON TER,34785.98,Alleys
48,2026,Alley Resurfacing Menu,N SHERIDAN RD &  W WINONA ST&W ARGYLE ST &  N KENMORE AVE,31623.62,Alleys
48,2026,Alley Speed Hump Replacement,N CLARK ST &  W OLIVE AVE&W HOLLYWOOD AVE &  N GLENWOOD AVE,0.0,Alleys
48,2026,CPS - Gym Improvements - Swift Elementary School,5900 N WINTHROP AVE,8700.0,Schools
48,2026,Curb & Gutter Menu,5000 N MARINE DR,14520.2,Street Resurfacing
48,2026,Miscellaneous CDOT Projects,N CLARK ST &  W VICTORIA ST,4800.0,Misc. CDOT
48,2026,Miscellaneous CDOT Projects,ON W ARGYLE ST FROM N SHERIDAN RD  (1000 W) TO N BROADWAY  (1200 W),67313.21,Misc. CDOT
48,2026,Miscellaneous CDOT Projects,W BRYN MAWR AVE &  N RIDGE AVE,8400.0,Misc. CDOT
48,2026,Pavement Markings Menu,5917 N BROADWAY; N BROADWAY &  W THORNDALE AVE,2000.0,Street Redesign
48,2026,Sidewalk Menu,5459 N LAKEWOOD AVE,14828.18,Sidewalk Repair
48,2026,Sidewalk Menu,5515 N WAYNE AVE,6829.25,Sidewalk Repair
48,2026,Street Speed Hump Menu,1300 W GLENLAKE AVE,2650.0,Street Resurfacing
48,2026,Street Speed Hump Menu,ON N LAKEWOOD AVE FROM W CATALPA AVE  (5500 N) TO W BRYN MAWR AVE  (5600 N),5300.0,Street Resurfacing
48,2026,Ward 48 - Goudy Elementary School - 5120 N Winthrop,5120 N WINTHROP AVE,100000.0,Schools
49,2026,Installation of nature play area,6700 N GREENVIEW AVE,200000.0,Misc.
50,2026,Street Light Residential Staggered Piggy Back Menu,ON N MAPLEWOOD AVE FROM W DEVON AVE  (6400 N) TO W ALBION AVE  (6600 N),370000.0,Lighting
